event_id,created_at,game_id,session_id,theme,id,correct,response_ms,points_delta,score_before,score_after,prompt_kind,answer_kind,metadata_json
9b68a79d-e2b7-448f-a295-b2a509c8875f,2026-05-25T13:13:15.542Z,matching,matching-20260525131304645-27e686,normal,ko-0060,1,1,34,250,284,korean,english,"{""selected_id"":""ko-0060"",""board_id"":""929e59e4-5c4d-448b-8da7-0fa6e3032261"",""challenge_id"":""""}"
5f10660b-c0ef-4348-b0fb-d190f2835991,2026-05-25T13:13:19.598Z,matching,matching-20260525131304645-27e686,normal,ko-0194,1,1887,28,250,278,korean,english,"{""selected_id"":""ko-0194"",""board_id"":""929e59e4-5c4d-448b-8da7-0fa6e3032261"",""challenge_id"":""""}"
7b4e03d7-4388-4f7e-80b9-502491bb41b0,2026-05-25T13:13:27.895Z,matching,matching-20260525131304645-27e686,normal,ko-0427,1,7085,9,250,259,korean,english,"{""selected_id"":""ko-0427"",""board_id"":""929e59e4-5c4d-448b-8da7-0fa6e3032261"",""challenge_id"":""""}"
06204d1c-08b8-4814-9e2e-5c662679db3e,2026-05-25T13:13:39.080Z,matching,matching-20260525131304645-27e686,normal,ko-0262,1,1987,28,250,278,korean,english,"{""selected_id"":""ko-0262"",""board_id"":""1bc5b22d-da1b-43ff-86da-b57bb13494c5"",""challenge_id"":""""}"
757e2359-6798-4224-9304-2361444e894c,2026-05-25T13:13:43.354Z,matching,matching-20260525131304645-27e686,normal,ko-0300,1,3105,24,250,274,korean,english,"{""selected_id"":""ko-0300"",""board_id"":""1bc5b22d-da1b-43ff-86da-b57bb13494c5"",""challenge_id"":""""}"
256a0eb4-4531-4ca1-b518-7f9df3f1917d,2026-05-25T13:13:48.712Z,matching,matching-20260525131304645-27e686,normal,ko-0081,1,3938,21,250,271,korean,english,"{""selected_id"":""ko-0081"",""board_id"":""1bc5b22d-da1b-43ff-86da-b57bb13494c5"",""challenge_id"":""""}"
9c31ace8-0b19-4878-8e26-d614ce1c2dfd,2026-05-25T13:13:58.471Z,matching,matching-20260525131304645-27e686,normal,ko-0490,0,8877,-20,250,230,korean,english,"{""selected_id"":""ko-0452"",""board_id"":""daf05384-33ed-45cf-ae8f-721c39a2b506"",""challenge_id"":""""}"
83c4a416-ade1-4d03-ab8b-2d85448aebbb,2026-05-25T13:14:06.645Z,matching,matching-20260525131304645-27e686,normal,ko-0490,0,5981,-20,230,210,korean,english,"{""selected_id"":""ko-0441"",""board_id"":""daf05384-33ed-45cf-ae8f-721c39a2b506"",""challenge_id"":""""}"
89aecb26-2046-4698-ac65-75cbbb933eba,2026-05-25T13:14:08.382Z,matching,matching-20260525131304645-27e686,normal,ko-0490,0,420,-20,210,190,korean,english,"{""selected_id"":""ko-0188"",""board_id"":""daf05384-33ed-45cf-ae8f-721c39a2b506"",""challenge_id"":""""}"
b954ae2c-feaa-45a0-9815-cecdb8f1b2f9,2026-05-25T13:14:54.186Z,matching,matching-20260525131304645-27e686,group,ko-0490,1,44505,6,190,196,korean,group,"{""selected_id"":""ko-0490"",""board_id"":""daf05384-33ed-45cf-ae8f-721c39a2b506"",""challenge_id"":""""}"
e2806b57-209b-42e1-85af-9f1ad6b86b5f,2026-05-25T13:14:57.260Z,matching,matching-20260525131304645-27e686,group,ko-0188,1,1428,30,250,280,korean,group,"{""selected_id"":""ko-0188"",""board_id"":""daf05384-33ed-45cf-ae8f-721c39a2b506"",""challenge_id"":""""}"
7d38d549-5774-4cda-b934-92a258684930,2026-05-25T13:15:05.361Z,matching,matching-20260525131304645-27e686,group,ko-0107,1,0,34,250,284,korean,group,"{""selected_id"":""ko-0107"",""board_id"":""daf05384-33ed-45cf-ae8f-721c39a2b506"",""challenge_id"":""""}"
e039618c-7b0c-4d44-bff3-154a01a241ae,2026-05-25T13:21:43.599Z,matching,matching-20260525132130455-5f995a,normal,ko-0039,1,2,34,250,284,korean,english,"{""selected_id"":""ko-0039"",""board_id"":""325dcb78-9c27-4cdc-b3dd-17ca8ca932b3"",""challenge_id"":""""}"
84cb8d78-ab5f-4f1e-af42-9280eca98bb4,2026-05-25T13:21:46.824Z,matching,matching-20260525132130455-5f995a,normal,ko-0196,1,2310,27,250,277,korean,english,"{""selected_id"":""ko-0196"",""board_id"":""325dcb78-9c27-4cdc-b3dd-17ca8ca932b3"",""challenge_id"":""""}"
a42a7afe-2009-4107-8240-c2305d34e208,2026-05-25T13:21:50.326Z,matching,matching-20260525132130455-5f995a,normal,ko-0142,1,2900,25,250,275,korean,english,"{""selected_id"":""ko-0142"",""board_id"":""325dcb78-9c27-4cdc-b3dd-17ca8ca932b3"",""challenge_id"":""""}"
6f5efc9d-954a-46f0-90b3-70c67a2c5040,2026-05-25T13:21:53.763Z,matching,matching-20260525132130455-5f995a,normal,ko-0287,1,2382,27,250,277,korean,english,"{""selected_id"":""ko-0287"",""board_id"":""9ad8d8a6-55a2-41b5-9336-44162b629cd0"",""challenge_id"":""""}"
714470f7-1aca-4896-8c61-f7d239867759,2026-05-25T13:21:55.689Z,matching,matching-20260525132130455-5f995a,normal,ko-0029,1,1135,31,250,281,korean,english,"{""selected_id"":""ko-0029"",""board_id"":""9ad8d8a6-55a2-41b5-9336-44162b629cd0"",""challenge_id"":""""}"
4a47066b-abf3-422e-90ab-9a28161f29c7,2026-05-25T13:21:57.940Z,matching,matching-20260525132130455-5f995a,normal,ko-0382,1,1388,30,250,280,korean,english,"{""selected_id"":""ko-0382"",""board_id"":""9ad8d8a6-55a2-41b5-9336-44162b629cd0"",""challenge_id"":""""}"
9d9ccaa6-c158-4da6-9f5f-25638a0c3525,2026-05-25T13:22:02.971Z,matching,matching-20260525132130455-5f995a,normal,ko-0366,1,4339,19,250,269,korean,english,"{""selected_id"":""ko-0366"",""board_id"":""d4e7f845-23b4-4387-bbb7-2242d5050767"",""challenge_id"":""""}"
444b70ee-917f-473b-be00-0befa1ebd1fe,2026-05-25T13:22:07.324Z,matching,matching-20260525132130455-5f995a,normal,ko-0093,1,3439,23,250,273,korean,english,"{""selected_id"":""ko-0093"",""board_id"":""d4e7f845-23b4-4387-bbb7-2242d5050767"",""challenge_id"":""""}"
b02c6e13-d334-4c3f-8f12-b5decce882d1,2026-05-25T13:22:12.336Z,matching,matching-20260525132130455-5f995a,normal,ko-0249,1,2,34,250,284,korean,english,"{""selected_id"":""ko-0249"",""board_id"":""d4e7f845-23b4-4387-bbb7-2242d5050767"",""challenge_id"":""""}"
4946232f-37c8-4a83-9292-c2674d0c07f7,2026-05-25T13:22:20.437Z,matching,matching-20260525132130455-5f995a,group,ko-0179,1,7368,8,250,258,korean,group,"{""selected_id"":""ko-0179"",""board_id"":""eda51734-25b8-4f9d-b9ee-8df59f6602a0"",""challenge_id"":""""}"
fa034308-3644-4876-8e52-a3f2c819f7f4,2026-05-25T13:22:24.697Z,matching,matching-20260525132130455-5f995a,group,ko-0234,1,3534,22,250,272,korean,group,"{""selected_id"":""ko-0234"",""board_id"":""eda51734-25b8-4f9d-b9ee-8df59f6602a0"",""challenge_id"":""""}"
f33553cc-0a54-45c8-afbf-9b3b856bbcd3,2026-05-25T13:22:35.408Z,matching,matching-20260525132130455-5f995a,group,ko-0452,0,10105,-20,250,230,korean,group,"{""selected_id"":""ko-0320"",""board_id"":""eda51734-25b8-4f9d-b9ee-8df59f6602a0"",""challenge_id"":""""}"
3a72524e-0d15-4df9-8dd7-64925482bb4e,2026-05-25T13:22:41.743Z,matching,matching-20260525132130455-5f995a,group,ko-0110,1,3656,22,250,272,korean,group,"{""selected_id"":""ko-0110"",""board_id"":""eda51734-25b8-4f9d-b9ee-8df59f6602a0"",""challenge_id"":""""}"
82aa0065-7d44-41e0-bbea-6f8ccc8552c5,2026-05-25T13:22:43.479Z,matching,matching-20260525132130455-5f995a,group,ko-0102,1,1133,31,250,281,korean,group,"{""selected_id"":""ko-0102"",""board_id"":""ae62d2e0-adee-4c88-aa23-7d62e149c078"",""challenge_id"":""""}"
4c566f91-d66a-4adb-b549-68bda5fa2c61,2026-05-25T13:22:51.845Z,matching,matching-20260525132130455-5f995a,group,ko-0320,0,7827,-20,250,230,korean,group,"{""selected_id"":""ko-0319"",""board_id"":""ae62d2e0-adee-4c88-aa23-7d62e149c078"",""challenge_id"":""""}"
428a06bd-3da9-44ab-bf71-1d85a8424d21,2026-05-25T13:22:58.038Z,matching,matching-20260525132130455-5f995a,group,ko-0112,1,5178,16,250,266,korean,group,"{""selected_id"":""ko-0112"",""board_id"":""ae62d2e0-adee-4c88-aa23-7d62e149c078"",""challenge_id"":""""}"
a022e53e-e6ab-49b5-a717-c385eaf50144,2026-05-25T13:23:06.223Z,matching,matching-20260525132130455-5f995a,group,ko-0438,0,1,-20,250,230,korean,group,"{""selected_id"":""ko-0452"",""board_id"":""ae62d2e0-adee-4c88-aa23-7d62e149c078"",""challenge_id"":""""}"
bbdc3fb6-b3c2-4123-a4cb-b68fe4941b27,2026-05-25T13:23:15.148Z,matching,matching-20260525132130455-5f995a,normal,ko-0319,1,7720,7,250,257,korean,english,"{""selected_id"":""ko-0319"",""board_id"":""ae62d2e0-adee-4c88-aa23-7d62e149c078"",""challenge_id"":""""}"
9dfabbf5-17ed-465e-bb96-a49e085a068a,2026-05-25T13:23:19.510Z,matching,matching-20260525132130455-5f995a,sound,ko-0055,1,2582,26,250,276,sound,korean,"{""selected_id"":""ko-0055"",""board_id"":""9096ed40-ba06-457b-9113-19abf12353c7"",""challenge_id"":""63c6c55e-bb80-407c-8d92-5c0afdaf5fba""}"
00d80796-8532-4b77-93c5-9a203ed9dede,2026-05-25T13:23:23.951Z,matching,matching-20260525132130455-5f995a,sound,ko-0452,1,4056,20,230,250,sound,korean,"{""selected_id"":""ko-0452"",""board_id"":""9096ed40-ba06-457b-9113-19abf12353c7"",""challenge_id"":""63c6c55e-bb80-407c-8d92-5c0afdaf5fba""}"
738d1a09-744a-4bc9-8161-0ec70bca93a9,2026-05-25T13:23:27.406Z,matching,matching-20260525132130455-5f995a,sound,ko-0120,1,2592,26,250,276,sound,korean,"{""selected_id"":""ko-0120"",""board_id"":""9096ed40-ba06-457b-9113-19abf12353c7"",""challenge_id"":""63c6c55e-bb80-407c-8d92-5c0afdaf5fba""}"
7a34dc00-9c4c-42eb-a009-5482ddaba61d,2026-05-25T13:23:33.460Z,matching,matching-20260525132130455-5f995a,sound,ko-0490,1,5681,14,196,210,sound,korean,"{""selected_id"":""ko-0490"",""board_id"":""738b1b77-a015-4b51-93f5-14ee2a0dabb6"",""challenge_id"":""63c6c55e-bb80-407c-8d92-5c0afdaf5fba""}"
7689b9ce-4400-474a-8f88-f8019e9e8fc1,2026-05-25T13:23:36.141Z,matching,matching-20260525132130455-5f995a,sound,ko-0320,1,2109,28,230,258,sound,korean,"{""selected_id"":""ko-0320"",""board_id"":""738b1b77-a015-4b51-93f5-14ee2a0dabb6"",""challenge_id"":""63c6c55e-bb80-407c-8d92-5c0afdaf5fba""}"
bddd7b57-a57b-4e99-a1ad-d99506b2bf11,2026-05-25T13:23:39.497Z,matching,matching-20260525132130455-5f995a,sound,ko-0106,0,2939,-20,250,230,sound,korean,"{""selected_id"":""ko-0188"",""board_id"":""738b1b77-a015-4b51-93f5-14ee2a0dabb6"",""challenge_id"":""63c6c55e-bb80-407c-8d92-5c0afdaf5fba""}"
d1230022-3299-4be3-a6d1-72eb16fd6f9c,2026-05-25T13:23:42.446Z,matching,matching-20260525132130455-5f995a,sound,ko-0106,1,1787,29,230,259,sound,korean,"{""selected_id"":""ko-0106"",""board_id"":""738b1b77-a015-4b51-93f5-14ee2a0dabb6"",""challenge_id"":""63c6c55e-bb80-407c-8d92-5c0afdaf5fba""}"
58afdcd1-9d65-4a22-9d25-cfce6b96691f,2026-05-25T13:23:46.469Z,matching,matching-20260525132130455-5f995a,sound,ko-0438,1,1,34,230,264,sound,korean,"{""selected_id"":""ko-0438"",""board_id"":""a4a4a6e8-617f-479a-9cb6-d2d1578f00be"",""challenge_id"":""63c6c55e-bb80-407c-8d92-5c0afdaf5fba""}"
ab08cea9-2f15-4181-aa2c-35cd75806c4a,2026-05-25T13:23:49.361Z,matching,matching-20260525132130455-5f995a,sound,ko-0291,0,2533,-20,250,230,sound,korean,"{""selected_id"":""ko-0113"",""board_id"":""a4a4a6e8-617f-479a-9cb6-d2d1578f00be"",""challenge_id"":""63c6c55e-bb80-407c-8d92-5c0afdaf5fba""}"
e465206d-635a-432d-adba-3afe50adba59,2026-05-25T13:23:53.814Z,matching,matching-20260525132130455-5f995a,sound,ko-0291,1,3541,22,230,252,sound,korean,"{""selected_id"":""ko-0291"",""board_id"":""a4a4a6e8-617f-479a-9cb6-d2d1578f00be"",""challenge_id"":""63c6c55e-bb80-407c-8d92-5c0afdaf5fba""}"
bcd20b3e-971a-422d-8648-618d95a97bfd,2026-05-25T13:23:56.482Z,matching,matching-20260525132130455-5f995a,sound,ko-0136,1,2140,27,250,277,sound,korean,"{""selected_id"":""ko-0136"",""board_id"":""a4a4a6e8-617f-479a-9cb6-d2d1578f00be"",""challenge_id"":""63c6c55e-bb80-407c-8d92-5c0afdaf5fba""}"
481c7f93-2189-46ef-829e-8f1f7eef1fc1,2026-05-25T13:23:59.513Z,matching,matching-20260525132130455-5f995a,sound,ko-0188,1,2351,27,280,307,sound,korean,"{""selected_id"":""ko-0188"",""board_id"":""24dcab40-b3be-4a43-aaee-a272b02192d7"",""challenge_id"":""63c6c55e-bb80-407c-8d92-5c0afdaf5fba""}"
ee186c50-3b83-4bc3-b4dc-bc9fad59063d,2026-05-25T13:24:01.848Z,matching,matching-20260525132130455-5f995a,normal,ko-0164,1,1623,29,250,279,korean,english,"{""selected_id"":""ko-0164"",""board_id"":""24dcab40-b3be-4a43-aaee-a272b02192d7"",""challenge_id"":""""}"
bed1eb9e-c80e-4b88-b83b-593aa2e0de44,2026-05-25T13:24:04.560Z,matching,matching-20260525132130455-5f995a,normal,ko-0378,1,2434,26,250,276,korean,english,"{""selected_id"":""ko-0378"",""board_id"":""24dcab40-b3be-4a43-aaee-a272b02192d7"",""challenge_id"":""""}"
c5992747-8a61-4cc2-930d-348ee3e08067,2026-05-25T13:24:07.297Z,matching,matching-20260525132130455-5f995a,normal,ko-0113,1,2017,28,250,278,korean,english,"{""selected_id"":""ko-0113"",""board_id"":""8a07f958-a053-413d-a6eb-ea33076b0948"",""challenge_id"":""""}"
fb646811-2b82-4976-a96d-78f4aef15f08,2026-05-25T13:24:10.019Z,matching,matching-20260525132130455-5f995a,normal,ko-0341,1,2407,26,250,276,korean,english,"{""selected_id"":""ko-0341"",""board_id"":""8a07f958-a053-413d-a6eb-ea33076b0948"",""challenge_id"":""""}"
fd773b9d-1c1a-4052-821c-a9b5325ad43a,2026-05-25T13:24:13.112Z,matching,matching-20260525132130455-5f995a,normal,ko-0080,1,1,34,250,284,korean,english,"{""selected_id"":""ko-0080"",""board_id"":""8a07f958-a053-413d-a6eb-ea33076b0948"",""challenge_id"":""""}"
45f1769f-4f0b-4fba-8abd-db6eda6d14d3,2026-05-25T13:24:22.360Z,matching,matching-20260525132130455-5f995a,normal,ko-0489,0,8808,-20,250,230,korean,english,"{""selected_id"":""ko-0445"",""board_id"":""3b7eae22-b5c6-4b84-8af3-0b8081d82c8e"",""challenge_id"":""""}"
e0ee932d-af5b-4bee-8c0c-cb5b7e19d3da,2026-05-25T13:24:27.339Z,matching,matching-20260525132130455-5f995a,sound,ko-0072,1,3285,23,250,273,sound,korean,"{""selected_id"":""ko-0072"",""board_id"":""3b7eae22-b5c6-4b84-8af3-0b8081d82c8e"",""challenge_id"":""a8f70e3c-c50e-424a-b32b-7b68547aad3f""}"
c6d5e201-c8ed-4cb8-a97e-76187e88790b,2026-05-25T13:24:31.052Z,matching,matching-20260525132130455-5f995a,sound,ko-0269,1,3359,23,250,273,sound,korean,"{""selected_id"":""ko-0269"",""board_id"":""3b7eae22-b5c6-4b84-8af3-0b8081d82c8e"",""challenge_id"":""a8f70e3c-c50e-424a-b32b-7b68547aad3f""}"
d34c4c55-9de3-4f8b-96e3-ac49f373488c,2026-05-25T13:24:35.090Z,matching,matching-20260525132130455-5f995a,sound,ko-0402,1,3428,23,250,273,sound,korean,"{""selected_id"":""ko-0402"",""board_id"":""3b7eae22-b5c6-4b84-8af3-0b8081d82c8e"",""challenge_id"":""a8f70e3c-c50e-424a-b32b-7b68547aad3f""}"
61931f1e-1844-402b-a54e-4f7dd9f3d8bf,2026-05-25T13:24:41.674Z,matching,matching-20260525132130455-5f995a,sound,ko-0499,1,5986,13,250,263,sound,korean,"{""selected_id"":""ko-0499"",""board_id"":""ec149496-8ce0-4157-9579-aee90037afe1"",""challenge_id"":""a8f70e3c-c50e-424a-b32b-7b68547aad3f""}"
8248de0d-d054-46db-826d-b584edbd633f,2026-05-25T13:24:46.248Z,matching,matching-20260525132130455-5f995a,sound,ko-0445,1,3946,21,250,271,sound,korean,"{""selected_id"":""ko-0445"",""board_id"":""ec149496-8ce0-4157-9579-aee90037afe1"",""challenge_id"":""a8f70e3c-c50e-424a-b32b-7b68547aad3f""}"
9864f5a6-5794-4608-9c29-169190202501,2026-05-25T13:24:48.834Z,matching,matching-20260525132130455-5f995a,sound,ko-0267,1,2194,27,250,277,sound,korean,"{""selected_id"":""ko-0267"",""board_id"":""ec149496-8ce0-4157-9579-aee90037afe1"",""challenge_id"":""a8f70e3c-c50e-424a-b32b-7b68547aad3f""}"
c10752a7-fce1-4ee2-b22c-04b9efc87455,2026-05-25T13:24:51.284Z,matching,matching-20260525132130455-5f995a,sound,ko-0008,1,2,34,250,284,sound,korean,"{""selected_id"":""ko-0008"",""board_id"":""10b8e7b2-5df4-4424-b7ac-ad70a551d32a"",""challenge_id"":""a8f70e3c-c50e-424a-b32b-7b68547aad3f""}"
3ff24b6a-856a-441d-9feb-1e881c9847c2,2026-05-25T13:24:58.435Z,matching,matching-20260525132130455-5f995a,sound,ko-0489,1,6832,10,230,240,sound,korean,"{""selected_id"":""ko-0489"",""board_id"":""10b8e7b2-5df4-4424-b7ac-ad70a551d32a"",""challenge_id"":""a8f70e3c-c50e-424a-b32b-7b68547aad3f""}"
1ae4f7b7-cddf-49f3-b3dd-d9aa555b624c,2026-05-25T13:25:04.285Z,matching,matching-20260525132130455-5f995a,sound,ko-0463,1,5068,17,250,267,sound,korean,"{""selected_id"":""ko-0463"",""board_id"":""10b8e7b2-5df4-4424-b7ac-ad70a551d32a"",""challenge_id"":""a8f70e3c-c50e-424a-b32b-7b68547aad3f""}"
6ff890b7-c924-4d2e-b078-b9604fa0e26f,2026-05-25T13:25:07.366Z,matching,matching-20260525132130455-5f995a,sound,ko-0133,1,2365,27,250,277,sound,korean,"{""selected_id"":""ko-0133"",""board_id"":""2afceba0-4058-48e7-b93a-8c7fcaf368c8"",""challenge_id"":""a8f70e3c-c50e-424a-b32b-7b68547aad3f""}"
3f0fb1d9-eacd-42cd-a645-535aa2a82f1a,2026-05-25T13:25:25.796Z,matching,matching-20260525132130455-5f995a,sound,ko-0459,1,17779,6,250,256,sound,korean,"{""selected_id"":""ko-0459"",""board_id"":""2afceba0-4058-48e7-b93a-8c7fcaf368c8"",""challenge_id"":""a8f70e3c-c50e-424a-b32b-7b68547aad3f""}"
06873992-c912-4f11-96b9-e74bff009a3e,2026-05-25T13:25:29.562Z,matching,matching-20260525132130455-5f995a,normal,ko-0019,1,3473,23,250,273,korean,english,"{""selected_id"":""ko-0019"",""board_id"":""2afceba0-4058-48e7-b93a-8c7fcaf368c8"",""challenge_id"":""""}"
1505e039-8a16-467d-a27c-6fadf642c890,2026-05-25T13:25:33.417Z,matching,matching-20260525132130455-5f995a,normal,ko-0279,1,3195,24,250,274,korean,english,"{""selected_id"":""ko-0279"",""board_id"":""2fb3a05c-e2a9-4d5c-8af5-3fbee48d5704"",""challenge_id"":""""}"
8e6072e9-9a61-4e4e-8a08-1bad4a18b6b8,2026-05-25T13:25:35.820Z,matching,matching-20260525132130455-5f995a,normal,ko-0250,1,1829,29,250,279,korean,english,"{""selected_id"":""ko-0250"",""board_id"":""2fb3a05c-e2a9-4d5c-8af5-3fbee48d5704"",""challenge_id"":""""}"
df374bc1-310a-4491-8c2e-382a4f3bc07d,2026-05-25T13:25:38.160Z,matching,matching-20260525132130455-5f995a,normal,ko-0170,1,1,34,250,284,korean,english,"{""selected_id"":""ko-0170"",""board_id"":""2fb3a05c-e2a9-4d5c-8af5-3fbee48d5704"",""challenge_id"":""""}"
6bb7eb87-6c61-4365-be02-c2d6560a96ee,2026-05-25T13:25:44.904Z,matching,matching-20260525132130455-5f995a,normal,ko-0343,1,6174,13,250,263,korean,english,"{""selected_id"":""ko-0343"",""board_id"":""9640a122-840a-4a2a-8322-5d72d59d4cef"",""challenge_id"":""""}"
3c353259-8924-49b1-a967-231c1dab0f3b,2026-05-25T13:25:50.058Z,matching,matching-20260525132130455-5f995a,normal,ko-0422,1,4591,18,250,268,korean,english,"{""selected_id"":""ko-0422"",""board_id"":""9640a122-840a-4a2a-8322-5d72d59d4cef"",""challenge_id"":""""}"
91166bd0-0070-400c-b6ce-fdc7803df05e,2026-05-25T13:25:53.384Z,matching,matching-20260525132130455-5f995a,normal,ko-0138,1,2669,26,250,276,korean,english,"{""selected_id"":""ko-0138"",""board_id"":""9640a122-840a-4a2a-8322-5d72d59d4cef"",""challenge_id"":""""}"
ab5d1cc5-6a23-4eae-94d9-313769ecfdb4,2026-05-25T13:25:58.149Z,matching,matching-20260525132130455-5f995a,sound,ko-0034,1,3871,21,250,271,sound,korean,"{""selected_id"":""ko-0034"",""board_id"":""e13938c0-d6d7-44fc-a453-a9888e676348"",""challenge_id"":""cfd7c683-edd4-4736-be9a-c6f07336d22c""}"
e0c87bb5-b1f7-40be-a350-02c0dd9539d6,2026-05-25T13:26:00.447Z,matching,matching-20260525132130455-5f995a,sound,ko-0072,1,1985,28,273,301,sound,korean,"{""selected_id"":""ko-0072"",""board_id"":""e13938c0-d6d7-44fc-a453-a9888e676348"",""challenge_id"":""cfd7c683-edd4-4736-be9a-c6f07336d22c""}"
e0dfd5e7-32ee-4e4d-ac69-9caf2a103b8b,2026-05-25T13:26:02.875Z,matching,matching-20260525132130455-5f995a,sound,ko-0207,1,2104,28,250,278,sound,korean,"{""selected_id"":""ko-0207"",""board_id"":""e13938c0-d6d7-44fc-a453-a9888e676348"",""challenge_id"":""cfd7c683-edd4-4736-be9a-c6f07336d22c""}"
4321eb51-0168-43ed-a870-2479625dfc7e,2026-05-25T13:26:06.294Z,matching,matching-20260525132130455-5f995a,sound,ko-0187,1,2837,25,250,275,sound,korean,"{""selected_id"":""ko-0187"",""board_id"":""b9166854-b811-4761-8822-9cd11c463a58"",""challenge_id"":""cfd7c683-edd4-4736-be9a-c6f07336d22c""}"
44bc2d22-705f-49c0-bf2f-559581531d21,2026-05-25T13:26:10.819Z,matching,matching-20260525132130455-5f995a,sound,ko-0247,0,1,-20,250,230,sound,korean,"{""selected_id"":""ko-0114"",""board_id"":""b9166854-b811-4761-8822-9cd11c463a58"",""challenge_id"":""cfd7c683-edd4-4736-be9a-c6f07336d22c""}"
c21fc974-daa8-4df2-b842-b8567d24fa58,2026-05-25T13:26:12.809Z,matching,matching-20260525132130455-5f995a,sound,ko-0247,1,1,34,230,264,sound,korean,"{""selected_id"":""ko-0247"",""board_id"":""b9166854-b811-4761-8822-9cd11c463a58"",""challenge_id"":""cfd7c683-edd4-4736-be9a-c6f07336d22c""}"
b570409f-8b0d-49ef-9b19-fba9e8432318,2026-05-25T13:26:15.976Z,matching,matching-20260525132130455-5f995a,sound,ko-0451,1,2633,26,250,276,sound,korean,"{""selected_id"":""ko-0451"",""board_id"":""b9166854-b811-4761-8822-9cd11c463a58"",""challenge_id"":""cfd7c683-edd4-4736-be9a-c6f07336d22c""}"
49b05f1c-8fa7-4d0e-b50a-4abce54c6e4a,2026-05-25T13:26:19.188Z,matching,matching-20260525132130455-5f995a,sound,ko-0498,1,2887,25,250,275,sound,korean,"{""selected_id"":""ko-0498"",""board_id"":""584ba198-fc3f-44e9-af5d-fca47232ec7c"",""challenge_id"":""cfd7c683-edd4-4736-be9a-c6f07336d22c""}"
de9b9e51-345c-4031-a847-1409ea6147bd,2026-05-25T13:26:22.341Z,matching,matching-20260525132130455-5f995a,sound,ko-0114,1,2601,26,250,276,sound,korean,"{""selected_id"":""ko-0114"",""board_id"":""584ba198-fc3f-44e9-af5d-fca47232ec7c"",""challenge_id"":""cfd7c683-edd4-4736-be9a-c6f07336d22c""}"
b74fe46a-ea22-4f21-a002-57fbd89899e1,2026-05-25T13:26:26.242Z,matching,matching-20260525132130455-5f995a,sound,ko-0039,1,3401,23,284,307,sound,korean,"{""selected_id"":""ko-0039"",""board_id"":""584ba198-fc3f-44e9-af5d-fca47232ec7c"",""challenge_id"":""cfd7c683-edd4-4736-be9a-c6f07336d22c""}"
cb8cc218-701e-47c2-a878-79c4c6c7b348,2026-05-25T13:26:29.769Z,matching,matching-20260525132130455-5f995a,sound,ko-0189,1,2779,25,250,275,sound,korean,"{""selected_id"":""ko-0189"",""board_id"":""54259d7b-5da6-4d9a-aa47-3edef3d1bf24"",""challenge_id"":""cfd7c683-edd4-4736-be9a-c6f07336d22c""}"
11ce143c-39ce-4ffb-adcc-93d909cb5f8e,2026-05-25T13:26:33.618Z,matching,matching-20260525132130455-5f995a,sound,ko-0038,1,3346,23,250,273,sound,korean,"{""selected_id"":""ko-0038"",""board_id"":""54259d7b-5da6-4d9a-aa47-3edef3d1bf24"",""challenge_id"":""cfd7c683-edd4-4736-be9a-c6f07336d22c""}"
c4b7abb7-96aa-468b-a971-3acb54c87997,2026-05-25T13:26:42.455Z,matching,matching-20260525132130455-5f995a,normal,ko-0308,1,7870,6,250,256,korean,english,"{""selected_id"":""ko-0308"",""board_id"":""54259d7b-5da6-4d9a-aa47-3edef3d1bf24"",""challenge_id"":""""}"
3470323c-0193-4a26-a0a0-1fa6c6e29a99,2026-05-25T13:26:47.940Z,matching,matching-20260525132130455-5f995a,normal,ko-0235,1,1,34,250,284,korean,english,"{""selected_id"":""ko-0235"",""board_id"":""598309d5-9d7d-47c5-a6ec-3ace9ae0cd9f"",""challenge_id"":""""}"
f9daad05-c245-419b-95c4-bac35fd64aba,2026-05-25T13:26:56.388Z,matching,matching-20260525132130455-5f995a,normal,ko-0423,1,7863,7,250,257,korean,english,"{""selected_id"":""ko-0423"",""board_id"":""598309d5-9d7d-47c5-a6ec-3ace9ae0cd9f"",""challenge_id"":""""}"
aba28c26-f6a7-4877-99c6-30caaeafb09b,2026-05-25T13:27:00.604Z,matching,matching-20260525132130455-5f995a,normal,ko-0051,1,3572,22,250,272,korean,english,"{""selected_id"":""ko-0051"",""board_id"":""598309d5-9d7d-47c5-a6ec-3ace9ae0cd9f"",""challenge_id"":""""}"
6a939f7d-0f4c-4253-9c24-9151dd27fd06,2026-05-25T13:27:24.894Z,matching,matching-20260525132130455-5f995a,normal,ko-0417,0,23698,-20,250,230,korean,english,"{""selected_id"":""ko-0100"",""board_id"":""58c336e0-7351-4f5d-b12e-2bd812a65169"",""challenge_id"":""""}"
b0e4fd4e-bef2-48ca-b93f-0d7d6e3cb3d3,2026-05-25T13:27:29.651Z,matching,matching-20260525132130455-5f995a,normal,ko-0100,1,2205,27,250,277,korean,english,"{""selected_id"":""ko-0100"",""board_id"":""58c336e0-7351-4f5d-b12e-2bd812a65169"",""challenge_id"":""""}"
b1ea22db-700a-4bc9-bd1c-1627a2f290b3,2026-05-25T13:27:31.359Z,matching,matching-20260525132130455-5f995a,normal,ko-0427,1,1338,30,259,289,korean,english,"{""selected_id"":""ko-0427"",""board_id"":""58c336e0-7351-4f5d-b12e-2bd812a65169"",""challenge_id"":""""}"
faceb073-81e5-4997-ae70-21da3c2f2792,2026-05-25T13:27:35.158Z,matching,matching-20260525132130455-5f995a,normal,ko-0055,1,2807,25,276,301,korean,english,"{""selected_id"":""ko-0055"",""board_id"":""58c336e0-7351-4f5d-b12e-2bd812a65169"",""challenge_id"":""""}"
c44ef0b6-a382-4e22-94dc-2fb7c844dfba,2026-05-25T13:27:37.985Z,matching,matching-20260525132130455-5f995a,normal,ko-0010,1,2220,27,250,277,korean,english,"{""selected_id"":""ko-0010"",""board_id"":""ea39dd0b-c20c-4d5d-9aaf-0385ac0cea61"",""challenge_id"":""""}"
5d181c6d-b153-4804-8e69-eb0f65b61358,2026-05-25T13:27:41.850Z,matching,matching-20260525132130455-5f995a,normal,ko-0273,1,1,34,250,284,korean,english,"{""selected_id"":""ko-0273"",""board_id"":""ea39dd0b-c20c-4d5d-9aaf-0385ac0cea61"",""challenge_id"":""""}"
748d198e-ceaa-42e8-8b3d-b5de50ba187f,2026-05-25T13:27:45.180Z,matching,matching-20260525132130455-5f995a,normal,ko-0364,1,2933,25,250,275,korean,english,"{""selected_id"":""ko-0364"",""board_id"":""ea39dd0b-c20c-4d5d-9aaf-0385ac0cea61"",""challenge_id"":""""}"
28750a6a-2e29-4ab8-a696-478caec6060f,2026-05-25T13:27:50.353Z,matching,matching-20260525132130455-5f995a,normal,ko-0372,1,4602,18,250,268,korean,english,"{""selected_id"":""ko-0372"",""board_id"":""1df943bc-4e65-44dd-bcac-cc748c8a9229"",""challenge_id"":""""}"
5b46693a-9baf-4dc6-91bc-3a04d346adbf,2026-05-25T13:27:55.856Z,matching,matching-20260525132130455-5f995a,normal,ko-0417,1,4362,19,230,249,korean,english,"{""selected_id"":""ko-0417"",""board_id"":""1df943bc-4e65-44dd-bcac-cc748c8a9229"",""challenge_id"":""""}"
3132a5e1-6aa6-4faa-a0f4-27108971bba8,2026-05-25T13:27:58.384Z,matching,matching-20260525132130455-5f995a,normal,ko-0202,1,1628,29,250,279,korean,english,"{""selected_id"":""ko-0202"",""board_id"":""1df943bc-4e65-44dd-bcac-cc748c8a9229"",""challenge_id"":""""}"
34c4e3a3-72f1-459d-af48-e9f45c2b4bef,2026-05-25T13:28:02.840Z,matching,matching-20260525132130455-5f995a,normal,ko-0334,0,4064,-20,250,230,korean,english,"{""selected_id"":""ko-0244"",""board_id"":""3c125922-4f0b-488d-b148-3b7666240326"",""challenge_id"":""""}"
50064032-1ade-4732-ae5a-4ad53cc5530e,2026-05-25T13:28:06.674Z,matching,matching-20260525132130455-5f995a,sound,ko-0224,1,2350,27,250,277,sound,korean,"{""selected_id"":""ko-0224"",""board_id"":""3c125922-4f0b-488d-b148-3b7666240326"",""challenge_id"":""fe80b975-401a-4d60-baf5-af579c80cef7""}"
32a1065e-2361-447b-ae61-e05c12007e99,2026-05-25T13:28:10.435Z,matching,matching-20260525132130455-5f995a,sound,ko-0348,1,3199,24,250,274,sound,korean,"{""selected_id"":""ko-0348"",""board_id"":""3c125922-4f0b-488d-b148-3b7666240326"",""challenge_id"":""fe80b975-401a-4d60-baf5-af579c80cef7""}"
f0f98aa0-f0f1-4d2c-a5ef-c381f82afdd4,2026-05-25T13:28:13.413Z,matching,matching-20260525132130455-5f995a,sound,ko-0439,1,1,34,250,284,sound,korean,"{""selected_id"":""ko-0439"",""board_id"":""3c125922-4f0b-488d-b148-3b7666240326"",""challenge_id"":""fe80b975-401a-4d60-baf5-af579c80cef7""}"
73fcdd2e-716b-4fbb-8b03-7bd75b84dac4,2026-05-25T13:28:22.970Z,matching,matching-20260525132130455-5f995a,sound,ko-0159,1,8896,6,250,256,sound,korean,"{""selected_id"":""ko-0159"",""board_id"":""2508a739-93c5-4527-9171-134bc4c4e087"",""challenge_id"":""fe80b975-401a-4d60-baf5-af579c80cef7""}"
77fc3fd0-4855-4ad0-b422-2b57dac46c5d,2026-05-25T13:28:27.203Z,matching,matching-20260525132130455-5f995a,sound,ko-0244,1,2897,25,250,275,sound,korean,"{""selected_id"":""ko-0244"",""board_id"":""2508a739-93c5-4527-9171-134bc4c4e087"",""challenge_id"":""fe80b975-401a-4d60-baf5-af579c80cef7""}"
a258871c-afcf-4588-8dfd-248329631f7f,2026-05-25T13:28:32.104Z,matching,matching-20260525132130455-5f995a,sound,ko-0264,1,4395,19,250,269,sound,korean,"{""selected_id"":""ko-0264"",""board_id"":""2508a739-93c5-4527-9171-134bc4c4e087"",""challenge_id"":""fe80b975-401a-4d60-baf5-af579c80cef7""}"
6340c4da-c019-425b-977f-a5d1c914dbcf,2026-05-25T13:28:36.722Z,matching,matching-20260525132130455-5f995a,sound,ko-0239,0,3706,-20,250,230,sound,korean,"{""selected_id"":""ko-0222"",""board_id"":""822ce085-3325-4448-93b3-405317799d35"",""challenge_id"":""fe80b975-401a-4d60-baf5-af579c80cef7""}"
f4f48a61-04ad-42dd-9374-db8d72a20368,2026-05-25T13:28:50.181Z,matching,matching-20260525132130455-5f995a,sound,ko-0239,1,12400,6,230,236,sound,korean,"{""selected_id"":""ko-0239"",""board_id"":""822ce085-3325-4448-93b3-405317799d35"",""challenge_id"":""fe80b975-401a-4d60-baf5-af579c80cef7""}"
3e65126f-c27d-4130-a676-35d59bbef1dc,2026-05-25T13:28:58.896Z,matching,matching-20260525132130455-5f995a,normal,ko-0334,1,7984,6,230,236,korean,english,"{""selected_id"":""ko-0334"",""board_id"":""822ce085-3325-4448-93b3-405317799d35"",""challenge_id"":""""}"
beb6f515-ab9f-4d44-b577-3cc002720c44,2026-05-25T13:29:18.081Z,matching,matching-20260525132130455-5f995a,group,ko-0222,1,18542,6,250,256,korean,group,"{""selected_id"":""ko-0222"",""board_id"":""822ce085-3325-4448-93b3-405317799d35"",""challenge_id"":""""}"
b904446a-56c9-4a52-9aa5-10f13725566f,2026-05-25T13:29:32.201Z,matching,matching-20260525132130455-5f995a,group,ko-0086,0,13226,-20,250,230,korean,group,"{""selected_id"":""ko-0089"",""board_id"":""14f977e8-a5b3-40cc-b0c7-48d019b2f8b8"",""challenge_id"":""""}"
3ca9b360-a6ba-44a9-ae34-814475a4477e,2026-05-25T13:29:41.985Z,matching,matching-20260525132130455-5f995a,group,ko-0155,1,1,34,250,284,korean,group,"{""selected_id"":""ko-0155"",""board_id"":""14f977e8-a5b3-40cc-b0c7-48d019b2f8b8"",""challenge_id"":""""}"
833eed60-e144-4605-bebc-24a59d4164e2,2026-05-25T13:29:43.478Z,matching,matching-20260525132130455-5f995a,group,ko-0497,1,915,32,250,282,korean,group,"{""selected_id"":""ko-0497"",""board_id"":""14f977e8-a5b3-40cc-b0c7-48d019b2f8b8"",""challenge_id"":""""}"
def5c4c6-9b1b-4900-8077-c1835436542d,2026-05-25T13:29:48.126Z,matching,matching-20260525132130455-5f995a,group,ko-0017,1,4214,20,250,270,korean,group,"{""selected_id"":""ko-0017"",""board_id"":""14f977e8-a5b3-40cc-b0c7-48d019b2f8b8"",""challenge_id"":""""}"
4bf4b27b-b76d-4a0e-9f94-707957e84ff1,2026-05-25T13:41:21.281Z,matching,matching-20260525134105742-d81d5d,normal,ko-0425,1,1,34,250,284,korean,english,"{""selected_id"":""ko-0425"",""board_id"":""336d1d20-4d6a-4d6e-88e6-4ce08f9b76eb"",""challenge_id"":""""}"
421d420e-d8c9-4866-99e8-e09bf1dd8839,2026-05-25T13:41:24.494Z,matching,matching-20260525134105742-d81d5d,normal,ko-0024,1,2629,26,250,276,korean,english,"{""selected_id"":""ko-0024"",""board_id"":""336d1d20-4d6a-4d6e-88e6-4ce08f9b76eb"",""challenge_id"":""""}"
9ebf0897-1249-49e2-8127-20793fece430,2026-05-25T13:41:27.056Z,matching,matching-20260525134105742-d81d5d,normal,ko-0048,1,1780,29,250,279,korean,english,"{""selected_id"":""ko-0048"",""board_id"":""336d1d20-4d6a-4d6e-88e6-4ce08f9b76eb"",""challenge_id"":""""}"
341dfef5-d796-454c-9b8d-11a735a1aa34,2026-05-25T13:41:30.222Z,matching,matching-20260525134105742-d81d5d,normal,ko-0268,1,2885,25,250,275,korean,english,"{""selected_id"":""ko-0268"",""board_id"":""9d7499a4-d9d8-4cc3-af07-2f19531c09ec"",""challenge_id"":""""}"
382d345e-2ba9-4cde-9a38-3fc17c434e3a,2026-05-25T13:41:33.913Z,matching,matching-20260525134105742-d81d5d,normal,ko-0265,1,3036,24,250,274,korean,english,"{""selected_id"":""ko-0265"",""board_id"":""9d7499a4-d9d8-4cc3-af07-2f19531c09ec"",""challenge_id"":""""}"
00835984-54f8-43c1-95d1-2abde639131b,2026-05-25T13:41:36.516Z,matching,matching-20260525134105742-d81d5d,normal,ko-0325,1,1970,28,250,278,korean,english,"{""selected_id"":""ko-0325"",""board_id"":""9d7499a4-d9d8-4cc3-af07-2f19531c09ec"",""challenge_id"":""""}"
71453049-35a9-472a-adfb-6c8c1d04fab8,2026-05-25T13:41:39.148Z,matching,matching-20260525134105742-d81d5d,normal,ko-0039,1,1880,28,307,335,korean,english,"{""selected_id"":""ko-0039"",""board_id"":""07dacebd-3f40-4f11-9b88-9608d14b2510"",""challenge_id"":""""}"
9bb8d299-fece-400f-879c-6c1529032927,2026-05-25T13:41:41.733Z,matching,matching-20260525134105742-d81d5d,normal,ko-0142,1,2064,28,275,303,korean,english,"{""selected_id"":""ko-0142"",""board_id"":""07dacebd-3f40-4f11-9b88-9608d14b2510"",""challenge_id"":""""}"
31d8c2ec-5060-4d12-a374-142305835b39,2026-05-25T13:41:45.300Z,matching,matching-20260525134105742-d81d5d,normal,ko-0394,0,1,-20,250,230,korean,english,"{""selected_id"":""ko-0425"",""board_id"":""07dacebd-3f40-4f11-9b88-9608d14b2510"",""challenge_id"":""""}"
de1ed452-3d04-4811-90a3-da1c44b990b6,2026-05-25T13:41:52.083Z,matching,matching-20260525134105742-d81d5d,silent,ko-0425,1,3231,23,284,307,korean,english,"{""selected_id"":""ko-0425"",""board_id"":""07dacebd-3f40-4f11-9b88-9608d14b2510"",""challenge_id"":""""}"
47156785-83c8-4fa0-bda5-c91c890f9034,2026-05-25T13:41:55.941Z,matching,matching-20260525134105742-d81d5d,silent,ko-0135,1,3303,23,250,273,korean,english,"{""selected_id"":""ko-0135"",""board_id"":""38cce6e4-608f-4211-b8a0-1fe554b95820"",""challenge_id"":""""}"
d6975460-1ee4-4f96-938c-edeef982c627,2026-05-25T13:41:59.570Z,matching,matching-20260525134105742-d81d5d,silent,ko-0467,1,3089,24,250,274,korean,english,"{""selected_id"":""ko-0467"",""board_id"":""38cce6e4-608f-4211-b8a0-1fe554b95820"",""challenge_id"":""""}"
255c7213-4fea-4693-a125-5d9702fa903b,2026-05-25T13:42:02.565Z,matching,matching-20260525134105742-d81d5d,silent,ko-0173,1,2390,27,250,277,korean,english,"{""selected_id"":""ko-0173"",""board_id"":""38cce6e4-608f-4211-b8a0-1fe554b95820"",""challenge_id"":""""}"
d981b240-b677-4e1f-b243-6ae33dd21da1,2026-05-25T13:42:07.184Z,matching,matching-20260525134105742-d81d5d,silent,ko-0402,1,4020,21,273,294,korean,english,"{""selected_id"":""ko-0402"",""board_id"":""45141430-25da-4a60-8843-b9ffe43d2f7b"",""challenge_id"":""""}"
73530099-dd81-4026-b3c5-b0187bfde8e8,2026-05-25T13:42:14.604Z,matching,matching-20260525134105742-d81d5d,silent,ko-0376,1,6751,11,250,261,korean,english,"{""selected_id"":""ko-0376"",""board_id"":""45141430-25da-4a60-8843-b9ffe43d2f7b"",""challenge_id"":""""}"
4504b9e7-c601-4936-bbd2-738718cf8284,2026-05-25T13:42:20.850Z,matching,matching-20260525134105742-d81d5d,silent,ko-0008,1,5021,17,284,301,korean,english,"{""selected_id"":""ko-0008"",""board_id"":""45141430-25da-4a60-8843-b9ffe43d2f7b"",""challenge_id"":""""}"
ef6e20af-689b-469c-b6a3-6ceaf2464a89,2026-05-25T13:42:26.762Z,matching,matching-20260525134105742-d81d5d,silent,ko-0394,1,1,34,230,264,korean,english,"{""selected_id"":""ko-0394"",""board_id"":""0323dc7d-c17f-4d1e-b19b-bd0f1e1aa80e"",""challenge_id"":""""}"
9f027bbb-263a-43d0-9335-a8de27f70f28,2026-05-25T13:42:37.548Z,matching,matching-20260525134105742-d81d5d,normal,ko-0357,1,9069,6,250,256,korean,english,"{""selected_id"":""ko-0357"",""board_id"":""0323dc7d-c17f-4d1e-b19b-bd0f1e1aa80e"",""challenge_id"":""""}"
89acae8f-9d5e-4083-8d88-3f84de100263,2026-05-25T13:43:08.185Z,matching,matching-20260525134105742-d81d5d,writing,ko-0244,0,30373,-20,275,255,translation,typed_korean,"{""selected_id"":"""",""board_id"":""0323dc7d-c17f-4d1e-b19b-bd0f1e1aa80e"",""challenge_id"":""3051bd53-d1f6-4ee6-8c15-7d014efc1740""}"
58e233c2-2606-4271-8019-efaf2eecdb91,2026-05-25T13:43:27.434Z,matching,matching-20260525134105742-d81d5d,writing,ko-0090,1,18376,6,250,256,sound,typed_korean,"{""selected_id"":""오후"",""board_id"":""0323dc7d-c17f-4d1e-b19b-bd0f1e1aa80e"",""challenge_id"":""3051bd53-d1f6-4ee6-8c15-7d014efc1740""}"
06294350-f51e-4528-a757-fec0f3bc762c,2026-05-25T13:43:49.698Z,matching,matching-20260525134105742-d81d5d,writing,ko-0318,0,21923,-20,250,230,sound,typed_korean,"{""selected_id"":""드로하다"",""board_id"":""0323dc7d-c17f-4d1e-b19b-bd0f1e1aa80e"",""challenge_id"":""3051bd53-d1f6-4ee6-8c15-7d014efc1740""}"
13c8643e-7a61-48c2-92cf-98e471cc11d3,2026-05-25T13:43:59.205Z,matching,matching-20260525134105742-d81d5d,writing,ko-0128,1,8636,6,250,256,sound,typed_korean,"{""selected_id"":""비싸다"",""board_id"":""0323dc7d-c17f-4d1e-b19b-bd0f1e1aa80e"",""challenge_id"":""3051bd53-d1f6-4ee6-8c15-7d014efc1740""}"
a388c395-1e46-408f-a6eb-0d8482472cd2,2026-05-25T13:44:23.039Z,matching,matching-20260525134105742-d81d5d,writing,ko-0138,0,23495,-20,276,256,translation,typed_korean,"{""selected_id"":""무거워"",""board_id"":""0323dc7d-c17f-4d1e-b19b-bd0f1e1aa80e"",""challenge_id"":""3051bd53-d1f6-4ee6-8c15-7d014efc1740""}"
a9d7e383-ee74-46d8-88e6-9add1adaa900,2026-05-25T13:44:39.260Z,matching,matching-20260525134105742-d81d5d,normal,ko-0489,0,12738,-20,240,220,korean,english,"{""selected_id"":""ko-0095"",""board_id"":""0323dc7d-c17f-4d1e-b19b-bd0f1e1aa80e"",""challenge_id"":""""}"
f516265e-8771-4d36-a3b7-0599eb4edad4,2026-05-25T13:44:48.013Z,matching,matching-20260525134105742-d81d5d,normal,ko-0489,1,2035,28,220,248,korean,english,"{""selected_id"":""ko-0489"",""board_id"":""0323dc7d-c17f-4d1e-b19b-bd0f1e1aa80e"",""challenge_id"":""""}"
b499b4bf-ee26-4b78-9466-50e0cf9c056e,2026-05-25T13:44:51.575Z,matching,matching-20260525134105742-d81d5d,normal,ko-0095,1,2741,25,250,275,korean,english,"{""selected_id"":""ko-0095"",""board_id"":""5e6a35c0-696f-4118-97bc-f0261c181238"",""challenge_id"":""""}"
c4be8bd8-59d5-452f-82b4-33ba05dea97e,2026-05-25T13:44:55.797Z,matching,matching-20260525134105742-d81d5d,normal,ko-0294,1,3473,23,250,273,korean,english,"{""selected_id"":""ko-0294"",""board_id"":""5e6a35c0-696f-4118-97bc-f0261c181238"",""challenge_id"":""""}"
74641e82-c581-46f1-9952-242f170b9a4f,2026-05-25T13:45:01.975Z,matching,matching-20260525134105742-d81d5d,reverse,ko-0051,0,2433,-20,272,252,english,korean,"{""selected_id"":""ko-0117"",""board_id"":""5e6a35c0-696f-4118-97bc-f0261c181238"",""challenge_id"":""""}"
95713f30-f70a-42f0-bbd1-d2fb7391ffc5,2026-05-25T13:45:06.250Z,matching,matching-20260525134105742-d81d5d,reverse,ko-0051,1,3157,24,252,276,english,korean,"{""selected_id"":""ko-0051"",""board_id"":""5e6a35c0-696f-4118-97bc-f0261c181238"",""challenge_id"":""""}"
99d808db-f6f7-4725-84ea-6ea5da2055be,2026-05-25T13:45:09.229Z,matching,matching-20260525134105742-d81d5d,reverse,ko-0339,1,2235,27,250,277,english,korean,"{""selected_id"":""ko-0339"",""board_id"":""7d13c246-1843-4b78-8b24-92f7cca97b5d"",""challenge_id"":""""}"
cd34221a-7d65-4810-a2bf-6587d86c992e,2026-05-25T13:45:11.564Z,matching,matching-20260525134105742-d81d5d,reverse,ko-0117,1,1803,29,250,279,english,korean,"{""selected_id"":""ko-0117"",""board_id"":""7d13c246-1843-4b78-8b24-92f7cca97b5d"",""challenge_id"":""""}"
b265d417-7f47-460e-8f60-2d47b8d6102c,2026-05-25T13:45:17.819Z,matching,matching-20260525134105742-d81d5d,reverse,ko-0169,1,1,34,250,284,english,korean,"{""selected_id"":""ko-0169"",""board_id"":""7d13c246-1843-4b78-8b24-92f7cca97b5d"",""challenge_id"":""""}"
db2f322a-89c0-48fd-a992-d2cf2839c695,2026-05-25T13:45:19.782Z,matching,matching-20260525134105742-d81d5d,reverse,ko-0054,0,1309,-20,250,230,english,korean,"{""selected_id"":""ko-0275"",""board_id"":""63bf3ba4-fed0-4263-8829-6a6c41968491"",""challenge_id"":""""}"
ba62a6a8-5d33-40b5-9ab5-75deda055c68,2026-05-25T13:45:23.219Z,matching,matching-20260525134105742-d81d5d,reverse,ko-0054,1,2609,26,230,256,english,korean,"{""selected_id"":""ko-0054"",""board_id"":""63bf3ba4-fed0-4263-8829-6a6c41968491"",""challenge_id"":""""}"
255f136b-a28a-407d-a367-27dadb522454,2026-05-25T13:45:32.541Z,matching,matching-20260525134105742-d81d5d,reverse,ko-0213,1,8908,6,250,256,english,korean,"{""selected_id"":""ko-0213"",""board_id"":""63bf3ba4-fed0-4263-8829-6a6c41968491"",""challenge_id"":""""}"
48c04590-04c2-414e-aeff-8e77635a5de8,2026-05-25T13:45:44.405Z,matching,matching-20260525134105742-d81d5d,normal,ko-0450,1,10362,6,250,256,korean,english,"{""selected_id"":""ko-0450"",""board_id"":""63bf3ba4-fed0-4263-8829-6a6c41968491"",""challenge_id"":""""}"
888df467-a8de-40a7-9048-1ba62340942c,2026-05-25T13:45:51.152Z,matching,matching-20260525134105742-d81d5d,sound,ko-0208,1,4625,18,250,268,sound,korean,"{""selected_id"":""ko-0208"",""board_id"":""c7b7b758-fa73-4480-87cd-e58aa56d988d"",""challenge_id"":""676c3c2b-b1fa-4f3c-a33f-7d44dab8c5ef""}"
6f43187d-25cc-4387-a512-7aa3b7988c6c,2026-05-25T13:45:57.548Z,matching,matching-20260525134105742-d81d5d,sound,ko-0034,1,5775,14,271,285,sound,korean,"{""selected_id"":""ko-0034"",""board_id"":""c7b7b758-fa73-4480-87cd-e58aa56d988d"",""challenge_id"":""676c3c2b-b1fa-4f3c-a33f-7d44dab8c5ef""}"
79aa5a1d-8cff-4b19-83ff-ae048d542de8,2026-05-25T13:46:00.616Z,matching,matching-20260525134105742-d81d5d,sound,ko-0113,1,2532,26,278,304,sound,korean,"{""selected_id"":""ko-0113"",""board_id"":""c7b7b758-fa73-4480-87cd-e58aa56d988d"",""challenge_id"":""676c3c2b-b1fa-4f3c-a33f-7d44dab8c5ef""}"
d1a8f8d9-5522-420e-b1a1-4fe0e0482e7c,2026-05-25T13:46:03.048Z,matching,matching-20260525134105742-d81d5d,sound,ko-0380,1,1770,29,250,279,sound,korean,"{""selected_id"":""ko-0380"",""board_id"":""be2c21a8-4d1e-4196-bc23-d6901f9cc6dd"",""challenge_id"":""676c3c2b-b1fa-4f3c-a33f-7d44dab8c5ef""}"
1d6bb3d6-67ef-4706-b567-49de8b94869a,2026-05-25T13:46:07.947Z,matching,matching-20260525134105742-d81d5d,sound,ko-0275,0,1,-20,250,230,sound,korean,"{""selected_id"":""ko-0354"",""board_id"":""be2c21a8-4d1e-4196-bc23-d6901f9cc6dd"",""challenge_id"":""676c3c2b-b1fa-4f3c-a33f-7d44dab8c5ef""}"
532670e6-ae1f-4d46-a7d3-9cdd291a37e2,2026-05-25T13:46:09.334Z,matching,matching-20260525134105742-d81d5d,sound,ko-0275,1,1,34,230,264,sound,korean,"{""selected_id"":""ko-0275"",""board_id"":""be2c21a8-4d1e-4196-bc23-d6901f9cc6dd"",""challenge_id"":""676c3c2b-b1fa-4f3c-a33f-7d44dab8c5ef""}"
84bef6c1-99df-4300-894b-43df4c42b3cb,2026-05-25T13:46:15.065Z,matching,matching-20260525134105742-d81d5d,sound,ko-0354,1,5021,17,250,267,sound,korean,"{""selected_id"":""ko-0354"",""board_id"":""be2c21a8-4d1e-4196-bc23-d6901f9cc6dd"",""challenge_id"":""676c3c2b-b1fa-4f3c-a33f-7d44dab8c5ef""}"
369eb3c3-34b0-497a-afa5-5f79a602ee1a,2026-05-25T13:46:17.913Z,matching,matching-20260525134105742-d81d5d,sound,ko-0054,1,2378,27,256,283,sound,korean,"{""selected_id"":""ko-0054"",""board_id"":""6a2915e0-8a7b-4b64-97d9-4f43fd2d4a9c"",""challenge_id"":""676c3c2b-b1fa-4f3c-a33f-7d44dab8c5ef""}"
58b93e02-5fc9-428d-bf99-056c291eb34a,2026-05-25T13:46:21.898Z,matching,matching-20260525134105742-d81d5d,sound,ko-0077,1,3368,23,250,273,sound,korean,"{""selected_id"":""ko-0077"",""board_id"":""6a2915e0-8a7b-4b64-97d9-4f43fd2d4a9c"",""challenge_id"":""676c3c2b-b1fa-4f3c-a33f-7d44dab8c5ef""}"
a7ba97fe-7f89-481d-acbf-86bf823b5234,2026-05-25T13:46:25.803Z,matching,matching-20260525134105742-d81d5d,sound,ko-0159,1,3227,23,256,279,sound,korean,"{""selected_id"":""ko-0159"",""board_id"":""6a2915e0-8a7b-4b64-97d9-4f43fd2d4a9c"",""challenge_id"":""676c3c2b-b1fa-4f3c-a33f-7d44dab8c5ef""}"
6dc69641-0e49-4ddf-b5d5-972d6dcf4575,2026-05-25T13:46:33.948Z,matching,matching-20260525134105742-d81d5d,sound,ko-0422,1,7685,7,268,275,sound,korean,"{""selected_id"":""ko-0422"",""board_id"":""0aab7589-669c-400c-9444-a1f79d27700f"",""challenge_id"":""676c3c2b-b1fa-4f3c-a33f-7d44dab8c5ef""}"
19761902-fd45-46b2-b5c2-b9f14c0155b7,2026-05-25T13:46:37.825Z,matching,matching-20260525134105742-d81d5d,normal,ko-0476,1,2728,25,250,275,korean,english,"{""selected_id"":""ko-0476"",""board_id"":""0aab7589-669c-400c-9444-a1f79d27700f"",""challenge_id"":""""}"
9dee5dd0-b6f1-4135-8579-e3b327d6e6ad,2026-05-25T13:46:43.330Z,matching,matching-20260525134105742-d81d5d,normal,ko-0360,1,4071,20,250,270,korean,english,"{""selected_id"":""ko-0360"",""board_id"":""0aab7589-669c-400c-9444-a1f79d27700f"",""challenge_id"":""""}"
a9ca1ece-c6fd-48c1-a21e-8eade522a111,2026-05-25T13:46:57.450Z,matching,matching-20260525134105742-d81d5d,normal,ko-0405,0,0,-20,250,230,korean,english,"{""selected_id"":""ko-0311"",""board_id"":""dcf7772b-1fd7-4897-9b8a-a5107c1f44ab"",""challenge_id"":""""}"
d9c056bc-c774-4085-ac61-b37d604218b3,2026-05-25T13:47:05.452Z,matching,matching-20260525134105742-d81d5d,normal,ko-0405,0,1,-20,230,210,korean,english,"{""selected_id"":""ko-0407"",""board_id"":""dcf7772b-1fd7-4897-9b8a-a5107c1f44ab"",""challenge_id"":""""}"
bdd46a8a-b40b-46c6-a856-159a4bbee52b,2026-05-25T13:47:08.931Z,matching,matching-20260525134105742-d81d5d,normal,ko-0405,0,1,-20,210,190,korean,english,"{""selected_id"":""ko-0365"",""board_id"":""dcf7772b-1fd7-4897-9b8a-a5107c1f44ab"",""challenge_id"":""""}"
c8565213-c54e-4162-b661-b83155114bbb,2026-05-25T13:47:25.484Z,matching,matching-20260525134105742-d81d5d,normal,ko-0405,1,1,34,190,224,korean,english,"{""selected_id"":""ko-0405"",""board_id"":""dcf7772b-1fd7-4897-9b8a-a5107c1f44ab"",""challenge_id"":""""}"
d0eb0497-905a-4a55-959b-72346f144a87,2026-05-25T13:47:28.582Z,matching,matching-20260525134105742-d81d5d,normal,ko-0190,1,1443,30,250,280,korean,english,"{""selected_id"":""ko-0190"",""board_id"":""dcf7772b-1fd7-4897-9b8a-a5107c1f44ab"",""challenge_id"":""""}"
398a92ae-8288-4ee4-aede-b0c4af950b18,2026-05-25T13:47:34.218Z,matching,matching-20260525134105742-d81d5d,sound,ko-0243,1,4537,19,250,269,sound,korean,"{""selected_id"":""ko-0243"",""board_id"":""dcf7772b-1fd7-4897-9b8a-a5107c1f44ab"",""challenge_id"":""4ab710fa-6e7b-4ec3-ab1b-118cd2bd018a""}"
c4ba54bf-532d-4599-a9c8-399e2344c0c4,2026-05-25T13:47:40.563Z,matching,matching-20260525134105742-d81d5d,sound,ko-0365,1,5656,15,250,265,sound,korean,"{""selected_id"":""ko-0365"",""board_id"":""6750f6c7-24bd-4b16-97d1-1dce2463fa99"",""challenge_id"":""4ab710fa-6e7b-4ec3-ab1b-118cd2bd018a""}"
2f2c13f7-eb6c-4149-bca7-6207d23ee93d,2026-05-25T13:47:46.637Z,matching,matching-20260525134105742-d81d5d,sound,ko-0311,1,4504,19,250,269,sound,korean,"{""selected_id"":""ko-0311"",""board_id"":""6750f6c7-24bd-4b16-97d1-1dce2463fa99"",""challenge_id"":""4ab710fa-6e7b-4ec3-ab1b-118cd2bd018a""}"
94be5c38-ee6e-4075-9cd2-02fa3736b59b,2026-05-25T13:47:52.248Z,matching,matching-20260525134105742-d81d5d,sound,ko-0210,1,4854,18,250,268,sound,korean,"{""selected_id"":""ko-0210"",""board_id"":""6750f6c7-24bd-4b16-97d1-1dce2463fa99"",""challenge_id"":""4ab710fa-6e7b-4ec3-ab1b-118cd2bd018a""}"
cfa55182-2d71-4f78-830d-2ab3edb59518,2026-05-25T13:47:55.696Z,matching,matching-20260525134105742-d81d5d,sound,ko-0407,1,2764,25,250,275,sound,korean,"{""selected_id"":""ko-0407"",""board_id"":""ae3a5a15-2333-4a44-9d67-928720981f64"",""challenge_id"":""4ab710fa-6e7b-4ec3-ab1b-118cd2bd018a""}"
fee4707e-f615-4c43-943d-39c6e76ac403,2026-05-25T13:47:59.784Z,matching,matching-20260525134105742-d81d5d,sound,ko-0260,1,3569,22,250,272,sound,korean,"{""selected_id"":""ko-0260"",""board_id"":""ae3a5a15-2333-4a44-9d67-928720981f64"",""challenge_id"":""4ab710fa-6e7b-4ec3-ab1b-118cd2bd018a""}"
9e7a3455-1861-4978-b78c-a68a9c8e6196,2026-05-25T13:48:04.044Z,matching,matching-20260525134105742-d81d5d,sound,ko-0339,1,1,34,277,311,sound,korean,"{""selected_id"":""ko-0339"",""board_id"":""ae3a5a15-2333-4a44-9d67-928720981f64"",""challenge_id"":""4ab710fa-6e7b-4ec3-ab1b-118cd2bd018a""}"
40d11688-c8e0-419e-bfa7-59c0f15c4c9c,2026-05-25T13:48:10.561Z,matching,matching-20260525134105742-d81d5d,sound,ko-0249,1,5978,13,284,297,sound,korean,"{""selected_id"":""ko-0249"",""board_id"":""2f31638d-6efd-44e3-9939-7bcec6b67ae8"",""challenge_id"":""4ab710fa-6e7b-4ec3-ab1b-118cd2bd018a""}"
85dd5a35-e0b8-440d-9d0b-aa8c494e0f19,2026-05-25T13:48:14.090Z,matching,matching-20260525134105742-d81d5d,sound,ko-0012,1,2976,24,250,274,sound,korean,"{""selected_id"":""ko-0012"",""board_id"":""2f31638d-6efd-44e3-9939-7bcec6b67ae8"",""challenge_id"":""4ab710fa-6e7b-4ec3-ab1b-118cd2bd018a""}"
1fede23a-0996-4ffa-b5b6-5de0d4bb9a41,2026-05-25T13:48:18.005Z,matching,matching-20260525134105742-d81d5d,normal,ko-0011,1,3121,24,250,274,korean,english,"{""selected_id"":""ko-0011"",""board_id"":""2f31638d-6efd-44e3-9939-7bcec6b67ae8"",""challenge_id"":""""}"
b79fe45f-fe71-4d09-9427-ad049061627b,2026-05-25T13:48:32.872Z,matching,matching-20260525134105742-d81d5d,normal,ko-0441,1,13533,6,250,256,korean,english,"{""selected_id"":""ko-0441"",""board_id"":""2e5900f3-c747-4487-b6ad-1153b371ab5a"",""challenge_id"":""""}"
0c9c6942-cbd8-47e7-872b-b803c5634dc9,2026-05-25T13:48:36.939Z,matching,matching-20260525134105742-d81d5d,normal,ko-0218,1,2158,27,250,277,korean,english,"{""selected_id"":""ko-0218"",""board_id"":""2e5900f3-c747-4487-b6ad-1153b371ab5a"",""challenge_id"":""""}"
91e60cb4-9a6b-454b-bc2a-af6752a0ead0,2026-05-25T13:48:39.214Z,matching,matching-20260525134105742-d81d5d,normal,ko-0446,1,1920,28,250,278,korean,english,"{""selected_id"":""ko-0446"",""board_id"":""2e5900f3-c747-4487-b6ad-1153b371ab5a"",""challenge_id"":""""}"
77b14abb-bd50-4829-a175-a6f51cbf8eb3,2026-05-25T13:48:43.880Z,matching,matching-20260525134105742-d81d5d,normal,ko-0275,1,4145,20,264,284,korean,english,"{""selected_id"":""ko-0275"",""board_id"":""55c6f9a9-4136-4e91-9dc4-4dccfd60ff04"",""challenge_id"":""""}"
f8242b61-cdc2-4ecd-9f1b-d50ebab4f44f,2026-05-25T13:48:47.266Z,matching,matching-20260525134105742-d81d5d,normal,ko-0300,1,1,34,274,308,korean,english,"{""selected_id"":""ko-0300"",""board_id"":""55c6f9a9-4136-4e91-9dc4-4dccfd60ff04"",""challenge_id"":""""}"
f5b263c3-d545-47e8-a88a-0345623ed2bd,2026-05-25T13:48:52.169Z,matching,matching-20260525134105742-d81d5d,normal,ko-0371,1,4314,19,250,269,korean,english,"{""selected_id"":""ko-0371"",""board_id"":""55c6f9a9-4136-4e91-9dc4-4dccfd60ff04"",""challenge_id"":""""}"
ad74edea-3498-4d5f-b056-bd0ff6e28660,2026-05-25T13:48:54.867Z,matching,matching-20260525134105742-d81d5d,normal,ko-0215,1,2133,27,250,277,korean,english,"{""selected_id"":""ko-0215"",""board_id"":""e07beb1f-5f2a-4378-8428-d6c393e058c6"",""challenge_id"":""""}"
719fc81e-658b-4b83-a960-c1caccd1a24c,2026-05-25T13:48:59.971Z,matching,matching-20260525134105742-d81d5d,normal,ko-0147,1,4532,19,250,269,korean,english,"{""selected_id"":""ko-0147"",""board_id"":""e07beb1f-5f2a-4378-8428-d6c393e058c6"",""challenge_id"":""""}"
b3912e4a-b55a-4b7d-9b0f-5b4733a56a9e,2026-05-25T13:49:04.115Z,matching,matching-20260525134105742-d81d5d,reverse,ko-0217,1,2393,27,250,277,english,korean,"{""selected_id"":""ko-0217"",""board_id"":""e07beb1f-5f2a-4378-8428-d6c393e058c6"",""challenge_id"":""""}"
e1010f16-79c4-47a4-b83d-2cdd118a2110,2026-05-25T13:49:18.511Z,matching,matching-20260525134105742-d81d5d,reverse,ko-0337,1,13390,6,250,256,english,korean,"{""selected_id"":""ko-0337"",""board_id"":""4679472c-c23d-4ae1-be63-6f36c37dd4d2"",""challenge_id"":""""}"
6042dd92-9d7a-437d-933e-3a2969c09481,2026-05-25T13:49:33.199Z,matching,matching-20260525134105742-d81d5d,reverse,ko-0206,0,13834,-20,250,230,english,korean,"{""selected_id"":""ko-0127"",""board_id"":""4679472c-c23d-4ae1-be63-6f36c37dd4d2"",""challenge_id"":""""}"
2ac28996-d7d5-4cfb-bb38-93041db99942,2026-05-25T13:49:41.675Z,matching,matching-20260525134105742-d81d5d,reverse,ko-0206,1,3766,21,230,251,english,korean,"{""selected_id"":""ko-0206"",""board_id"":""4679472c-c23d-4ae1-be63-6f36c37dd4d2"",""challenge_id"":""""}"
57da8bfb-6ba7-49e5-a2e3-83195d60ee37,2026-05-25T13:49:52.112Z,matching,matching-20260525134105742-d81d5d,reverse,ko-0127,0,9756,-20,250,230,english,korean,"{""selected_id"":""ko-0283"",""board_id"":""4679472c-c23d-4ae1-be63-6f36c37dd4d2"",""challenge_id"":""""}"
a1f8adfd-3b79-4edb-99e2-df7ed9aede96,2026-05-25T13:50:02.793Z,matching,matching-20260525134105742-d81d5d,reverse,ko-0127,1,3785,21,230,251,english,korean,"{""selected_id"":""ko-0127"",""board_id"":""4679472c-c23d-4ae1-be63-6f36c37dd4d2"",""challenge_id"":""""}"
72e454bc-b72b-4055-881d-29a4fcbce848,2026-05-25T13:50:08.778Z,matching,matching-20260525134105742-d81d5d,reverse,ko-0036,1,1,34,250,284,english,korean,"{""selected_id"":""ko-0036"",""board_id"":""13a43bd7-7b9e-49b2-af40-a74966ed2c61"",""challenge_id"":""""}"
f75e4a60-3bb4-48c0-b969-ac0a41aeb389,2026-05-25T13:50:11.537Z,matching,matching-20260525134105742-d81d5d,reverse,ko-0349,1,2049,28,250,278,english,korean,"{""selected_id"":""ko-0349"",""board_id"":""13a43bd7-7b9e-49b2-af40-a74966ed2c61"",""challenge_id"":""""}"
94732cc8-96ee-4174-b648-6f649970c7f1,2026-05-25T13:50:15.021Z,matching,matching-20260525134105742-d81d5d,normal,ko-0037,1,2676,25,250,275,korean,english,"{""selected_id"":""ko-0037"",""board_id"":""13a43bd7-7b9e-49b2-af40-a74966ed2c61"",""challenge_id"":""""}"
feb0ee2d-8d68-431a-b750-0786907353f8,2026-05-25T13:50:18.930Z,matching,matching-20260525134105742-d81d5d,normal,ko-0109,1,3483,23,250,273,korean,english,"{""selected_id"":""ko-0109"",""board_id"":""4da0a4bf-9122-458d-844b-cabfb2090de4"",""challenge_id"":""""}"
ac672343-2b2b-4071-830b-7ba770da172f,2026-05-25T13:50:22.865Z,matching,matching-20260525134105742-d81d5d,normal,ko-0283,1,2603,26,250,276,korean,english,"{""selected_id"":""ko-0283"",""board_id"":""4da0a4bf-9122-458d-844b-cabfb2090de4"",""challenge_id"":""""}"
ae148787-e5b3-48cb-b9aa-c748b724cf80,2026-05-25T13:50:26.851Z,matching,matching-20260525134105742-d81d5d,normal,ko-0035,1,2017,28,250,278,korean,english,"{""selected_id"":""ko-0035"",""board_id"":""4da0a4bf-9122-458d-844b-cabfb2090de4"",""challenge_id"":""""}"
a15bd5f8-046d-4f70-86e3-1aaf0999507a,2026-05-25T13:50:31.898Z,matching,matching-20260525134105742-d81d5d,normal,ko-0151,1,4433,19,250,269,korean,english,"{""selected_id"":""ko-0151"",""board_id"":""6cd31d85-1786-4686-9f8b-80b0e741ec7c"",""challenge_id"":""""}"
246e1f14-9d9e-49f6-9a3c-3d6e82d972f0,2026-05-25T13:50:35.128Z,matching,matching-20260525134105742-d81d5d,normal,ko-0399,1,2673,25,250,275,korean,english,"{""selected_id"":""ko-0399"",""board_id"":""6cd31d85-1786-4686-9f8b-80b0e741ec7c"",""challenge_id"":""""}"
1b664b15-cfe5-4d66-b9ab-66a9f266d2d3,2026-05-25T13:50:39.682Z,matching,matching-20260525134105742-d81d5d,normal,ko-0467,1,1,34,274,308,korean,english,"{""selected_id"":""ko-0467"",""board_id"":""6cd31d85-1786-4686-9f8b-80b0e741ec7c"",""challenge_id"":""""}"
918e56a1-5f24-4c3a-9a5d-dc597982e6b1,2026-05-25T13:50:43.549Z,matching,matching-20260525134105742-d81d5d,normal,ko-0079,1,3064,24,250,274,korean,english,"{""selected_id"":""ko-0079"",""board_id"":""184cf61f-11d9-42a6-a042-7f287f3e1b9f"",""challenge_id"":""""}"
c8645908-1075-4575-97ac-3ac6d8ea5402,2026-05-25T13:50:47.677Z,matching,matching-20260525134105742-d81d5d,normal,ko-0284,1,3569,22,250,272,korean,english,"{""selected_id"":""ko-0284"",""board_id"":""184cf61f-11d9-42a6-a042-7f287f3e1b9f"",""challenge_id"":""""}"
b79571f5-ad5d-4cea-aeba-eae74303f328,2026-05-25T13:50:53.005Z,matching,matching-20260525134105742-d81d5d,normal,ko-0254,1,4693,18,250,268,korean,english,"{""selected_id"":""ko-0254"",""board_id"":""184cf61f-11d9-42a6-a042-7f287f3e1b9f"",""challenge_id"":""""}"
33eb1168-42b3-4e8d-b768-44413cf45e88,2026-05-25T13:52:30.045Z,matching,matching-20260525134105742-d81d5d,writing,ko-0193,1,96778,6,250,256,translation,typed_korean,"{""selected_id"":""카페"",""board_id"":""9f8628a5-aef7-48d6-9d29-5fda94259665"",""challenge_id"":""55e57a13-6ca2-46c5-b595-c9c334719207""}"
6fcda056-3b00-4041-84a0-5c9c92a1040a,2026-05-25T13:53:12.016Z,matching,matching-20260525134105742-d81d5d,writing,ko-0312,0,41628,-20,250,230,sound,typed_korean,"{""selected_id"":""우정하다"",""board_id"":""9f8628a5-aef7-48d6-9d29-5fda94259665"",""challenge_id"":""""}"
5557e718-f32c-45de-bd0e-f75e548dadc1,2026-05-25T13:53:37.128Z,matching,matching-20260525134105742-d81d5d,writing,ko-0102,0,24233,-20,281,261,sound,typed_korean,"{""selected_id"":""들"",""board_id"":""9f8628a5-aef7-48d6-9d29-5fda94259665"",""challenge_id"":""""}"
3447f20f-fbb3-4d15-98ae-a30410a51cf4,2026-05-25T13:54:09.483Z,matching,matching-20260525134105742-d81d5d,writing,ko-0332,1,31487,6,250,256,sound,typed_korean,"{""selected_id"":""따뜻하다"",""board_id"":""9f8628a5-aef7-48d6-9d29-5fda94259665"",""challenge_id"":""""}"
11db24ce-aba4-4ed9-9ec4-7ef7ec76383d,2026-05-25T13:54:32.347Z,matching,matching-20260525134105742-d81d5d,writing,ko-0004,1,22527,6,250,256,sound,typed_korean,"{""selected_id"":""당신"",""board_id"":""9f8628a5-aef7-48d6-9d29-5fda94259665"",""challenge_id"":""""}"
ae102ae5-a44f-44de-aa94-2c2993e07394,2026-05-25T14:13:51.494Z,matching,matching-20260525141337079-f9847d,normal,ko-0140,1,5051,17,250,267,korean,english,"{""selected_id"":""ko-0140"",""board_id"":""b8e2b11f-347a-4a80-a7d8-5c36f929852e"",""challenge_id"":""""}"
59fcb56b-4b2e-42ab-a6e1-407df967f296,2026-05-25T14:13:55.112Z,matching,matching-20260525141337079-f9847d,normal,ko-0173,1,2942,25,277,302,korean,english,"{""selected_id"":""ko-0173"",""board_id"":""b8e2b11f-347a-4a80-a7d8-5c36f929852e"",""challenge_id"":""""}"
b23dcc37-35cb-4374-a769-f0ff4bc05636,2026-05-25T14:14:02.560Z,matching,matching-20260525141337079-f9847d,normal,ko-0210,1,6926,10,268,278,korean,english,"{""selected_id"":""ko-0210"",""board_id"":""b8e2b11f-347a-4a80-a7d8-5c36f929852e"",""challenge_id"":""""}"
e4fe71fd-d72d-4337-9aca-6f22f86e554a,2026-05-25T14:14:10.962Z,matching,matching-20260525141337079-f9847d,normal,ko-0420,1,7315,9,250,259,korean,english,"{""selected_id"":""ko-0420"",""board_id"":""af939fbd-d6e3-4f7f-9a33-828b62ab228b"",""challenge_id"":""""}"
6358b7fe-949f-41df-b478-b1a239ac5999,2026-05-25T14:14:15.560Z,matching,matching-20260525141337079-f9847d,normal,ko-0166,1,3447,23,250,273,korean,english,"{""selected_id"":""ko-0166"",""board_id"":""af939fbd-d6e3-4f7f-9a33-828b62ab228b"",""challenge_id"":""""}"
5dd1a318-a35f-4388-8949-d0b40a4f5fe7,2026-05-25T14:14:21.662Z,matching,matching-20260525141337079-f9847d,normal,ko-0409,1,4895,17,250,267,korean,english,"{""selected_id"":""ko-0409"",""board_id"":""af939fbd-d6e3-4f7f-9a33-828b62ab228b"",""challenge_id"":""""}"
1aff80ec-3034-433f-882b-81e9266066df,2026-05-25T14:14:27.566Z,matching,matching-20260525141337079-f9847d,normal,ko-0243,0,5173,-20,269,249,korean,english,"{""selected_id"":""ko-0068"",""board_id"":""58f7412e-a943-4ef6-bfbf-b283b56c335f"",""challenge_id"":""""}"
b787b2a7-7bda-4eb3-925b-2410b35565f0,2026-05-25T14:14:36.129Z,matching,matching-20260525141337079-f9847d,normal,ko-0068,1,1238,31,250,281,korean,english,"{""selected_id"":""ko-0068"",""board_id"":""58f7412e-a943-4ef6-bfbf-b283b56c335f"",""challenge_id"":""""}"
bf6b57b8-4a50-4f33-92c4-a08071a6fd83,2026-05-25T14:14:39.108Z,matching,matching-20260525141337079-f9847d,normal,ko-0222,1,2436,26,256,282,korean,english,"{""selected_id"":""ko-0222"",""board_id"":""58f7412e-a943-4ef6-bfbf-b283b56c335f"",""challenge_id"":""""}"
dd4c0ec1-b6f1-45d1-8684-cda62f1da55b,2026-05-25T14:14:42.700Z,matching,matching-20260525141337079-f9847d,sound,ko-0406,1,3039,24,250,274,sound,korean,"{""selected_id"":""ko-0406"",""board_id"":""1d9c2f86-3867-4f6d-a08d-fd4848755598"",""challenge_id"":""e3232e5a-2069-4190-9a13-9043411b043f""}"
6451dc05-5def-4097-8d9c-628daa9d9435,2026-05-25T14:14:47.142Z,matching,matching-20260525141337079-f9847d,sound,ko-0396,1,3888,21,250,271,sound,korean,"{""selected_id"":""ko-0396"",""board_id"":""1d9c2f86-3867-4f6d-a08d-fd4848755598"",""challenge_id"":""e3232e5a-2069-4190-9a13-9043411b043f""}"
7325eb00-46dc-43fd-aec9-c2b330097008,2026-05-25T14:14:50.721Z,matching,matching-20260525141337079-f9847d,sound,ko-0049,1,2887,25,250,275,sound,korean,"{""selected_id"":""ko-0049"",""board_id"":""1d9c2f86-3867-4f6d-a08d-fd4848755598"",""challenge_id"":""e3232e5a-2069-4190-9a13-9043411b043f""}"
77daac85-4f5a-4c9e-8c2a-7fce202d4231,2026-05-25T14:14:53.989Z,matching,matching-20260525141337079-f9847d,sound,ko-0314,1,2363,27,250,277,sound,korean,"{""selected_id"":""ko-0314"",""board_id"":""4dbf78f1-ca7c-44f3-9385-7a42db5c973c"",""challenge_id"":""e3232e5a-2069-4190-9a13-9043411b043f""}"
dcb8d393-96ff-4ffb-9309-656c48857ad2,2026-05-25T14:14:57.395Z,matching,matching-20260525141337079-f9847d,sound,ko-0242,1,2847,25,250,275,sound,korean,"{""selected_id"":""ko-0242"",""board_id"":""4dbf78f1-ca7c-44f3-9385-7a42db5c973c"",""challenge_id"":""e3232e5a-2069-4190-9a13-9043411b043f""}"
4a6e92da-dd6d-4a5e-96e8-593af4aa34dd,2026-05-25T14:15:00.046Z,matching,matching-20260525141337079-f9847d,sound,ko-0226,1,2244,27,250,277,sound,korean,"{""selected_id"":""ko-0226"",""board_id"":""4dbf78f1-ca7c-44f3-9385-7a42db5c973c"",""challenge_id"":""e3232e5a-2069-4190-9a13-9043411b043f""}"
40d732ea-c8c2-4082-ab0b-78f78b08b580,2026-05-25T14:15:02.846Z,matching,matching-20260525141337079-f9847d,sound,ko-0322,1,2032,28,250,278,sound,korean,"{""selected_id"":""ko-0322"",""board_id"":""631bc992-c77b-4e21-bf90-5df537a919db"",""challenge_id"":""e3232e5a-2069-4190-9a13-9043411b043f""}"
7fd41287-3a9a-4096-8419-74555449d517,2026-05-25T14:15:06.227Z,matching,matching-20260525141337079-f9847d,sound,ko-0027,1,2739,25,250,275,sound,korean,"{""selected_id"":""ko-0027"",""board_id"":""631bc992-c77b-4e21-bf90-5df537a919db"",""challenge_id"":""e3232e5a-2069-4190-9a13-9043411b043f""}"
b2352454-a805-4b02-b97e-097ec71c6846,2026-05-25T14:15:10.411Z,matching,matching-20260525141337079-f9847d,sound,ko-0323,1,3621,22,250,272,sound,korean,"{""selected_id"":""ko-0323"",""board_id"":""631bc992-c77b-4e21-bf90-5df537a919db"",""challenge_id"":""e3232e5a-2069-4190-9a13-9043411b043f""}"
20fa461e-c24e-43f8-8d1a-73e202a5d803,2026-05-25T14:15:15.004Z,matching,matching-20260525141337079-f9847d,sound,ko-0074,1,4078,20,250,270,sound,korean,"{""selected_id"":""ko-0074"",""board_id"":""0a89c4f9-ecba-4b47-95a9-0098bad427e2"",""challenge_id"":""e3232e5a-2069-4190-9a13-9043411b043f""}"
b1a731a5-6a8f-4a4f-8901-fdaf834ca19b,2026-05-25T14:15:21.258Z,matching,matching-20260525141337079-f9847d,sound,ko-0235,1,5569,15,284,299,sound,korean,"{""selected_id"":""ko-0235"",""board_id"":""0a89c4f9-ecba-4b47-95a9-0098bad427e2"",""challenge_id"":""e3232e5a-2069-4190-9a13-9043411b043f""}"
70c215c5-1527-4ddb-aaab-90d16d22969a,2026-05-25T14:15:27.211Z,matching,matching-20260525141337079-f9847d,normal,ko-0490,1,5238,16,210,226,korean,english,"{""selected_id"":""ko-0490"",""board_id"":""0a89c4f9-ecba-4b47-95a9-0098bad427e2"",""challenge_id"":""""}"
0390d874-5032-45a1-a8ec-3f96ea94811f,2026-05-25T14:15:31.056Z,matching,matching-20260525141337079-f9847d,normal,ko-0403,1,2934,25,250,275,korean,english,"{""selected_id"":""ko-0403"",""board_id"":""4d48f2a3-80ef-4e62-852d-b09c8de6e77a"",""challenge_id"":""""}"
9cc2ceb2-0bc2-4c59-af13-e19e0d675391,2026-05-25T14:15:38.457Z,matching,matching-20260525141337079-f9847d,normal,ko-0256,0,6887,-20,250,230,korean,english,"{""selected_id"":""ko-0381"",""board_id"":""4d48f2a3-80ef-4e62-852d-b09c8de6e77a"",""challenge_id"":""""}"
e71599ae-7973-4e9f-958f-2cbaeaa1050c,2026-05-25T14:15:47.189Z,matching,matching-20260525141337079-f9847d,normal,ko-0118,1,4915,17,250,267,korean,english,"{""selected_id"":""ko-0118"",""board_id"":""4d48f2a3-80ef-4e62-852d-b09c8de6e77a"",""challenge_id"":""""}"
e3e676fc-be98-47a9-8c0f-0ed38da1cffe,2026-05-25T14:15:58.245Z,matching,matching-20260525141337079-f9847d,normal,ko-0229,1,10465,6,250,256,korean,english,"{""selected_id"":""ko-0229"",""board_id"":""c3c79907-5f83-4fae-888a-60e7c5d464e6"",""challenge_id"":""""}"
e5e33b54-f01f-4033-946f-c29c1fb34ea7,2026-05-25T14:16:00.653Z,matching,matching-20260525141337079-f9847d,normal,ko-0042,1,1748,29,250,279,korean,english,"{""selected_id"":""ko-0042"",""board_id"":""c3c79907-5f83-4fae-888a-60e7c5d464e6"",""challenge_id"":""""}"
841c65e8-e9ad-49d4-9d91-b5e6f41558e2,2026-05-25T14:16:02.932Z,matching,matching-20260525141337079-f9847d,normal,ko-0108,1,1794,29,250,279,korean,english,"{""selected_id"":""ko-0108"",""board_id"":""c3c79907-5f83-4fae-888a-60e7c5d464e6"",""challenge_id"":""""}"
10e3b100-5ae1-4b30-bc43-da466763ff80,2026-05-25T14:16:19.972Z,matching,matching-20260525141337079-f9847d,writing,ko-0026,0,16780,-20,250,230,translation,typed_korean,"{""selected_id"":""여자"",""board_id"":""3037028d-0e40-419c-b13e-31d72aac9046"",""challenge_id"":""a84e63cc-a03d-4b3d-ae8b-5bd2cabc30f2""}"
c85523ea-0d90-4d56-80be-fe590fd51aca,2026-05-25T14:17:06.473Z,matching,matching-20260525141337079-f9847d,writing,ko-0183,0,37220,-20,250,230,translation,typed_korean,"{""selected_id"":""맛업다"",""board_id"":""3037028d-0e40-419c-b13e-31d72aac9046"",""challenge_id"":""a84e63cc-a03d-4b3d-ae8b-5bd2cabc30f2""}"
e8d9a58c-9ed3-4017-aae4-c1f750685eb8,2026-05-25T14:17:28.415Z,matching,matching-20260525141337079-f9847d,writing,ko-0384,0,4238,-20,250,230,translation,typed_korean,"{""selected_id"":"""",""board_id"":""3037028d-0e40-419c-b13e-31d72aac9046"",""challenge_id"":""a84e63cc-a03d-4b3d-ae8b-5bd2cabc30f2""}"
9a2e257b-fa5e-4050-9b3a-cb9d74a15e3e,2026-05-25T14:25:08.276Z,matching,matching-20260525142305535-2296d4,normal,ko-0475,1,2615,26,250,276,korean,english,"{""selected_id"":""ko-0475"",""board_id"":""ed8244ca-a3ec-4b9e-9140-be007f1b49e9"",""challenge_id"":""""}"
c9ebb710-0e49-4a8b-b680-2d77064498ce,2026-05-25T14:25:10.787Z,matching,matching-20260525142305535-2296d4,normal,ko-0436,1,1942,28,250,278,korean,english,"{""selected_id"":""ko-0436"",""board_id"":""ed8244ca-a3ec-4b9e-9140-be007f1b49e9"",""challenge_id"":""""}"
c2560d29-aed2-4404-aa52-78397acbd891,2026-05-25T14:25:13.537Z,matching,matching-20260525142305535-2296d4,normal,ko-0268,1,2262,27,275,302,korean,english,"{""selected_id"":""ko-0268"",""board_id"":""ed8244ca-a3ec-4b9e-9140-be007f1b49e9"",""challenge_id"":""""}"
2cb4667f-ecc1-48f7-b072-a4f69a66dabb,2026-05-25T14:25:16.310Z,matching,matching-20260525142305535-2296d4,normal,ko-0222,1,2154,27,282,309,korean,english,"{""selected_id"":""ko-0222"",""board_id"":""7e3480a9-824d-418b-9107-5484b5cdf0b3"",""challenge_id"":""""}"
3f3e9ec0-6c39-467f-b793-cf830fbeebe9,2026-05-25T14:25:18.420Z,matching,matching-20260525142305535-2296d4,normal,ko-0159,1,1804,29,279,308,korean,english,"{""selected_id"":""ko-0159"",""board_id"":""7e3480a9-824d-418b-9107-5484b5cdf0b3"",""challenge_id"":""""}"
1691c207-e02a-440c-a381-1271a3bf5331,2026-05-25T14:25:22.381Z,matching,matching-20260525142305535-2296d4,normal,ko-0241,1,3635,22,250,272,korean,english,"{""selected_id"":""ko-0241"",""board_id"":""7e3480a9-824d-418b-9107-5484b5cdf0b3"",""challenge_id"":""""}"
d17a2689-665a-40a0-b357-8e2662ccb737,2026-05-25T14:25:26.987Z,matching,matching-20260525142305535-2296d4,normal,ko-0202,1,3354,23,279,302,korean,english,"{""selected_id"":""ko-0202"",""board_id"":""13d8c692-13c1-45ed-86a5-bb3b267c3b78"",""challenge_id"":""""}"
77cf936d-cd8f-432d-aaab-d6bd3d692bbd,2026-05-25T14:25:31.855Z,matching,matching-20260525142305535-2296d4,normal,ko-0299,1,4244,20,250,270,korean,english,"{""selected_id"":""ko-0299"",""board_id"":""13d8c692-13c1-45ed-86a5-bb3b267c3b78"",""challenge_id"":""""}"
79904ade-d6c6-4539-8dbe-75e684eeca92,2026-05-25T14:25:34.072Z,matching,matching-20260525142305535-2296d4,normal,ko-0006,1,1715,29,250,279,korean,english,"{""selected_id"":""ko-0006"",""board_id"":""13d8c692-13c1-45ed-86a5-bb3b267c3b78"",""challenge_id"":""""}"
5e62c998-7c76-4346-bb64-b634176aa9c8,2026-05-25T14:25:37.472Z,matching,matching-20260525142305535-2296d4,silent,ko-0048,1,2263,27,279,306,korean,english,"{""selected_id"":""ko-0048"",""board_id"":""c0278827-9132-47bd-ac36-7595b9716ed6"",""challenge_id"":""""}"
4943c98a-7c74-4831-a27f-0fe6b553fcaf,2026-05-25T14:25:39.939Z,matching,matching-20260525142305535-2296d4,silent,ko-0253,1,2153,27,250,277,korean,english,"{""selected_id"":""ko-0253"",""board_id"":""c0278827-9132-47bd-ac36-7595b9716ed6"",""challenge_id"":""""}"
7751948b-9568-4b37-bf34-ffa796dcba05,2026-05-25T14:25:45.161Z,matching,matching-20260525142305535-2296d4,silent,ko-0483,0,4921,-20,250,230,korean,english,"{""selected_id"":""ko-0457"",""board_id"":""c0278827-9132-47bd-ac36-7595b9716ed6"",""challenge_id"":""""}"
afd3829d-b196-4e78-810d-7bbf8a05472a,2026-05-25T14:26:00.311Z,matching,matching-20260525142305535-2296d4,silent,ko-0457,1,9002,6,250,256,korean,english,"{""selected_id"":""ko-0457"",""board_id"":""90bea90c-1688-4283-af95-73c4e21c1406"",""challenge_id"":""""}"
c6dd2e32-822c-46a3-a11b-523d33a137bf,2026-05-25T14:26:07.839Z,matching,matching-20260525142305535-2296d4,silent,ko-0485,0,6508,-20,250,230,korean,english,"{""selected_id"":""ko-0308"",""board_id"":""90bea90c-1688-4283-af95-73c4e21c1406"",""challenge_id"":""""}"
3d8ad601-a7d3-4097-8db5-ee6935db4b97,2026-05-25T14:26:17.064Z,matching,matching-20260525142305535-2296d4,silent,ko-0308,1,2900,25,256,281,korean,english,"{""selected_id"":""ko-0308"",""board_id"":""90bea90c-1688-4283-af95-73c4e21c1406"",""challenge_id"":""""}"
3a562a2e-f091-4779-9414-92c666393636,2026-05-25T14:26:19.677Z,matching,matching-20260525142305535-2296d4,silent,ko-0280,1,2019,28,250,278,korean,english,"{""selected_id"":""ko-0280"",""board_id"":""52d8f360-6f1e-410b-a9fe-67b2dc167d8f"",""challenge_id"":""""}"
f0f7d636-8820-4d9a-ab0e-24a4d67a8018,2026-05-25T14:26:23.816Z,matching,matching-20260525142305535-2296d4,silent,ko-0214,1,3536,22,250,272,korean,english,"{""selected_id"":""ko-0214"",""board_id"":""52d8f360-6f1e-410b-a9fe-67b2dc167d8f"",""challenge_id"":""""}"
01eefe20-b954-4068-a382-a0a0ad78dfc1,2026-05-25T14:26:28.038Z,matching,matching-20260525142305535-2296d4,normal,ko-0283,1,2854,25,276,301,korean,english,"{""selected_id"":""ko-0283"",""board_id"":""52d8f360-6f1e-410b-a9fe-67b2dc167d8f"",""challenge_id"":""""}"
e03c99bc-d1fe-49e8-b5e4-cbcd029e2a1d,2026-05-25T14:26:41.206Z,matching,matching-20260525142305535-2296d4,reverse,ko-0428,1,12702,6,250,256,english,korean,"{""selected_id"":""ko-0428"",""board_id"":""0ada2e31-6373-4e26-8412-184c3fb506bd"",""challenge_id"":""""}"
84f974a0-2ea6-4666-93bb-839608033fae,2026-05-25T14:26:44.220Z,matching,matching-20260525142305535-2296d4,reverse,ko-0120,1,2070,28,276,304,english,korean,"{""selected_id"":""ko-0120"",""board_id"":""0ada2e31-6373-4e26-8412-184c3fb506bd"",""challenge_id"":""""}"
5ddbbd39-7c50-40de-9d70-d9a41e6b870f,2026-05-25T14:26:47.452Z,matching,matching-20260525142305535-2296d4,reverse,ko-0231,1,2207,27,250,277,english,korean,"{""selected_id"":""ko-0231"",""board_id"":""0ada2e31-6373-4e26-8412-184c3fb506bd"",""challenge_id"":""""}"
e4604866-9645-46a1-a4f1-3e86d66a8524,2026-05-25T14:26:55.238Z,matching,matching-20260525142305535-2296d4,reverse,ko-0459,1,7295,9,256,265,english,korean,"{""selected_id"":""ko-0459"",""board_id"":""3e3528df-debd-4f01-928f-5f3fc96f2dbe"",""challenge_id"":""""}"
ba9c8d15-90e7-40b7-b3d2-af34e867ab42,2026-05-25T14:27:05.497Z,matching,matching-20260525142305535-2296d4,reverse,ko-0022,1,9674,6,250,256,english,korean,"{""selected_id"":""ko-0022"",""board_id"":""3e3528df-debd-4f01-928f-5f3fc96f2dbe"",""challenge_id"":""""}"
fab61963-02c8-4135-be03-1b995bafa7bc,2026-05-25T14:27:08.882Z,matching,matching-20260525142305535-2296d4,reverse,ko-0158,1,2577,26,250,276,english,korean,"{""selected_id"":""ko-0158"",""board_id"":""3e3528df-debd-4f01-928f-5f3fc96f2dbe"",""challenge_id"":""""}"
aab692bf-990c-4b81-8ea3-6352cd5ed1f8,2026-05-25T14:27:15.377Z,matching,matching-20260525142305535-2296d4,reverse,ko-0166,1,5756,14,273,287,english,korean,"{""selected_id"":""ko-0166"",""board_id"":""02814489-d05f-40a9-9e1e-48773754ed2e"",""challenge_id"":""""}"
0b9a30d2-1123-41ea-903e-1339df91a796,2026-05-25T14:27:18.287Z,matching,matching-20260525142305535-2296d4,reverse,ko-0014,1,2217,27,250,277,english,korean,"{""selected_id"":""ko-0014"",""board_id"":""02814489-d05f-40a9-9e1e-48773754ed2e"",""challenge_id"":""""}"
2cd49d64-afd3-4cab-b974-a35bf040e132,2026-05-25T14:27:21.386Z,matching,matching-20260525142305535-2296d4,normal,ko-0003,1,1648,29,250,279,korean,english,"{""selected_id"":""ko-0003"",""board_id"":""02814489-d05f-40a9-9e1e-48773754ed2e"",""challenge_id"":""""}"
33aa0759-7e0c-45dc-847d-40765c0d7595,2026-05-25T14:27:33.808Z,matching,matching-20260525142305535-2296d4,silent,ko-0327,0,9207,-20,250,230,korean,english,"{""selected_id"":""ko-0072"",""board_id"":""16115151-6450-48bd-8244-b364729f0271"",""challenge_id"":""""}"
4571e4de-6253-406e-b60f-49ddb31de9f9,2026-05-25T14:27:41.464Z,matching,matching-20260525142305535-2296d4,silent,ko-0072,1,2293,27,301,328,korean,english,"{""selected_id"":""ko-0072"",""board_id"":""16115151-6450-48bd-8244-b364729f0271"",""challenge_id"":""""}"
e7aafa44-029c-43b5-ae9a-f2e975344ce8,2026-05-25T14:27:43.963Z,matching,matching-20260525142305535-2296d4,silent,ko-0163,1,1981,28,250,278,korean,english,"{""selected_id"":""ko-0163"",""board_id"":""16115151-6450-48bd-8244-b364729f0271"",""challenge_id"":""""}"
44cdb3fd-1837-4de9-bf69-02c0071f083d,2026-05-25T14:27:47.251Z,matching,matching-20260525142305535-2296d4,silent,ko-0496,1,2756,25,250,275,korean,english,"{""selected_id"":""ko-0496"",""board_id"":""685eb8d6-794d-44b5-9f5e-1d61aa7a4b8a"",""challenge_id"":""""}"
9f93fba5-b5b3-4c3b-9bef-cb19890c551e,2026-05-25T14:27:52.539Z,matching,matching-20260525142305535-2296d4,silent,ko-0431,1,4805,18,250,268,korean,english,"{""selected_id"":""ko-0431"",""board_id"":""685eb8d6-794d-44b5-9f5e-1d61aa7a4b8a"",""challenge_id"":""""}"
420b1369-0e20-419c-8d1c-6979ac833ff6,2026-05-25T14:28:01.969Z,matching,matching-20260525142305535-2296d4,silent,ko-0126,0,8934,-20,250,230,korean,english,"{""selected_id"":""ko-0363"",""board_id"":""685eb8d6-794d-44b5-9f5e-1d61aa7a4b8a"",""challenge_id"":""""}"
191624d2-92ce-40c3-b2fc-9fd0fd0eeaae,2026-05-25T14:28:09.029Z,matching,matching-20260525142305535-2296d4,silent,ko-0171,0,3619,-20,250,230,korean,english,"{""selected_id"":""ko-0363"",""board_id"":""3d634372-e7dd-46b3-b7fd-d6a271dfa2a4"",""challenge_id"":""""}"
71a1c1d2-5099-4e62-a842-ea1c4ef8759d,2026-05-25T14:28:14.528Z,matching,matching-20260525142305535-2296d4,silent,ko-0237,1,3029,24,250,274,korean,english,"{""selected_id"":""ko-0237"",""board_id"":""3d634372-e7dd-46b3-b7fd-d6a271dfa2a4"",""challenge_id"":""""}"
3add67f0-7b08-4293-9ca4-fb8eefa635b3,2026-05-25T14:28:22.658Z,matching,matching-20260525142305535-2296d4,normal,ko-0471,1,2352,27,250,277,korean,english,"{""selected_id"":""ko-0471"",""board_id"":""3d634372-e7dd-46b3-b7fd-d6a271dfa2a4"",""challenge_id"":""""}"
c320a890-7f93-46ef-bec2-b6d21ee67bc8,2026-05-25T14:28:27.549Z,matching,matching-20260525142305535-2296d4,sound,ko-0389,1,2860,25,250,275,sound,korean,"{""selected_id"":""ko-0389"",""board_id"":""fe96429b-279a-4b49-9570-34e5c913111e"",""challenge_id"":""4036dc9e-1f53-4772-851e-777a03a7132d""}"
befb2271-27fa-4529-ab1a-9f36be94e7f9,2026-05-25T14:28:29.880Z,matching,matching-20260525142305535-2296d4,sound,ko-0314,1,1993,28,277,305,sound,korean,"{""selected_id"":""ko-0314"",""board_id"":""fe96429b-279a-4b49-9570-34e5c913111e"",""challenge_id"":""4036dc9e-1f53-4772-851e-777a03a7132d""}"
da581144-eed4-4111-96ef-c15f623e93ea,2026-05-25T14:28:36.843Z,matching,matching-20260525142305535-2296d4,sound,ko-0377,1,6629,11,250,261,sound,korean,"{""selected_id"":""ko-0377"",""board_id"":""fe96429b-279a-4b49-9570-34e5c913111e"",""challenge_id"":""4036dc9e-1f53-4772-851e-777a03a7132d""}"
e63d5fca-61bd-464b-8e2f-2eec6cde06b7,2026-05-25T14:28:42.493Z,matching,matching-20260525142305535-2296d4,sound,ko-0027,1,3196,24,275,299,sound,korean,"{""selected_id"":""ko-0027"",""board_id"":""44a9fe55-798b-408d-aca0-1034d29adc49"",""challenge_id"":""4036dc9e-1f53-4772-851e-777a03a7132d""}"
592c9f82-fd90-42ba-b584-2e525ed49250,2026-05-25T14:28:44.585Z,matching,matching-20260525142305535-2296d4,sound,ko-0329,1,1598,29,250,279,sound,korean,"{""selected_id"":""ko-0329"",""board_id"":""44a9fe55-798b-408d-aca0-1034d29adc49"",""challenge_id"":""4036dc9e-1f53-4772-851e-777a03a7132d""}"
e54d0bb0-0eb7-40a9-b5ce-a6ebc3d44a66,2026-05-25T14:28:48.859Z,matching,matching-20260525142305535-2296d4,sound,ko-0493,1,3875,21,250,271,sound,korean,"{""selected_id"":""ko-0493"",""board_id"":""44a9fe55-798b-408d-aca0-1034d29adc49"",""challenge_id"":""4036dc9e-1f53-4772-851e-777a03a7132d""}"
4d4c4b8f-cc1a-4f86-980e-4a98dcfa4a5f,2026-05-25T14:28:51.919Z,matching,matching-20260525142305535-2296d4,sound,ko-0149,1,2406,26,250,276,sound,korean,"{""selected_id"":""ko-0149"",""board_id"":""d53d7fcc-5537-41aa-bca3-af8b9366e976"",""challenge_id"":""4036dc9e-1f53-4772-851e-777a03a7132d""}"
d0031bae-b377-4f9b-a4f1-1ca730390b47,2026-05-25T14:28:54.535Z,matching,matching-20260525142305535-2296d4,sound,ko-0363,0,2280,-20,250,230,sound,korean,"{""selected_id"":""ko-0273"",""board_id"":""d53d7fcc-5537-41aa-bca3-af8b9366e976"",""challenge_id"":""4036dc9e-1f53-4772-851e-777a03a7132d""}"
01cd58b5-3feb-4001-be2a-def0ea860e37,2026-05-25T14:29:04.879Z,matching,matching-20260525142305535-2296d4,sound,ko-0488,1,8824,6,250,256,sound,korean,"{""selected_id"":""ko-0488"",""board_id"":""d53d7fcc-5537-41aa-bca3-af8b9366e976"",""challenge_id"":""4036dc9e-1f53-4772-851e-777a03a7132d""}"
3e96a006-5f06-4fce-9d1d-24800798b733,2026-05-25T14:29:06.704Z,matching,matching-20260525142305535-2296d4,sound,ko-0188,1,1257,31,307,338,sound,korean,"{""selected_id"":""ko-0188"",""board_id"":""3b5c71b2-021e-45af-9153-59ef1c0f2ce9"",""challenge_id"":""4036dc9e-1f53-4772-851e-777a03a7132d""}"
68b315f7-6d29-4206-91d2-3d067903d41d,2026-05-25T14:29:09.280Z,matching,matching-20260525142305535-2296d4,sound,ko-0273,1,2283,27,284,311,sound,korean,"{""selected_id"":""ko-0273"",""board_id"":""3b5c71b2-021e-45af-9153-59ef1c0f2ce9"",""challenge_id"":""4036dc9e-1f53-4772-851e-777a03a7132d""}"
658da13d-f9a9-44f4-bdc2-9a4fc5adb524,2026-05-25T14:29:14.244Z,matching,matching-20260525142305535-2296d4,normal,ko-0475,1,2656,26,276,302,korean,english,"{""selected_id"":""ko-0475"",""board_id"":""3b5c71b2-021e-45af-9153-59ef1c0f2ce9"",""challenge_id"":""""}"
b97e3f48-306b-4bcd-aae8-9e5b4be9bd8f,2026-05-25T14:29:18.276Z,matching,matching-20260525142305535-2296d4,normal,ko-0160,1,2767,25,250,275,korean,english,"{""selected_id"":""ko-0160"",""board_id"":""9c76d21e-6e8c-42d4-843f-2dec3cf2a4b5"",""challenge_id"":""""}"
4736794b-b54a-4033-9d62-0fec0c97f180,2026-05-25T14:29:20.583Z,matching,matching-20260525142305535-2296d4,normal,ko-0147,1,1564,30,269,299,korean,english,"{""selected_id"":""ko-0147"",""board_id"":""9c76d21e-6e8c-42d4-843f-2dec3cf2a4b5"",""challenge_id"":""""}"
9260678c-c552-4149-b7e3-c06e25feaa06,2026-05-25T14:29:23.774Z,matching,matching-20260525142305535-2296d4,normal,ko-0367,1,2716,25,250,275,korean,english,"{""selected_id"":""ko-0367"",""board_id"":""9c76d21e-6e8c-42d4-843f-2dec3cf2a4b5"",""challenge_id"":""""}"
426482d4-27f8-4ae9-a728-000e76ca6e39,2026-05-25T14:29:25.857Z,matching,matching-20260525142305535-2296d4,normal,ko-0344,1,1733,29,250,279,korean,english,"{""selected_id"":""ko-0344"",""board_id"":""487ec952-20bf-4888-87f9-d32e99d125ba"",""challenge_id"":""""}"
e5462874-2392-4fee-81a2-3a6075ce2ee1,2026-05-25T14:29:30.710Z,matching,matching-20260525142305535-2296d4,normal,ko-0168,1,3951,21,250,271,korean,english,"{""selected_id"":""ko-0168"",""board_id"":""487ec952-20bf-4888-87f9-d32e99d125ba"",""challenge_id"":""""}"
f223cc42-fad9-4366-9a9f-d1162aaf5631,2026-05-25T14:29:32.362Z,matching,matching-20260525142305535-2296d4,normal,ko-0194,1,1125,31,278,309,korean,english,"{""selected_id"":""ko-0194"",""board_id"":""487ec952-20bf-4888-87f9-d32e99d125ba"",""challenge_id"":""""}"
88ac80f4-7c48-4206-99ef-dd505fdaeed0,2026-05-25T14:29:44.161Z,matching,matching-20260525142305535-2296d4,group,ko-0141,1,7461,8,250,258,korean,group,"{""selected_id"":""ko-0141"",""board_id"":""6323a055-7bbc-4e98-bcd7-67e5d3f6a9bf"",""challenge_id"":""""}"
8f02790f-f4b7-4c93-8488-9dd5caa23378,2026-05-25T14:29:55.537Z,matching,matching-20260525142305535-2296d4,group,ko-0381,0,10543,-20,250,230,korean,group,"{""selected_id"":""ko-0290"",""board_id"":""6323a055-7bbc-4e98-bcd7-67e5d3f6a9bf"",""challenge_id"":""""}"
1088822c-f48c-4aa5-9cd6-014ce6e37ab7,2026-05-25T14:30:04.327Z,matching,matching-20260525142305535-2296d4,group,ko-0170,0,4447,-20,284,264,korean,group,"{""selected_id"":""ko-0070"",""board_id"":""6323a055-7bbc-4e98-bcd7-67e5d3f6a9bf"",""challenge_id"":""""}"
993260b2-9433-4388-a670-2524dc9da3f0,2026-05-25T14:30:12.504Z,matching,matching-20260525142305535-2296d4,group,ko-0091,1,2436,26,250,276,korean,group,"{""selected_id"":""ko-0091"",""board_id"":""5d15a0e9-3d1f-4aa5-8582-42de46da1b69"",""challenge_id"":""""}"
1a09869b-3c94-4cf7-b44c-5d8d6b42aeac,2026-05-25T14:30:16.549Z,matching,matching-20260525142305535-2296d4,group,ko-0070,0,3493,-20,250,230,korean,group,"{""selected_id"":""ko-0395"",""board_id"":""5d15a0e9-3d1f-4aa5-8582-42de46da1b69"",""challenge_id"":""""}"
80dd2630-85da-4010-b89a-9e40263b2f58,2026-05-25T14:30:26.876Z,matching,matching-20260525142305535-2296d4,group,ko-0395,1,5196,16,250,266,korean,group,"{""selected_id"":""ko-0395"",""board_id"":""5d15a0e9-3d1f-4aa5-8582-42de46da1b69"",""challenge_id"":""""}"
7db791b6-f0c9-4f66-aba7-6c48480dddcc,2026-05-25T14:30:32.023Z,matching,matching-20260525142305535-2296d4,group,ko-0311,1,4080,20,269,289,korean,group,"{""selected_id"":""ko-0311"",""board_id"":""f9100093-6c60-4921-9081-07e44028acf8"",""challenge_id"":""""}"
1db223e0-0340-45e9-9c66-0a68ae713eb6,2026-05-25T14:30:34.782Z,matching,matching-20260525142305535-2296d4,group,ko-0290,1,1979,28,250,278,korean,group,"{""selected_id"":""ko-0290"",""board_id"":""f9100093-6c60-4921-9081-07e44028acf8"",""challenge_id"":""""}"
aa5e69ef-048b-49ab-ac1e-816793869396,2026-05-25T14:30:39.962Z,matching,matching-20260525142305535-2296d4,normal,ko-0465,1,3956,21,250,271,korean,english,"{""selected_id"":""ko-0465"",""board_id"":""f9100093-6c60-4921-9081-07e44028acf8"",""challenge_id"":""""}"
384368da-62b5-4bb5-9592-c0dc9ed5421f,2026-05-25T14:38:13.250Z,matching,matching-20260525143759845-0855f0,normal,ko-0311,0,10948,-20,289,269,korean,english,"{""selected_id"":""ko-0425"",""board_id"":""c3f5485a-67dc-4958-af9f-8db2bad8c5d3"",""challenge_id"":""""}"
2918c60e-620b-481c-90d1-26c5c78ca1f2,2026-05-25T14:38:20.678Z,matching,matching-20260525143759845-0855f0,normal,ko-0477,1,3743,22,250,272,korean,english,"{""selected_id"":""ko-0477"",""board_id"":""c3f5485a-67dc-4958-af9f-8db2bad8c5d3"",""challenge_id"":""""}"
5800f94e-9eec-4deb-a0ad-fbd6350f3d1b,2026-05-25T14:38:24.302Z,matching,matching-20260525143759845-0855f0,normal,ko-0011,1,1995,28,274,302,korean,english,"{""selected_id"":""ko-0011"",""board_id"":""c3f5485a-67dc-4958-af9f-8db2bad8c5d3"",""challenge_id"":""""}"
e03ea84a-8e55-413c-af6b-bb31d8d1ae88,2026-05-25T14:42:28.132Z,matching,matching-20260525144219607-0bdf1e,normal,ko-0415,1,6971,10,250,260,korean,english,"{""selected_id"":""ko-0415"",""board_id"":""43503a44-c87e-410e-8899-b2bdea34def7"",""challenge_id"":""""}"
6355e1c1-7bfc-49d9-9584-1277d186a464,2026-05-25T14:42:33.452Z,matching,matching-20260525144219607-0bdf1e,normal,ko-0104,1,2763,25,250,275,korean,english,"{""selected_id"":""ko-0104"",""board_id"":""43503a44-c87e-410e-8899-b2bdea34def7"",""challenge_id"":""""}"
38766a74-a0af-4f85-b779-c375da63da18,2026-05-25T14:42:38.975Z,matching,matching-20260525144219607-0bdf1e,normal,ko-0055,1,3681,22,301,323,korean,english,"{""selected_id"":""ko-0055"",""board_id"":""43503a44-c87e-410e-8899-b2bdea34def7"",""challenge_id"":""""}"
f24c2d21-4d9e-49c0-8e67-f0f25a9ff813,2026-05-25T14:42:45.446Z,matching,matching-20260525144219607-0bdf1e,normal,ko-0457,1,4208,20,256,276,korean,english,"{""selected_id"":""ko-0457"",""board_id"":""a47d76b1-93c7-48d9-b81f-a6b7d8c53678"",""challenge_id"":""""}"
d217153f-cbb6-4f5b-a244-ca4ad87f19fe,2026-05-25T14:42:51.742Z,matching,matching-20260525144219607-0bdf1e,normal,ko-0069,0,5144,-20,250,230,korean,english,"{""selected_id"":""ko-0384"",""board_id"":""a47d76b1-93c7-48d9-b81f-a6b7d8c53678"",""challenge_id"":""""}"
042231a9-cbc0-4da2-9063-6f28be00a0cc,2026-05-25T14:42:57.638Z,matching,matching-20260525144219607-0bdf1e,normal,ko-0384,1,1831,29,230,259,korean,english,"{""selected_id"":""ko-0384"",""board_id"":""a47d76b1-93c7-48d9-b81f-a6b7d8c53678"",""challenge_id"":""""}"
38f8234b-9eaf-4680-8aff-40296d537c06,2026-05-25T14:43:02.983Z,matching,matching-20260525144219607-0bdf1e,normal,ko-0405,1,4721,18,224,242,korean,english,"{""selected_id"":""ko-0405"",""board_id"":""f7ec3ab3-d1ba-4b42-8473-c5eeed6be901"",""challenge_id"":""""}"
4bd673d4-7fac-4b86-9ae2-2267b59f8c46,2026-05-25T14:43:07.101Z,matching,matching-20260525144219607-0bdf1e,normal,ko-0154,1,3266,23,250,273,korean,english,"{""selected_id"":""ko-0154"",""board_id"":""f7ec3ab3-d1ba-4b42-8473-c5eeed6be901"",""challenge_id"":""""}"
8e67c041-339a-412e-a047-ef0280a2b474,2026-05-25T14:43:11.165Z,matching,matching-20260525144219607-0bdf1e,normal,ko-0141,1,3081,24,258,282,korean,english,"{""selected_id"":""ko-0141"",""board_id"":""f7ec3ab3-d1ba-4b42-8473-c5eeed6be901"",""challenge_id"":""""}"
134e82ea-5a2a-43d0-8630-baefd7caa85a,2026-05-25T14:43:15.607Z,matching,matching-20260525144219607-0bdf1e,normal,ko-0367,1,3730,22,275,297,korean,english,"{""selected_id"":""ko-0367"",""board_id"":""f94f7e17-6c57-448a-a650-77f78682c56d"",""challenge_id"":""""}"
700b8cba-7d50-44b9-81ff-4c8ad4c3df14,2026-05-25T14:43:20.271Z,matching,matching-20260525144219607-0bdf1e,normal,ko-0292,0,4117,-20,250,230,korean,english,"{""selected_id"":""ko-0297"",""board_id"":""f94f7e17-6c57-448a-a650-77f78682c56d"",""challenge_id"":""""}"
6c40490c-2c65-4e2e-b6ba-46a359f38648,2026-05-25T14:43:25.348Z,matching,matching-20260525144219607-0bdf1e,normal,ko-0274,0,1830,-20,250,230,korean,english,"{""selected_id"":""ko-0273"",""board_id"":""f94f7e17-6c57-448a-a650-77f78682c56d"",""challenge_id"":""""}"
680c6724-3a5f-44e6-9879-cc0fbb51d1d0,2026-05-25T14:43:32.925Z,matching,matching-20260525144219607-0bdf1e,reverse,ko-0273,1,4039,20,311,331,english,korean,"{""selected_id"":""ko-0273"",""board_id"":""8e5f1918-d31a-4365-88a3-46a135a69de1"",""challenge_id"":""""}"
3ebcaae1-87c6-4090-80c2-5614f5f3a571,2026-05-25T14:43:35.039Z,matching,matching-20260525144219607-0bdf1e,reverse,ko-0057,1,1202,31,250,281,english,korean,"{""selected_id"":""ko-0057"",""board_id"":""8e5f1918-d31a-4365-88a3-46a135a69de1"",""challenge_id"":""""}"
fedd8352-0a99-42da-b59f-db3bcd4cb444,2026-05-25T14:43:39.679Z,matching,matching-20260525144219607-0bdf1e,reverse,ko-0297,1,4084,20,250,270,english,korean,"{""selected_id"":""ko-0297"",""board_id"":""8e5f1918-d31a-4365-88a3-46a135a69de1"",""challenge_id"":""""}"
aa36cd43-dead-4729-a105-67bd213565fb,2026-05-25T14:43:50.188Z,matching,matching-20260525144219607-0bdf1e,reverse,ko-0321,0,9574,-20,250,230,english,korean,"{""selected_id"":""ko-0364"",""board_id"":""4b9850da-4c42-46da-b181-ddc97251059d"",""challenge_id"":""""}"
9901ddd2-3ec4-4290-b02b-6b660a4f29aa,2026-05-25T14:43:59.437Z,matching,matching-20260525144219607-0bdf1e,reverse,ko-0354,1,2181,27,267,294,english,korean,"{""selected_id"":""ko-0354"",""board_id"":""4b9850da-4c42-46da-b181-ddc97251059d"",""challenge_id"":""""}"
147b04be-1f15-41f5-9a1c-4d3a03aed0aa,2026-05-25T14:44:02.034Z,matching,matching-20260525144219607-0bdf1e,reverse,ko-0364,1,1939,28,275,303,english,korean,"{""selected_id"":""ko-0364"",""board_id"":""4b9850da-4c42-46da-b181-ddc97251059d"",""challenge_id"":""""}"
0a7a6a69-4086-4b1a-91c3-3f64a6105058,2026-05-25T14:44:15.363Z,matching,matching-20260525144219607-0bdf1e,reverse,ko-0015,1,12865,6,250,256,english,korean,"{""selected_id"":""ko-0015"",""board_id"":""4ff04afe-845f-476b-b4a9-b46cbfdd52f1"",""challenge_id"":""""}"
a999a62b-f493-40a9-b7af-4df4e51cd483,2026-05-25T14:44:19.513Z,matching,matching-20260525144219607-0bdf1e,reverse,ko-0195,0,2012,-20,250,230,english,korean,"{""selected_id"":""ko-0018"",""board_id"":""4ff04afe-845f-476b-b4a9-b46cbfdd52f1"",""challenge_id"":""""}"
2057e1a2-d677-4a75-9baf-c7def09e2342,2026-05-25T14:44:29.762Z,matching,matching-20260525144219607-0bdf1e,normal,ko-0352,0,5212,-20,250,230,korean,english,"{""selected_id"":""ko-0185"",""board_id"":""4ff04afe-845f-476b-b4a9-b46cbfdd52f1"",""challenge_id"":""""}"
e69aff05-8c01-46cc-84ff-4c70ca6a8611,2026-05-25T14:44:38.497Z,matching,matching-20260525144219607-0bdf1e,normal,ko-0018,0,6383,-20,250,230,korean,english,"{""selected_id"":""ko-0303"",""board_id"":""5ac46957-2909-4552-b4f9-54786a66bd4a"",""challenge_id"":""""}"
567719ae-145f-45d7-a1d5-1eca0b9f945a,2026-05-25T14:44:45.908Z,matching,matching-20260525144219607-0bdf1e,normal,ko-0185,0,3839,-20,250,230,korean,english,"{""selected_id"":""ko-0422"",""board_id"":""5ac46957-2909-4552-b4f9-54786a66bd4a"",""challenge_id"":""""}"
0a2bf0bf-0168-4a66-8c41-ec83d43278ba,2026-05-25T14:44:55.110Z,matching,matching-20260525144219607-0bdf1e,normal,ko-0422,1,3764,22,275,297,korean,english,"{""selected_id"":""ko-0422"",""board_id"":""5ac46957-2909-4552-b4f9-54786a66bd4a"",""challenge_id"":""""}"
15219925-ea58-466a-adb7-75f6568f7c36,2026-05-25T14:44:59.271Z,matching,matching-20260525144219607-0bdf1e,normal,ko-0187,1,3154,24,275,299,korean,english,"{""selected_id"":""ko-0187"",""board_id"":""1c761ee6-8f9e-413d-9938-941db63acabb"",""challenge_id"":""""}"
fc2f0404-f903-4a3a-94b5-18d81036a383,2026-05-25T14:45:03.576Z,matching,matching-20260525144219607-0bdf1e,normal,ko-0353,1,3887,21,250,271,korean,english,"{""selected_id"":""ko-0353"",""board_id"":""1c761ee6-8f9e-413d-9938-941db63acabb"",""challenge_id"":""""}"
cbf42331-a519-40c4-93ed-7e55c217b1fb,2026-05-25T14:45:08.775Z,matching,matching-20260525144219607-0bdf1e,normal,ko-0026,1,4161,20,230,250,korean,english,"{""selected_id"":""ko-0026"",""board_id"":""1c761ee6-8f9e-413d-9938-941db63acabb"",""challenge_id"":""""}"
fd1f6f3b-dad9-413e-9c27-2f10d8b3c896,2026-05-25T14:45:11.276Z,matching,matching-20260525144219607-0bdf1e,normal,ko-0007,1,1688,29,250,279,korean,english,"{""selected_id"":""ko-0007"",""board_id"":""8118c857-182e-4c30-abbc-d519ab43dc81"",""challenge_id"":""""}"
8e745f3e-141f-4c61-969d-9bc8edf8d11b,2026-05-25T14:45:15.705Z,matching,matching-20260525144219607-0bdf1e,normal,ko-0303,1,3974,21,250,271,korean,english,"{""selected_id"":""ko-0303"",""board_id"":""8118c857-182e-4c30-abbc-d519ab43dc81"",""challenge_id"":""""}"
26b6e8ae-df4e-4d17-b570-626377cfec26,2026-05-25T14:45:18.169Z,matching,matching-20260525144219607-0bdf1e,normal,ko-0329,1,1682,29,279,308,korean,english,"{""selected_id"":""ko-0329"",""board_id"":""8118c857-182e-4c30-abbc-d519ab43dc81"",""challenge_id"":""""}"
33fbdf6f-d73d-4095-90c3-c3b7b590195c,2026-05-25T15:21:10.452Z,matching,matching-20260525152056887-50e994,normal,ko-0167,1,6612,11,250,261,korean,second,"{""selected_id"":""ko-0167"",""board_id"":""baee5178-3e1d-48d9-af00-54f0750d3d15"",""challenge_id"":""""}"
0dea615a-f70c-4e0b-94b2-9d064dd702a3,2026-05-25T15:21:35.474Z,matching,matching-20260525152056887-50e994,normal,ko-0418,1,4923,17,250,267,korean,second,"{""selected_id"":""ko-0418"",""board_id"":""baee5178-3e1d-48d9-af00-54f0750d3d15"",""challenge_id"":""""}"
f6504520-7690-4eed-b887-4d85ffb6230e,2026-05-25T15:21:38.349Z,matching,matching-20260525152056887-50e994,normal,ko-0440,1,1830,29,250,279,korean,second,"{""selected_id"":""ko-0440"",""board_id"":""baee5178-3e1d-48d9-af00-54f0750d3d15"",""challenge_id"":""""}"
2936558b-c914-499c-8dda-2cb96466773f,2026-05-25T15:21:56.704Z,matching,matching-20260525152151623-3c1ff4,normal,ko-0059,1,2805,25,250,275,korean,second,"{""selected_id"":""ko-0059"",""board_id"":""bb0a62dc-fb1c-4ac5-8dcb-9e82269b324e"",""challenge_id"":""""}"
c8924b9f-6103-45da-988d-5486874ff109,2026-05-25T15:22:17.826Z,matching,matching-20260525152151623-3c1ff4,normal,ko-0239,1,2211,27,236,263,korean,second,"{""selected_id"":""ko-0239"",""board_id"":""bb0a62dc-fb1c-4ac5-8dcb-9e82269b324e"",""challenge_id"":""""}"
136a7be7-e87a-4f9d-84c5-0a0465d52760,2026-05-25T15:22:21.318Z,matching,matching-20260525152151623-3c1ff4,normal,ko-0006,1,2293,27,279,306,korean,second,"{""selected_id"":""ko-0006"",""board_id"":""bb0a62dc-fb1c-4ac5-8dcb-9e82269b324e"",""challenge_id"":""""}"
db69b8ea-6af6-4d73-8c64-4e84dc40270a,2026-05-25T15:22:27.415Z,matching,matching-20260525152151623-3c1ff4,normal,ko-0210,0,5209,-20,278,258,korean,second,"{""selected_id"":""ko-0488"",""board_id"":""2f74c30a-1f07-45a5-8600-7da4154490eb"",""challenge_id"":""""}"
cb4329ba-e81d-4177-aee2-33c88f988334,2026-05-25T15:22:33.789Z,matching,matching-20260525152151623-3c1ff4,normal,ko-0433,1,1939,28,250,278,korean,second,"{""selected_id"":""ko-0433"",""board_id"":""2f74c30a-1f07-45a5-8600-7da4154490eb"",""challenge_id"":""""}"
f2037707-fda6-44ea-9559-a7a19f70c93a,2026-05-25T15:22:35.985Z,matching,matching-20260525152151623-3c1ff4,normal,ko-0084,1,1496,30,250,280,korean,second,"{""selected_id"":""ko-0084"",""board_id"":""2f74c30a-1f07-45a5-8600-7da4154490eb"",""challenge_id"":""""}"
646138a6-a392-450f-b015-be2760a2df14,2026-05-25T15:22:39.150Z,matching,matching-20260525152151623-3c1ff4,normal,ko-0391,1,2574,26,250,276,korean,second,"{""selected_id"":""ko-0391"",""board_id"":""3481cc6b-6d66-4315-9d48-620ee362c596"",""challenge_id"":""""}"
fc90bfa5-16f5-4848-89a4-7c5b92c7f605,2026-05-25T15:22:43.182Z,matching,matching-20260525152151623-3c1ff4,normal,ko-0112,1,3492,22,266,288,korean,second,"{""selected_id"":""ko-0112"",""board_id"":""3481cc6b-6d66-4315-9d48-620ee362c596"",""challenge_id"":""""}"
2a1b26a0-7d87-44c3-850a-287bf4a42a2d,2026-05-25T15:22:47.669Z,matching,matching-20260525152151623-3c1ff4,normal,ko-0301,1,3091,24,250,274,korean,second,"{""selected_id"":""ko-0301"",""board_id"":""3481cc6b-6d66-4315-9d48-620ee362c596"",""challenge_id"":""""}"
28af5d69-553a-4f4b-97c6-9126da26a1c1,2026-05-25T15:23:10.937Z,matching,matching-20260525152307468-c76ab5,normal,ko-0049,1,1630,29,275,304,korean,second,"{""selected_id"":""ko-0049"",""board_id"":""99a98d94-4884-4c22-8c84-878c3271d7f2"",""challenge_id"":""""}"
4015e72a-c146-4a33-91d0-c73efcabe4a3,2026-05-25T15:23:17.956Z,matching,matching-20260525152307468-c76ab5,normal,ko-0142,1,4216,20,303,323,korean,second,"{""selected_id"":""ko-0142"",""board_id"":""99a98d94-4884-4c22-8c84-878c3271d7f2"",""challenge_id"":""""}"
68a0946f-6cd7-4a87-9b2b-e590aa4934e6,2026-05-25T15:23:29.991Z,matching,matching-20260525152307468-c76ab5,normal,ko-0181,0,9226,-20,250,230,korean,second,"{""selected_id"":""ko-0350"",""board_id"":""99a98d94-4884-4c22-8c84-878c3271d7f2"",""challenge_id"":""""}"
5c53f19f-df1b-43fa-b510-4f31d8354963,2026-05-25T15:23:39.053Z,matching,matching-20260525152307468-c76ab5,normal,ko-0063,1,1635,29,250,279,korean,second,"{""selected_id"":""ko-0063"",""board_id"":""57e50ea6-1d6f-489b-9149-5fa7a680b0e1"",""challenge_id"":""""}"
0f96db3c-3f95-4d42-be4c-fa3968515e09,2026-05-25T15:23:51.104Z,matching,matching-20260525152307468-c76ab5,normal,ko-0297,1,9958,6,270,276,korean,second,"{""selected_id"":""ko-0297"",""board_id"":""57e50ea6-1d6f-489b-9149-5fa7a680b0e1"",""challenge_id"":""""}"
610e6cd3-dd8f-40f7-a260-abe17a019540,2026-05-25T15:23:54.335Z,matching,matching-20260525152307468-c76ab5,normal,ko-0164,1,1193,31,279,310,korean,second,"{""selected_id"":""ko-0164"",""board_id"":""57e50ea6-1d6f-489b-9149-5fa7a680b0e1"",""challenge_id"":""""}"
99f8502b-55c6-49e4-962e-c16cb6cae7e1,2026-05-25T15:24:12.544Z,matching,matching-20260525152307468-c76ab5,normal,ko-0269,0,14499,-20,273,253,korean,second,"{""selected_id"":""ko-0350"",""board_id"":""7d4d340e-3816-49f8-9804-766481205017"",""challenge_id"":""""}"
02eea3e9-02b5-413c-8036-5a933beb07f2,2026-05-25T15:24:19.529Z,matching,matching-20260525152307468-c76ab5,normal,ko-0050,1,1551,30,250,280,korean,second,"{""selected_id"":""ko-0050"",""board_id"":""7d4d340e-3816-49f8-9804-766481205017"",""challenge_id"":""""}"
b60ddcfe-f799-4b4e-853a-0d3404e9842b,2026-05-25T15:24:25.260Z,matching,matching-20260525152307468-c76ab5,normal,ko-0476,1,3553,22,275,297,korean,second,"{""selected_id"":""ko-0476"",""board_id"":""7d4d340e-3816-49f8-9804-766481205017"",""challenge_id"":""""}"
2a0b0c36-2f5b-442a-8d79-51eba7afdc89,2026-05-25T15:24:40.370Z,matching,matching-20260525152307468-c76ab5,normal,ko-0155,1,2523,26,284,310,korean,second,"{""selected_id"":""ko-0155"",""board_id"":""f2e7497e-1373-4b3b-8b26-6cb365d24b26"",""challenge_id"":""""}"
202ad75a-61de-4742-ab08-4098e81f115d,2026-05-25T15:24:45.802Z,matching,matching-20260525152307468-c76ab5,normal,ko-0190,1,1912,28,280,308,korean,second,"{""selected_id"":""ko-0190"",""board_id"":""f2e7497e-1373-4b3b-8b26-6cb365d24b26"",""challenge_id"":""""}"
b28cd0e9-9239-4d43-86e7-bd972622769a,2026-05-25T15:24:54.544Z,matching,matching-20260525152307468-c76ab5,normal,ko-0251,1,4677,18,250,268,korean,second,"{""selected_id"":""ko-0251"",""board_id"":""f2e7497e-1373-4b3b-8b26-6cb365d24b26"",""challenge_id"":""""}"
bac3bea0-349f-4b70-80e1-80ef36aaddcd,2026-05-25T20:14:19.141Z,matching,matching-20260525201403482-a48479,normal,ko-0019,1,10078,6,273,279,korean,second,"{""selected_id"":""ko-0019"",""board_id"":""c6d49243-b19f-4791-bcff-65f30cd5066e"",""challenge_id"":""""}"
190f5556-fc4b-41fe-bdc2-02140cb1d12b,2026-05-25T20:14:26.397Z,matching,matching-20260525201403482-a48479,normal,ko-0258,1,3262,23,250,273,korean,second,"{""selected_id"":""ko-0258"",""board_id"":""c6d49243-b19f-4791-bcff-65f30cd5066e"",""challenge_id"":""""}"
841e4129-5132-4a73-a30a-69c8c5ca1efe,2026-05-25T20:14:35.318Z,matching,matching-20260525201403482-a48479,normal,ko-0455,1,4743,18,250,268,korean,second,"{""selected_id"":""ko-0455"",""board_id"":""c6d49243-b19f-4791-bcff-65f30cd5066e"",""challenge_id"":""""}"
1fe71f87-23f4-40bc-8b1e-5fbb778b30fe,2026-05-25T20:14:42.047Z,matching,matching-20260525201403482-a48479,normal,ko-0238,1,3406,23,250,273,korean,second,"{""selected_id"":""ko-0238"",""board_id"":""6bc30494-9f6a-44e0-b0d0-fc4330637270"",""challenge_id"":""""}"
a650626b-23ca-4183-a307-2656114b2a85,2026-05-25T20:14:49.810Z,matching,matching-20260525201403482-a48479,normal,ko-0442,1,5429,15,250,265,korean,second,"{""selected_id"":""ko-0442"",""board_id"":""6bc30494-9f6a-44e0-b0d0-fc4330637270"",""challenge_id"":""""}"
91003f8f-9fb6-4a7e-af5d-cc6cbcbf4b8b,2026-05-25T20:14:53.650Z,matching,matching-20260525201403482-a48479,normal,ko-0370,1,1269,31,250,281,korean,second,"{""selected_id"":""ko-0370"",""board_id"":""6bc30494-9f6a-44e0-b0d0-fc4330637270"",""challenge_id"":""""}"
b2260bf3-e053-44c6-bd1e-546f06aa6047,2026-05-25T20:14:58.563Z,matching,matching-20260525201403482-a48479,normal,ko-0237,1,2665,26,274,300,korean,second,"{""selected_id"":""ko-0237"",""board_id"":""e89aea4a-bb83-4d3c-929f-f885abd6a089"",""challenge_id"":""""}"
4bb3fdfc-f919-411e-96d9-53c8bfc9aed9,2026-05-25T20:15:01.616Z,matching,matching-20260525201403482-a48479,normal,ko-0063,1,2085,28,279,307,korean,second,"{""selected_id"":""ko-0063"",""board_id"":""e89aea4a-bb83-4d3c-929f-f885abd6a089"",""challenge_id"":""""}"
3e2f8465-0a5f-46eb-bb28-6c6bfd427662,2026-05-25T20:15:05.349Z,matching,matching-20260525201403482-a48479,normal,ko-0186,1,1016,32,250,282,korean,second,"{""selected_id"":""ko-0186"",""board_id"":""e89aea4a-bb83-4d3c-929f-f885abd6a089"",""challenge_id"":""""}"
c7cf97f0-1c69-4e6b-8fe9-2a2e07d407c4,2026-05-25T20:15:09.988Z,matching,matching-20260525201403482-a48479,normal,ko-0109,1,3615,22,273,295,korean,second,"{""selected_id"":""ko-0109"",""board_id"":""7b6b54b6-76b4-417a-b23c-afc10bc6511c"",""challenge_id"":""""}"
e8ff7c97-6930-4f64-8f88-0cae4f42e6c2,2026-05-25T20:15:14.048Z,matching,matching-20260525201403482-a48479,normal,ko-0014,1,2452,26,277,303,korean,second,"{""selected_id"":""ko-0014"",""board_id"":""7b6b54b6-76b4-417a-b23c-afc10bc6511c"",""challenge_id"":""""}"
5116f98b-70d7-4ffd-9f84-a7bfc4aba563,2026-05-25T20:15:19.442Z,matching,matching-20260525201403482-a48479,normal,ko-0272,1,2456,26,250,276,korean,second,"{""selected_id"":""ko-0272"",""board_id"":""7b6b54b6-76b4-417a-b23c-afc10bc6511c"",""challenge_id"":""""}"
6d7e76de-3a93-4b91-bf17-36b2a93d94b5,2026-05-25T20:15:27.005Z,matching,matching-20260525201403482-a48479,sound,ko-0483,1,5013,17,230,247,sound,korean,"{""selected_id"":""ko-0483"",""board_id"":""e157ac65-2b71-40ee-bf0a-de2e64b0ac6f"",""challenge_id"":""cbc1e46a-e2c1-477d-ba0e-bc128a01361a""}"
19db147f-df4f-4e4d-9989-ac5cf7c8ca80,2026-05-25T20:15:32.669Z,matching,matching-20260525201403482-a48479,sound,ko-0315,1,2801,25,250,275,sound,korean,"{""selected_id"":""ko-0315"",""board_id"":""e157ac65-2b71-40ee-bf0a-de2e64b0ac6f"",""challenge_id"":""cbc1e46a-e2c1-477d-ba0e-bc128a01361a""}"
fbb95f9e-0013-4e7c-805f-f2a26300fcac,2026-05-25T20:15:39.142Z,matching,matching-20260525201403482-a48479,sound,ko-0422,1,3996,21,297,318,sound,korean,"{""selected_id"":""ko-0422"",""board_id"":""e157ac65-2b71-40ee-bf0a-de2e64b0ac6f"",""challenge_id"":""cbc1e46a-e2c1-477d-ba0e-bc128a01361a""}"
10ceaa1a-eff1-4232-a99f-37b817cb3648,2026-05-25T20:15:48.046Z,matching,matching-20260525201403482-a48479,sound,ko-0369,1,7274,9,250,259,sound,korean,"{""selected_id"":""ko-0369"",""board_id"":""6c6c2636-3120-41ba-a84f-8774c7cd5917"",""challenge_id"":""cbc1e46a-e2c1-477d-ba0e-bc128a01361a""}"
bc0922de-c19d-40eb-a358-8bc5ae58ff94,2026-05-25T20:15:54.221Z,matching,matching-20260525201403482-a48479,sound,ko-0289,1,3389,23,250,273,sound,korean,"{""selected_id"":""ko-0289"",""board_id"":""6c6c2636-3120-41ba-a84f-8774c7cd5917"",""challenge_id"":""cbc1e46a-e2c1-477d-ba0e-bc128a01361a""}"
8c1f52ee-7bc0-4401-9163-00579e6d5bbf,2026-05-25T20:16:00.565Z,matching,matching-20260525201403482-a48479,sound,ko-0028,1,2556,26,250,276,sound,korean,"{""selected_id"":""ko-0028"",""board_id"":""6c6c2636-3120-41ba-a84f-8774c7cd5917"",""challenge_id"":""cbc1e46a-e2c1-477d-ba0e-bc128a01361a""}"
0b655e22-7436-4e5f-ac0d-3630c44e46d9,2026-05-25T20:16:05.855Z,matching,matching-20260525201403482-a48479,sound,ko-0153,1,3370,23,250,273,sound,korean,"{""selected_id"":""ko-0153"",""board_id"":""ed09bf57-15ee-459e-8c32-5da849711b3d"",""challenge_id"":""cbc1e46a-e2c1-477d-ba0e-bc128a01361a""}"
19048441-f333-4c66-a509-13250abe4aa3,2026-05-25T20:16:15.356Z,matching,matching-20260525201403482-a48479,normal,ko-0246,1,7147,9,250,259,korean,second,"{""selected_id"":""ko-0246"",""board_id"":""ed09bf57-15ee-459e-8c32-5da849711b3d"",""challenge_id"":""""}"
831454ad-b38e-4dda-af6e-883c0a934c30,2026-05-25T20:16:18.706Z,matching,matching-20260525201403482-a48479,normal,ko-0372,1,2310,27,268,295,korean,second,"{""selected_id"":""ko-0372"",""board_id"":""ed09bf57-15ee-459e-8c32-5da849711b3d"",""challenge_id"":""""}"
32a1e369-a3c7-44d8-b5f5-99052a25d99c,2026-05-25T20:16:23.244Z,matching,matching-20260525201403482-a48479,normal,ko-0351,0,3380,-20,250,230,korean,second,"{""selected_id"":""ko-0361"",""board_id"":""ad61d8ea-32fc-4494-a1ad-cbe474c2469f"",""challenge_id"":""""}"
652debeb-eacb-48e6-9cca-beb2ca82f656,2026-05-25T20:16:37.234Z,matching,matching-20260525201403482-a48479,normal,ko-0031,1,2549,26,250,276,korean,second,"{""selected_id"":""ko-0031"",""board_id"":""ad61d8ea-32fc-4494-a1ad-cbe474c2469f"",""challenge_id"":""""}"
71159f70-4c9d-4008-8f70-06f403f01f9a,2026-05-25T20:16:50.162Z,matching,matching-20260525201403482-a48479,normal,ko-0034,1,8439,6,285,291,korean,second,"{""selected_id"":""ko-0034"",""board_id"":""ad61d8ea-32fc-4494-a1ad-cbe474c2469f"",""challenge_id"":""""}"
a3372f4d-30eb-44e4-a283-cea567ad9126,2026-05-25T20:16:55.072Z,matching,matching-20260525201403482-a48479,normal,ko-0437,1,2635,26,250,276,korean,second,"{""selected_id"":""ko-0437"",""board_id"":""ec49ee62-cac8-4133-a6e6-12ef0b162f7d"",""challenge_id"":""""}"
2cab0d03-5284-4347-8e7a-d166197f5137,2026-05-25T20:16:59.786Z,matching,matching-20260525201403482-a48479,normal,ko-0439,1,3907,21,284,305,korean,second,"{""selected_id"":""ko-0439"",""board_id"":""ec49ee62-cac8-4133-a6e6-12ef0b162f7d"",""challenge_id"":""""}"
f60c0e8d-d819-4f0e-b574-af82b8f613f6,2026-05-25T20:17:06.138Z,matching,matching-20260525201403482-a48479,normal,ko-0256,0,4674,-20,230,210,korean,second,"{""selected_id"":""ko-0361"",""board_id"":""ec49ee62-cac8-4133-a6e6-12ef0b162f7d"",""challenge_id"":""""}"
9450f0d2-ad65-4018-883d-e99d5729b126,2026-05-25T20:17:19.074Z,matching,matching-20260525201403482-a48479,normal,ko-0235,0,5728,-20,299,279,korean,second,"{""selected_id"":""ko-0323"",""board_id"":""38ef3fc1-86fa-4e51-b767-c18fe6f69ba4"",""challenge_id"":""""}"
257d8012-5de8-4332-92c8-792e87f8bec4,2026-05-25T20:17:31.807Z,matching,matching-20260525201403482-a48479,normal,ko-0361,1,8716,6,250,256,korean,second,"{""selected_id"":""ko-0361"",""board_id"":""38ef3fc1-86fa-4e51-b767-c18fe6f69ba4"",""challenge_id"":""""}"
b7c207ab-5566-43c1-8ff2-fd7b89474c5c,2026-05-25T20:17:38.419Z,matching,matching-20260525201403482-a48479,normal,ko-0323,1,2075,28,272,300,korean,second,"{""selected_id"":""ko-0323"",""board_id"":""38ef3fc1-86fa-4e51-b767-c18fe6f69ba4"",""challenge_id"":""""}"
43d5f6da-cc24-4705-baf6-06632c6044c0,2026-05-25T20:17:42.349Z,matching,matching-20260525201403482-a48479,reverse,ko-0103,1,1626,29,250,279,second,korean,"{""selected_id"":""ko-0103"",""board_id"":""ebedb257-54fa-4d06-bd6f-518a7861014e"",""challenge_id"":""""}"
596dbf54-2326-4778-8f78-66fc83d836d9,2026-05-25T20:17:44.398Z,matching,matching-20260525201403482-a48479,reverse,ko-0290,1,1242,31,278,309,second,korean,"{""selected_id"":""ko-0290"",""board_id"":""ebedb257-54fa-4d06-bd6f-518a7861014e"",""challenge_id"":""""}"
111a36d9-0e00-4c7f-b5d1-49f79e00c6bc,2026-05-25T20:17:46.876Z,matching,matching-20260525201403482-a48479,reverse,ko-0147,1,1323,30,299,329,second,korean,"{""selected_id"":""ko-0147"",""board_id"":""ebedb257-54fa-4d06-bd6f-518a7861014e"",""challenge_id"":""""}"
caeb20ef-129a-44f4-af37-66232f47d3f3,2026-05-25T20:17:49.855Z,matching,matching-20260525201403482-a48479,reverse,ko-0407,1,1697,29,275,304,second,korean,"{""selected_id"":""ko-0407"",""board_id"":""296a99e4-aba3-4504-8e19-93a8fbf364d5"",""challenge_id"":""""}"
f2185634-8c84-4d43-9848-4a4d9e46cd26,2026-05-25T20:17:56.978Z,matching,matching-20260525201403482-a48479,reverse,ko-0453,0,5212,-20,250,230,second,korean,"{""selected_id"":""ko-0333"",""board_id"":""296a99e4-aba3-4504-8e19-93a8fbf364d5"",""challenge_id"":""""}"
37fc8d8c-7947-4a6d-9e66-24d4ca5018d3,2026-05-25T20:18:06.522Z,matching,matching-20260525201403482-a48479,reverse,ko-0333,1,1969,28,250,278,second,korean,"{""selected_id"":""ko-0333"",""board_id"":""296a99e4-aba3-4504-8e19-93a8fbf364d5"",""challenge_id"":""""}"
12477416-8ab9-470e-81ce-7f27907a5f87,2026-05-25T20:18:09.977Z,matching,matching-20260525201403482-a48479,reverse,ko-0283,1,1381,30,301,331,second,korean,"{""selected_id"":""ko-0283"",""board_id"":""44a59e9f-2a89-4fb5-914d-28c562ae1d3d"",""challenge_id"":""""}"
68430521-9bbc-4245-be25-1d8b561aa2f4,2026-05-25T20:18:16.936Z,matching,matching-20260525201403482-a48479,reverse,ko-0151,1,3701,22,269,291,second,korean,"{""selected_id"":""ko-0151"",""board_id"":""44a59e9f-2a89-4fb5-914d-28c562ae1d3d"",""challenge_id"":""""}"
6fb566a3-ecdb-4400-b0ff-b90f982aec10,2026-05-25T20:18:22.510Z,matching,matching-20260525201403482-a48479,normal,ko-0452,1,2755,25,250,275,korean,second,"{""selected_id"":""ko-0452"",""board_id"":""44a59e9f-2a89-4fb5-914d-28c562ae1d3d"",""challenge_id"":""""}"
6a84e43d-e8c1-429a-8a1d-98261788add2,2026-05-25T20:18:30.689Z,matching,matching-20260525201403482-a48479,normal,ko-0410,1,5148,16,250,266,korean,second,"{""selected_id"":""ko-0410"",""board_id"":""25bc8b5e-a7f5-40df-b612-d4e85335cd7d"",""challenge_id"":""""}"
68dde124-153d-4d3b-bc0a-1a14c6ba87aa,2026-05-25T20:18:36.070Z,matching,matching-20260525201403482-a48479,normal,ko-0324,1,3663,22,250,272,korean,second,"{""selected_id"":""ko-0324"",""board_id"":""25bc8b5e-a7f5-40df-b612-d4e85335cd7d"",""challenge_id"":""""}"
ed9f087d-e685-40f5-982a-76f9d283c118,2026-05-25T20:18:43.665Z,matching,matching-20260525201403482-a48479,normal,ko-0267,1,4445,19,277,296,korean,second,"{""selected_id"":""ko-0267"",""board_id"":""25bc8b5e-a7f5-40df-b612-d4e85335cd7d"",""challenge_id"":""""}"
649001c9-1ffe-401c-bd6d-bef116b8fe77,2026-05-25T20:18:55.472Z,matching,matching-20260525201403482-a48479,normal,ko-0417,1,8993,6,249,255,korean,second,"{""selected_id"":""ko-0417"",""board_id"":""4bf330b4-fe7c-4f1d-91f9-e1c548876d77"",""challenge_id"":""""}"
102f013c-34fa-4c2b-a1a3-5f4e50c61ce2,2026-05-25T20:19:00.156Z,matching,matching-20260525201403482-a48479,normal,ko-0275,1,2740,25,284,309,korean,second,"{""selected_id"":""ko-0275"",""board_id"":""4bf330b4-fe7c-4f1d-91f9-e1c548876d77"",""challenge_id"":""""}"
a2ed8261-27f7-4888-8853-46441440c2d5,2026-05-25T20:19:12.387Z,matching,matching-20260525201403482-a48479,normal,ko-0413,1,5423,15,250,265,korean,second,"{""selected_id"":""ko-0413"",""board_id"":""4bf330b4-fe7c-4f1d-91f9-e1c548876d77"",""challenge_id"":""""}"
883db793-3b72-4658-a2e7-d703265dd149,2026-05-25T20:19:17.528Z,matching,matching-20260525201403482-a48479,normal,ko-0479,0,3157,-20,250,230,korean,second,"{""selected_id"":""ko-0191"",""board_id"":""6e2134e1-4349-4f06-a5fb-997494c04512"",""challenge_id"":""""}"
8edd113e-aa60-4add-ad5e-7b54660dbe1a,2026-05-25T20:19:22.939Z,matching,matching-20260525201403482-a48479,normal,ko-0306,1,1445,30,250,280,korean,second,"{""selected_id"":""ko-0306"",""board_id"":""6e2134e1-4349-4f06-a5fb-997494c04512"",""challenge_id"":""""}"
ccdfd379-276f-43be-9f7b-26606849febd,2026-05-25T20:19:25.836Z,matching,matching-20260525201403482-a48479,normal,ko-0365,1,1358,30,265,295,korean,second,"{""selected_id"":""ko-0365"",""board_id"":""6e2134e1-4349-4f06-a5fb-997494c04512"",""challenge_id"":""""}"
16d5f27f-f9fe-476f-8ccb-3180a1cde99f,2026-05-25T20:19:36.038Z,matching,matching-20260525201403482-a48479,silent,ko-0033,0,7164,-20,250,230,korean,second,"{""selected_id"":""ko-0025"",""board_id"":""45bcb51d-68c4-4eb8-be81-39bf6d9b6e2c"",""challenge_id"":""""}"
52c7690a-0f35-4da0-b1d5-657db17b321a,2026-05-25T20:19:48.639Z,matching,matching-20260525201403482-a48479,silent,ko-0191,0,5036,-20,250,230,korean,second,"{""selected_id"":""ko-0466"",""board_id"":""45bcb51d-68c4-4eb8-be81-39bf6d9b6e2c"",""challenge_id"":""""}"
f6dacea1-4565-4134-9821-d08874a49cfa,2026-05-25T20:19:56.263Z,matching,matching-20260525201403482-a48479,silent,ko-0087,1,1925,28,250,278,korean,second,"{""selected_id"":""ko-0087"",""board_id"":""45bcb51d-68c4-4eb8-be81-39bf6d9b6e2c"",""challenge_id"":""""}"
324be9f6-a0dc-4926-bea5-e8e3cdd7e7a2,2026-05-25T20:19:58.807Z,matching,matching-20260525201403482-a48479,silent,ko-0030,1,364,34,250,284,korean,second,"{""selected_id"":""ko-0030"",""board_id"":""d40b7499-9a2e-4351-8bd4-7df532442141"",""challenge_id"":""""}"
765fc901-cd9d-4e17-a71a-c232be3e9877,2026-05-25T20:20:03.008Z,matching,matching-20260525201403482-a48479,silent,ko-0466,1,3440,23,250,273,korean,second,"{""selected_id"":""ko-0466"",""board_id"":""d40b7499-9a2e-4351-8bd4-7df532442141"",""challenge_id"":""""}"
2dc1d9a7-2484-49df-8508-ed8875004e10,2026-05-25T20:20:13.007Z,matching,matching-20260525201403482-a48479,silent,ko-0025,0,9368,-20,250,230,korean,second,"{""selected_id"":""ko-0070"",""board_id"":""d40b7499-9a2e-4351-8bd4-7df532442141"",""challenge_id"":""""}"
efd35514-bb66-49c5-a1d5-6ea3a4b34366,2026-05-25T20:20:19.853Z,matching,matching-20260525201403482-a48479,silent,ko-0015,1,4150,20,256,276,korean,second,"{""selected_id"":""ko-0015"",""board_id"":""4fa04e29-6788-4462-9a37-2c3a79f66a0e"",""challenge_id"":""""}"
efa738ee-41b8-44af-bc29-20a417ede7da,2026-05-25T20:20:28.165Z,matching,matching-20260525201403482-a48479,silent,ko-0020,1,7649,7,250,257,korean,second,"{""selected_id"":""ko-0020"",""board_id"":""4fa04e29-6788-4462-9a37-2c3a79f66a0e"",""challenge_id"":""""}"
08948056-df51-4e65-8094-8e05c532ca39,2026-05-25T20:20:33.119Z,matching,matching-20260525201403482-a48479,normal,ko-0403,1,2824,25,275,300,korean,second,"{""selected_id"":""ko-0403"",""board_id"":""4fa04e29-6788-4462-9a37-2c3a79f66a0e"",""challenge_id"":""""}"
7ab40497-04bd-42b5-b9f9-c6f3d50cf778,2026-05-25T20:20:35.850Z,matching,matching-20260525201403482-a48479,normal,ko-0104,1,333,34,275,309,korean,second,"{""selected_id"":""ko-0104"",""board_id"":""2a482ffc-c1cc-443f-9604-81f7413bab3e"",""challenge_id"":""""}"
6d4027a9-3863-4255-ba1d-95b4d8d78293,2026-05-25T20:20:46.272Z,matching,matching-20260525201403482-a48479,normal,ko-0070,0,8398,-20,230,210,korean,second,"{""selected_id"":""ko-0197"",""board_id"":""2a482ffc-c1cc-443f-9604-81f7413bab3e"",""challenge_id"":""""}"
ae146261-782f-4082-9a85-01ce2f920ecd,2026-05-25T20:20:55.329Z,matching,matching-20260525201403482-a48479,normal,ko-0406,1,2842,25,274,299,korean,second,"{""selected_id"":""ko-0406"",""board_id"":""2a482ffc-c1cc-443f-9604-81f7413bab3e"",""challenge_id"":""""}"
d839ba15-c0b7-49bc-90c4-dc7d5c3917cd,2026-05-25T20:20:57.642Z,matching,matching-20260525201403482-a48479,normal,ko-0037,1,369,34,275,309,korean,second,"{""selected_id"":""ko-0037"",""board_id"":""fae6bfa6-1e2b-43c9-8893-de50a9978ae9"",""challenge_id"":""""}"
3d75ae68-3893-4b1c-b8d3-e82296d61139,2026-05-25T20:21:01.245Z,matching,matching-20260525201403482-a48479,normal,ko-0396,1,1749,29,271,300,korean,second,"{""selected_id"":""ko-0396"",""board_id"":""fae6bfa6-1e2b-43c9-8893-de50a9978ae9"",""challenge_id"":""""}"
4fd29e0a-663d-4601-a2f3-a6aaae90a29f,2026-05-25T20:21:04.075Z,matching,matching-20260525201403482-a48479,normal,ko-0046,1,2131,27,250,277,korean,second,"{""selected_id"":""ko-0046"",""board_id"":""fae6bfa6-1e2b-43c9-8893-de50a9978ae9"",""challenge_id"":""""}"
5a494f3a-ccb9-4b23-9375-7958d8abfd19,2026-05-25T20:21:23.088Z,matching,matching-20260525201403482-a48479,normal,ko-0197,1,18384,6,250,256,korean,second,"{""selected_id"":""ko-0197"",""board_id"":""115d9833-6549-42d6-9c38-77c49de94d05"",""challenge_id"":""""}"
5f321bf2-3fa4-4552-b7ea-a2c199bb1f3e,2026-05-25T20:21:32.703Z,matching,matching-20260525201403482-a48479,normal,ko-0076,1,4910,17,250,267,korean,second,"{""selected_id"":""ko-0076"",""board_id"":""115d9833-6549-42d6-9c38-77c49de94d05"",""challenge_id"":""""}"
11db5cfe-c84c-4c35-bef1-32269a75bd02,2026-05-25T20:21:35.885Z,matching,matching-20260525201403482-a48479,normal,ko-0143,1,1344,30,250,280,korean,second,"{""selected_id"":""ko-0143"",""board_id"":""115d9833-6549-42d6-9c38-77c49de94d05"",""challenge_id"":""""}"
d3e81b5d-9125-4992-ab5d-69eb4bb74da2,2026-05-25T20:21:41.515Z,matching,matching-20260525201403482-a48479,silent,ko-0183,1,3241,23,230,253,korean,second,"{""selected_id"":""ko-0183"",""board_id"":""91045a9e-410b-4be9-950b-b521234a87c7"",""challenge_id"":""""}"
893ce13a-8f08-4427-ab72-cd6460ccc99f,2026-05-25T20:21:47.055Z,matching,matching-20260525201403482-a48479,silent,ko-0377,0,3809,-20,261,241,korean,second,"{""selected_id"":""ko-0374"",""board_id"":""91045a9e-410b-4be9-950b-b521234a87c7"",""challenge_id"":""""}"
eeadd666-6810-47b5-859d-df4e49cca4fe,2026-05-25T20:22:00.926Z,matching,matching-20260525201403482-a48479,silent,ko-0311,1,4958,17,269,286,korean,second,"{""selected_id"":""ko-0311"",""board_id"":""91045a9e-410b-4be9-950b-b521234a87c7"",""challenge_id"":""""}"
2522577a-82f8-492b-a100-d9947ec2e46e,2026-05-25T20:22:05.063Z,matching,matching-20260525201403482-a48479,silent,ko-0196,1,2153,27,277,304,korean,second,"{""selected_id"":""ko-0196"",""board_id"":""334ab3d7-f55d-436e-ace6-b136e4405351"",""challenge_id"":""""}"
506785fe-ec0f-44c5-8b70-99dc335209af,2026-05-25T20:22:14.563Z,matching,matching-20260525201403482-a48479,silent,ko-0343,1,6924,10,263,273,korean,second,"{""selected_id"":""ko-0343"",""board_id"":""334ab3d7-f55d-436e-ace6-b136e4405351"",""challenge_id"":""""}"
1e6c837e-739e-41b5-babf-fb0c5bb76c9a,2026-05-25T20:22:17.914Z,matching,matching-20260525201403482-a48479,silent,ko-0353,0,713,-20,271,251,korean,second,"{""selected_id"":""ko-0482"",""board_id"":""334ab3d7-f55d-436e-ace6-b136e4405351"",""challenge_id"":""""}"
98e3fe73-df68-4d04-bb1b-c0876bf3c2a4,2026-05-25T20:22:31.622Z,matching,matching-20260525201403482-a48479,silent,ko-0374,1,6810,10,250,260,korean,second,"{""selected_id"":""ko-0374"",""board_id"":""de7dc6f2-5106-4078-a0d6-05876671a98c"",""challenge_id"":""""}"
ee2b6ecd-9cb2-43b7-aa87-657a4864102b,2026-05-25T20:22:35.872Z,matching,matching-20260525201403482-a48479,silent,ko-0230,0,2510,-20,250,230,korean,second,"{""selected_id"":""ko-0126"",""board_id"":""de7dc6f2-5106-4078-a0d6-05876671a98c"",""challenge_id"":""""}"
56fece79-b49e-4e8d-b160-4ba6e0f3e4c7,2026-05-25T20:22:42.379Z,matching,matching-20260525201403482-a48479,normal,ko-0050,1,2089,28,280,308,korean,second,"{""selected_id"":""ko-0050"",""board_id"":""de7dc6f2-5106-4078-a0d6-05876671a98c"",""challenge_id"":""""}"
289c2747-f86f-440f-be80-171f7862a90a,2026-05-25T20:22:51.914Z,matching,matching-20260525201403482-a48479,normal,ko-0482,0,7667,-20,250,230,korean,second,"{""selected_id"":""ko-0310"",""board_id"":""4b38d3aa-7a00-489a-9490-b46564653101"",""challenge_id"":""""}"
3d8b9ff3-c58c-4ecc-8854-1ea2c63f7337,2026-05-25T20:23:03.094Z,matching,matching-20260525201403482-a48479,normal,ko-0090,1,4397,19,256,275,korean,second,"{""selected_id"":""ko-0090"",""board_id"":""4b38d3aa-7a00-489a-9490-b46564653101"",""challenge_id"":""""}"
b9067dbe-9523-4dbc-8a27-517570e64321,2026-05-25T20:23:06.255Z,matching,matching-20260525201403482-a48479,normal,ko-0142,1,283,34,323,357,korean,second,"{""selected_id"":""ko-0142"",""board_id"":""4b38d3aa-7a00-489a-9490-b46564653101"",""challenge_id"":""""}"
7e439332-685a-4f71-9b3d-4c088ac51570,2026-05-25T20:23:18.389Z,matching,matching-20260525201403482-a48479,normal,ko-0126,0,8935,-20,230,210,korean,second,"{""selected_id"":""ko-0206"",""board_id"":""7a815ef3-9c61-4e54-b327-19d6341a96f6"",""challenge_id"":""""}"
4dc04357-588b-4942-b671-e39d29fb3f97,2026-05-25T20:23:23.658Z,matching,matching-20260525201403482-a48479,normal,ko-0172,1,2317,27,250,277,korean,second,"{""selected_id"":""ko-0172"",""board_id"":""7a815ef3-9c61-4e54-b327-19d6341a96f6"",""challenge_id"":""""}"
6a988f97-f05c-4d37-81c7-20f774761911,2026-05-25T20:23:27.456Z,matching,matching-20260525201403482-a48479,normal,ko-0159,1,862,32,308,340,korean,second,"{""selected_id"":""ko-0159"",""board_id"":""7a815ef3-9c61-4e54-b327-19d6341a96f6"",""challenge_id"":""""}"
467ff40c-9adc-4dde-b75d-772a51839281,2026-05-25T20:23:28.978Z,matching,matching-20260525201403482-a48479,normal,ko-0016,1,843,32,250,282,korean,second,"{""selected_id"":""ko-0016"",""board_id"":""275e37e9-dbfd-4461-9c14-0e8f5ffbbaf8"",""challenge_id"":""""}"
330e8971-1a05-415a-b951-cf567b276baf,2026-05-25T20:23:34.713Z,matching,matching-20260525201403482-a48479,normal,ko-0310,0,4876,-20,250,230,korean,second,"{""selected_id"":""ko-0458"",""board_id"":""275e37e9-dbfd-4461-9c14-0e8f5ffbbaf8"",""challenge_id"":""""}"
81a6884b-9de8-48d8-99ad-40fa0d5aceb8,2026-05-25T20:23:40.293Z,matching,matching-20260525201403482-a48479,normal,ko-0041,1,320,34,250,284,korean,second,"{""selected_id"":""ko-0041"",""board_id"":""275e37e9-dbfd-4461-9c14-0e8f5ffbbaf8"",""challenge_id"":""""}"
70629126-ac17-4dd1-be4c-364d11b671f1,2026-05-25T20:24:07.844Z,matching,matching-20260525201403482-a48479,writing,ko-0017,0,27257,-20,270,250,sound,typed_korean,"{""selected_id"":""엄머니"",""board_id"":""5492aee5-bf0c-449d-9017-16bf98f6b274"",""challenge_id"":""ae0cf42b-8770-4365-8ec3-b3e60424a05f""}"
b58c0a7f-09ee-4e22-ac09-10d4869fab39,2026-05-25T20:24:24.396Z,matching,matching-20260525201403482-a48479,writing,ko-0418,0,8104,-20,267,247,translation,typed_korean,"{""selected_id"":""오다"",""board_id"":""5492aee5-bf0c-449d-9017-16bf98f6b274"",""challenge_id"":""ae0cf42b-8770-4365-8ec3-b3e60424a05f""}"
6b5b9850-b15b-4be2-9d9f-be25e964f7dc,2026-05-25T20:24:46.778Z,matching,matching-20260525201403482-a48479,writing,ko-0291,0,15426,-20,252,232,sound,typed_korean,"{""selected_id"":""빵"",""board_id"":""5492aee5-bf0c-449d-9017-16bf98f6b274"",""challenge_id"":""ae0cf42b-8770-4365-8ec3-b3e60424a05f""}"
98ac85bb-96f9-406c-a8c4-747eba50b924,2026-05-25T20:25:04.906Z,matching,matching-20260525201403482-a48479,writing,ko-0022,1,12139,6,256,262,sound,typed_korean,"{""selected_id"":""동생"",""board_id"":""5492aee5-bf0c-449d-9017-16bf98f6b274"",""challenge_id"":""ae0cf42b-8770-4365-8ec3-b3e60424a05f""}"
765a70ce-dca4-4ade-909e-adee023a7768,2026-05-25T20:25:28.061Z,matching,matching-20260525201403482-a48479,writing,ko-0055,1,22820,6,323,329,sound,typed_korean,"{""selected_id"":""감사합니다"",""board_id"":""5492aee5-bf0c-449d-9017-16bf98f6b274"",""challenge_id"":""ae0cf42b-8770-4365-8ec3-b3e60424a05f""}"
a2420666-4dca-4c79-b1ab-16c32761cd0e,2026-05-25T20:25:34.343Z,matching,matching-20260525201403482-a48479,normal,ko-0458,1,2641,26,250,276,korean,second,"{""selected_id"":""ko-0458"",""board_id"":""5492aee5-bf0c-449d-9017-16bf98f6b274"",""challenge_id"":""""}"
6fca9c03-6a19-48b8-b32b-7ae53a60de29,2026-05-25T20:25:39.840Z,matching,matching-20260525201403482-a48479,normal,ko-0428,1,4584,19,256,275,korean,second,"{""selected_id"":""ko-0428"",""board_id"":""5492aee5-bf0c-449d-9017-16bf98f6b274"",""challenge_id"":""""}"
1ac589d1-48ae-415f-97b6-c9617ffebf44,2026-05-25T20:25:43.668Z,matching,matching-20260525201403482-a48479,normal,ko-0347,1,1193,31,250,281,korean,second,"{""selected_id"":""ko-0347"",""board_id"":""5492aee5-bf0c-449d-9017-16bf98f6b274"",""challenge_id"":""""}"
6e69e6f8-4592-4141-8a46-c962b93b0cff,2026-05-25T20:25:47.213Z,matching,matching-20260525201403482-a48479,normal,ko-0234,1,1198,31,272,303,korean,second,"{""selected_id"":""ko-0234"",""board_id"":""33749f81-b652-4c65-87f4-fa27ceef5769"",""challenge_id"":""""}"
e2d7083f-c513-44fa-9dd8-18b470a43239,2026-05-25T20:25:51.507Z,matching,matching-20260525201403482-a48479,normal,ko-0011,1,1271,31,302,333,korean,second,"{""selected_id"":""ko-0011"",""board_id"":""33749f81-b652-4c65-87f4-fa27ceef5769"",""challenge_id"":""""}"
243c680b-8772-4290-9827-6635e6ac05bb,2026-05-25T20:26:02.339Z,matching,matching-20260525201403482-a48479,normal,ko-0206,0,8172,-20,251,231,korean,second,"{""selected_id"":""ko-0380"",""board_id"":""33749f81-b652-4c65-87f4-fa27ceef5769"",""challenge_id"":""""}"
5e229d04-dc95-49f1-a31e-43dd2fbd9942,2026-05-25T20:26:12.588Z,matching,matching-20260525201403482-a48479,normal,ko-0312,1,6633,11,230,241,korean,second,"{""selected_id"":""ko-0312"",""board_id"":""4e5fa1ea-1f5e-4ab5-b8aa-84ea36c662ed"",""challenge_id"":""""}"
e72f091c-3f97-4ccf-980a-4f662f6e7fab,2026-05-25T20:26:18.068Z,matching,matching-20260525201403482-a48479,normal,ko-0417,1,3287,23,255,278,korean,second,"{""selected_id"":""ko-0417"",""board_id"":""4e5fa1ea-1f5e-4ab5-b8aa-84ea36c662ed"",""challenge_id"":""""}"
84415fcc-52e7-434f-b276-a2abf6aa3c0a,2026-05-25T20:26:21.352Z,matching,matching-20260525201403482-a48479,normal,ko-0013,1,1386,30,250,280,korean,second,"{""selected_id"":""ko-0013"",""board_id"":""4e5fa1ea-1f5e-4ab5-b8aa-84ea36c662ed"",""challenge_id"":""""}"
5b219910-3f72-4a09-84bf-bee5f1513fab,2026-05-25T20:26:23.816Z,matching,matching-20260525201403482-a48479,normal,ko-0380,1,394,34,279,313,korean,second,"{""selected_id"":""ko-0380"",""board_id"":""293c0ca9-173d-4471-9e49-c59630b707b3"",""challenge_id"":""""}"
a0b82e12-bfc9-4f4c-a990-caaaa3ffc0a4,2026-05-25T20:26:30.308Z,matching,matching-20260525201403482-a48479,group,ko-0099,1,5083,17,250,267,korean,group,"{""selected_id"":""ko-0099"",""board_id"":""293c0ca9-173d-4471-9e49-c59630b707b3"",""challenge_id"":""""}"
a0b2ca72-fa3c-4736-ac49-f4c67047e153,2026-05-25T20:26:36.254Z,matching,matching-20260525201403482-a48479,group,ko-0471,1,4463,19,277,296,korean,group,"{""selected_id"":""ko-0471"",""board_id"":""293c0ca9-173d-4471-9e49-c59630b707b3"",""challenge_id"":""""}"
09b73245-4c77-4bf0-af99-8624579b9140,2026-05-25T20:26:42.319Z,matching,matching-20260525201403482-a48479,group,ko-0148,1,4317,19,250,269,korean,group,"{""selected_id"":""ko-0148"",""board_id"":""2ad65355-b283-41a4-8278-7b5bc9c84f2b"",""challenge_id"":""""}"
ddcb8bdf-b787-444d-819b-58fe72ce6df5,2026-05-25T20:27:01.484Z,matching,matching-20260525201403482-a48479,group,ko-0489,0,18511,-20,248,228,korean,group,"{""selected_id"":""ko-0487"",""board_id"":""2ad65355-b283-41a4-8278-7b5bc9c84f2b"",""challenge_id"":""""}"
b94608ad-9e7e-4d19-947b-7b3b77aadd00,2026-05-25T20:27:10.551Z,matching,matching-20260525201403482-a48479,group,ko-0049,1,4802,18,304,322,korean,group,"{""selected_id"":""ko-0049"",""board_id"":""2ad65355-b283-41a4-8278-7b5bc9c84f2b"",""challenge_id"":""""}"
e47cd1f5-1630-4581-9dbc-c0665d0e7d38,2026-05-25T20:27:17.859Z,matching,matching-20260525201403482-a48479,group,ko-0062,1,5138,16,250,266,korean,group,"{""selected_id"":""ko-0062"",""board_id"":""bc76355d-e845-44d0-af75-66e796075ec1"",""challenge_id"":""""}"
4094026e-e9e7-4226-8051-0daba03bbfbc,2026-05-25T20:27:27.139Z,matching,matching-20260525201403482-a48479,group,ko-0487,0,7111,-20,250,230,korean,group,"{""selected_id"":""ko-0445"",""board_id"":""bc76355d-e845-44d0-af75-66e796075ec1"",""challenge_id"":""""}"
bcb82434-acb5-4882-af43-7db34e10717c,2026-05-25T20:27:35.443Z,matching,matching-20260525201403482-a48479,group,ko-0186,0,3801,-20,282,262,korean,group,"{""selected_id"":""ko-0129"",""board_id"":""bc76355d-e845-44d0-af75-66e796075ec1"",""challenge_id"":""""}"
808e4cac-4433-4859-9096-978ca55b6692,2026-05-25T20:27:52.784Z,matching,matching-20260525201403482-a48479,normal,ko-0129,1,1771,29,250,279,korean,second,"{""selected_id"":""ko-0129"",""board_id"":""ecb959f5-2023-468e-a34f-0b8d2f0f9423"",""challenge_id"":""""}"
b1a7b10f-598f-4431-bd1f-aef19d4b1fd6,2026-05-25T20:27:58.558Z,matching,matching-20260525201403482-a48479,normal,ko-0440,1,4974,17,279,296,korean,second,"{""selected_id"":""ko-0440"",""board_id"":""ecb959f5-2023-468e-a34f-0b8d2f0f9423"",""challenge_id"":""""}"
fab7fa40-bb14-4104-829a-e32391457476,2026-05-25T20:28:02.898Z,matching,matching-20260525201403482-a48479,normal,ko-0170,1,1693,29,264,293,korean,second,"{""selected_id"":""ko-0170"",""board_id"":""ecb959f5-2023-468e-a34f-0b8d2f0f9423"",""challenge_id"":""""}"
b68f7132-1f73-43a8-b010-73a62226c559,2026-05-25T20:28:07.048Z,matching,matching-20260525201403482-a48479,normal,ko-0010,1,3080,24,277,301,korean,second,"{""selected_id"":""ko-0010"",""board_id"":""676736c3-0c5a-4d1a-a953-9c2eab0f27a3"",""challenge_id"":""""}"
2dfb118c-84a6-4d70-a470-81653c10ce52,2026-05-25T20:28:13.560Z,matching,matching-20260525201403482-a48479,normal,ko-0445,1,4565,19,271,290,korean,second,"{""selected_id"":""ko-0445"",""board_id"":""676736c3-0c5a-4d1a-a953-9c2eab0f27a3"",""challenge_id"":""""}"
d2272145-074a-473a-9959-d45efe501ef6,2026-05-25T20:28:18.076Z,matching,matching-20260525201403482-a48479,normal,ko-0384,1,2564,26,259,285,korean,second,"{""selected_id"":""ko-0384"",""board_id"":""676736c3-0c5a-4d1a-a953-9c2eab0f27a3"",""challenge_id"":""""}"
ef0241a1-69d3-455b-973a-0801701fc3fb,2026-05-25T20:28:22.647Z,matching,matching-20260525201403482-a48479,normal,ko-0469,1,2463,26,250,276,korean,second,"{""selected_id"":""ko-0469"",""board_id"":""66fe5779-54d4-4cd8-96ac-6553bb504388"",""challenge_id"":""""}"
fe874628-bf44-4f8f-b862-a2562f2feb5b,2026-05-25T20:28:31.034Z,matching,matching-20260525201403482-a48479,normal,ko-0297,0,6123,-20,276,256,korean,second,"{""selected_id"":""ko-0114"",""board_id"":""66fe5779-54d4-4cd8-96ac-6553bb504388"",""challenge_id"":""""}"
2bbac351-0a91-4aaa-bb25-54d453e1d716,2026-05-25T20:28:40.489Z,matching,matching-20260525201403482-a48479,normal,ko-0097,1,4143,20,250,270,korean,second,"{""selected_id"":""ko-0097"",""board_id"":""66fe5779-54d4-4cd8-96ac-6553bb504388"",""challenge_id"":""""}"
f4a51205-ac29-4686-a6ff-23e2bd1f01cc,2026-05-25T20:28:45.146Z,matching,matching-20260525201403482-a48479,normal,ko-0094,1,2050,28,250,278,korean,second,"{""selected_id"":""ko-0094"",""board_id"":""eecfe317-5c5c-4676-bf32-c3ef9137e250"",""challenge_id"":""""}"
0c0416d7-99b1-4624-8ba9-5675c688af92,2026-05-25T20:29:09.243Z,matching,matching-20260525201403482-a48479,writing,ko-0426,0,23817,-20,250,230,translation,typed_korean,"{""selected_id"":""더다"",""board_id"":""eecfe317-5c5c-4676-bf32-c3ef9137e250"",""challenge_id"":""d464b64d-be3d-4f3f-b25d-c8c63eda754d""}"
5c8d99c9-0892-4bf8-ad79-05f471e7b936,2026-05-25T20:29:44.407Z,matching,matching-20260525201403482-a48479,writing,ko-0395,0,25260,-20,266,246,translation,typed_korean,"{""selected_id"":""눈믈하다"",""board_id"":""eecfe317-5c5c-4676-bf32-c3ef9137e250"",""challenge_id"":""d464b64d-be3d-4f3f-b25d-c8c63eda754d""}"
56742a9b-22ca-4548-a3b1-f98ab2711634,2026-05-25T20:30:04.962Z,matching,matching-20260525201403482-a48479,writing,ko-0167,0,14047,-20,261,241,sound,typed_korean,"{""selected_id"":""퍼더"",""board_id"":""eecfe317-5c5c-4676-bf32-c3ef9137e250"",""challenge_id"":""d464b64d-be3d-4f3f-b25d-c8c63eda754d""}"
2a862406-8d6d-4e10-aee2-f63376269dcd,2026-05-25T20:30:35.991Z,matching,matching-20260525201403482-a48479,normal,ko-0474,0,3342,-20,250,230,korean,second,"{""selected_id"":""ko-0464"",""board_id"":""eecfe317-5c5c-4676-bf32-c3ef9137e250"",""challenge_id"":""""}"
dbaed354-b913-4bfc-b823-9d8b86431301,2026-05-25T20:30:47.010Z,matching,matching-20260525201403482-a48479,normal,ko-0464,1,3285,23,250,273,korean,second,"{""selected_id"":""ko-0464"",""board_id"":""eecfe317-5c5c-4676-bf32-c3ef9137e250"",""challenge_id"":""""}"
5d5d2b61-3017-404d-a895-083100d2d1cd,2026-05-25T20:30:50.994Z,matching,matching-20260525201403482-a48479,normal,ko-0024,1,1528,30,276,306,korean,second,"{""selected_id"":""ko-0024"",""board_id"":""1766c24b-07bb-45ee-a18c-874b711048df"",""challenge_id"":""""}"
e0acd886-9ce3-4102-a960-fc04a713e5c2,2026-05-25T20:30:53.880Z,matching,matching-20260525201403482-a48479,normal,ko-0270,1,2228,27,250,277,korean,second,"{""selected_id"":""ko-0270"",""board_id"":""1766c24b-07bb-45ee-a18c-874b711048df"",""challenge_id"":""""}"
c0dcb156-90fc-4bea-a9df-b2dbd0f28ed2,2026-05-25T20:30:59.243Z,matching,matching-20260525201403482-a48479,normal,ko-0114,1,2335,27,276,303,korean,second,"{""selected_id"":""ko-0114"",""board_id"":""1766c24b-07bb-45ee-a18c-874b711048df"",""challenge_id"":""""}"
7f6d333f-3907-4453-a900-cecc318cc812,2026-05-25T20:31:08.346Z,matching,matching-20260525201403482-a48479,normal,ko-0164,1,7034,10,310,320,korean,second,"{""selected_id"":""ko-0164"",""board_id"":""e93daddc-93cf-4f26-a24f-c2224808f152"",""challenge_id"":""""}"
a12cfd23-5ca7-4322-9783-c7fe29e89c52,2026-05-25T20:31:13.783Z,matching,matching-20260525201403482-a48479,normal,ko-0089,1,2577,26,250,276,korean,second,"{""selected_id"":""ko-0089"",""board_id"":""e93daddc-93cf-4f26-a24f-c2224808f152"",""challenge_id"":""""}"
e1e6af02-b689-4903-a120-7f458636c8ed,2026-05-25T20:31:18.466Z,matching,matching-20260525201403482-a48479,normal,ko-0199,1,2577,26,250,276,korean,second,"{""selected_id"":""ko-0199"",""board_id"":""e93daddc-93cf-4f26-a24f-c2224808f152"",""challenge_id"":""""}"
d1263515-5b42-4783-b418-f2d688a1a55a,2026-05-25T20:31:22.481Z,matching,matching-20260525201403482-a48479,normal,ko-0423,1,1240,31,257,288,korean,second,"{""selected_id"":""ko-0423"",""board_id"":""bcbd3a45-e144-4f6a-bcb8-59272bb67ab0"",""challenge_id"":""""}"
fed88586-cfa7-4c43-ba85-32b97f043974,2026-05-25T20:31:28.601Z,matching,matching-20260525201403482-a48479,normal,ko-0312,1,3885,21,241,262,korean,second,"{""selected_id"":""ko-0312"",""board_id"":""bcbd3a45-e144-4f6a-bcb8-59272bb67ab0"",""challenge_id"":""""}"
b0e6fea2-1428-43fe-bd49-6c1f10dac67d,2026-05-25T20:31:36.225Z,matching,matching-20260525201403482-a48479,normal,ko-0482,0,5145,-20,230,210,korean,second,"{""selected_id"":""ko-0405"",""board_id"":""bcbd3a45-e144-4f6a-bcb8-59272bb67ab0"",""challenge_id"":""""}"
22cc4917-f39f-4dba-8aa8-6c97e3f2216c,2026-05-25T20:31:41.446Z,matching,matching-20260525201403482-a48479,normal,ko-0059,1,2330,27,275,302,korean,second,"{""selected_id"":""ko-0059"",""board_id"":""0b5d8887-6e8c-4324-a73b-775d7bec5719"",""challenge_id"":""""}"
5380361e-b6fa-405a-b165-db1b58491c5d,2026-05-25T20:31:47.141Z,matching,matching-20260525201403482-a48479,reverse,ko-0342,1,3819,21,250,271,second,korean,"{""selected_id"":""ko-0342"",""board_id"":""0b5d8887-6e8c-4324-a73b-775d7bec5719"",""challenge_id"":""""}"
b4fedbfb-2b04-4622-8513-c35b655d4981,2026-05-25T20:31:49.108Z,matching,matching-20260525201403482-a48479,reverse,ko-0378,1,376,34,276,310,second,korean,"{""selected_id"":""ko-0378"",""board_id"":""0b5d8887-6e8c-4324-a73b-775d7bec5719"",""challenge_id"":""""}"
0b8f7aaf-fc11-4ae4-b93c-64a9dc760cba,2026-05-25T20:31:51.431Z,matching,matching-20260525201403482-a48479,reverse,ko-0405,1,687,33,242,275,second,korean,"{""selected_id"":""ko-0405"",""board_id"":""db938c59-7e64-4dee-8a8c-0ef98f17f123"",""challenge_id"":""""}"
669ea3a7-71dc-4f7a-9eea-4ac27289af6b,2026-05-25T20:31:54.097Z,matching,matching-20260525201403482-a48479,reverse,ko-0061,1,656,33,250,283,second,korean,"{""selected_id"":""ko-0061"",""board_id"":""db938c59-7e64-4dee-8a8c-0ef98f17f123"",""challenge_id"":""""}"
b440da51-c356-4ce6-975d-ee9c856dfba7,2026-05-25T20:31:58.157Z,matching,matching-20260525201403482-a48479,reverse,ko-0465,1,2214,27,271,298,second,korean,"{""selected_id"":""ko-0465"",""board_id"":""db938c59-7e64-4dee-8a8c-0ef98f17f123"",""challenge_id"":""""}"
56281905-5b69-4d04-95a4-4a733ecf40a5,2026-05-25T20:32:02.708Z,matching,matching-20260525201403482-a48479,reverse,ko-0220,1,1895,28,250,278,second,korean,"{""selected_id"":""ko-0220"",""board_id"":""daf3db48-0419-4dd5-934d-09ace48cf218"",""challenge_id"":""""}"
30c620c4-03fc-43c9-bc76-7ba301a549f1,2026-05-25T20:32:05.049Z,matching,matching-20260525201403482-a48479,reverse,ko-0431,1,683,33,268,301,second,korean,"{""selected_id"":""ko-0431"",""board_id"":""daf3db48-0419-4dd5-934d-09ace48cf218"",""challenge_id"":""""}"
c566044a-925d-4cdd-a6c4-6a3038948d99,2026-05-25T20:32:12.650Z,matching,matching-20260525201403482-a48479,reverse,ko-0106,1,4602,18,259,277,second,korean,"{""selected_id"":""ko-0106"",""board_id"":""daf3db48-0419-4dd5-934d-09ace48cf218"",""challenge_id"":""""}"
012fcddb-0638-405b-8516-0bdddf790673,2026-05-25T20:32:15.052Z,matching,matching-20260525201403482-a48479,normal,ko-0052,1,352,34,250,284,korean,second,"{""selected_id"":""ko-0052"",""board_id"":""dd396da1-3373-4144-9f06-d01b79483e60"",""challenge_id"":""""}"
024a798a-3677-460a-a11a-ef000ab233fd,2026-05-25T20:32:26.053Z,matching,matching-20260525201403482-a48479,normal,ko-0439,1,10116,6,305,311,korean,second,"{""selected_id"":""ko-0439"",""board_id"":""dd396da1-3373-4144-9f06-d01b79483e60"",""challenge_id"":""""}"
0ac91a1e-7bf6-4f33-aa46-219e0faa1d6f,2026-05-25T20:32:34.869Z,matching,matching-20260525201403482-a48479,normal,ko-0098,0,7847,-20,250,230,korean,second,"{""selected_id"":""ko-0478"",""board_id"":""dd396da1-3373-4144-9f06-d01b79483e60"",""challenge_id"":""""}"
da09a8d6-2808-4833-96f6-4acddb8195f3,2026-05-25T20:32:43.827Z,matching,matching-20260525201403482-a48479,normal,ko-0441,1,2792,25,256,281,korean,second,"{""selected_id"":""ko-0441"",""board_id"":""a664035f-ccd2-4e72-b620-13be27681a81"",""challenge_id"":""""}"
73d61c6e-7a08-45b1-b667-050df06c55cd,2026-05-25T20:32:46.903Z,matching,matching-20260525201403482-a48479,normal,ko-0478,1,2141,27,250,277,korean,second,"{""selected_id"":""ko-0478"",""board_id"":""a664035f-ccd2-4e72-b620-13be27681a81"",""challenge_id"":""""}"
1ecf69de-9be0-4568-a54e-b90d53350e42,2026-05-25T20:32:51.157Z,matching,matching-20260525201403482-a48479,normal,ko-0323,1,1646,29,300,329,korean,second,"{""selected_id"":""ko-0323"",""board_id"":""a664035f-ccd2-4e72-b620-13be27681a81"",""challenge_id"":""""}"
adefbcbe-e998-4984-86fd-3ec7096c17cd,2026-05-25T20:32:59.090Z,matching,matching-20260525201403482-a48479,normal,ko-0071,1,5714,14,250,264,korean,second,"{""selected_id"":""ko-0071"",""board_id"":""40c03ac6-856a-43a2-ba5c-028073175082"",""challenge_id"":""""}"
8bd539cd-b326-4f97-9a68-7d0570abc86b,2026-05-25T20:33:06.784Z,matching,matching-20260525201403482-a48479,normal,ko-0299,0,5880,-20,270,250,korean,second,"{""selected_id"":""ko-0324"",""board_id"":""40c03ac6-856a-43a2-ba5c-028073175082"",""challenge_id"":""""}"
bb9d978b-3b84-4538-b3ed-d51f0bc5b6cd,2026-05-25T20:33:13.718Z,matching,matching-20260525201403482-a48479,normal,ko-0326,1,1238,31,250,281,korean,second,"{""selected_id"":""ko-0326"",""board_id"":""40c03ac6-856a-43a2-ba5c-028073175082"",""challenge_id"":""""}"
7d58e42e-563f-499d-b5f6-60a07a3dc471,2026-05-25T20:33:20.610Z,matching,matching-20260525201403482-a48479,normal,ko-0147,1,4964,17,329,346,korean,second,"{""selected_id"":""ko-0147"",""board_id"":""781ba9bd-9d7b-4dd2-8b08-b656a94fe62a"",""challenge_id"":""""}"
f56d973b-7f26-4b8c-b2e4-01386a0b251e,2026-05-25T20:33:27.654Z,matching,matching-20260525201403482-a48479,sound,ko-0485,1,3708,22,230,252,sound,korean,"{""selected_id"":""ko-0485"",""board_id"":""781ba9bd-9d7b-4dd2-8b08-b656a94fe62a"",""challenge_id"":""1ab729bd-cdfa-4f33-88fc-42cc307d353d""}"
090906f2-24cd-4139-8ce1-a65ee81cb501,2026-05-25T20:33:31.880Z,matching,matching-20260525201403482-a48479,sound,ko-0392,1,3365,23,250,273,sound,korean,"{""selected_id"":""ko-0392"",""board_id"":""781ba9bd-9d7b-4dd2-8b08-b656a94fe62a"",""challenge_id"":""1ab729bd-cdfa-4f33-88fc-42cc307d353d""}"
0aa03004-06d1-462e-9dee-610efe0b5cdd,2026-05-25T20:33:36.878Z,matching,matching-20260525201403482-a48479,sound,ko-0062,1,2785,25,266,291,sound,korean,"{""selected_id"":""ko-0062"",""board_id"":""e7b98282-d7fc-4311-91fd-5c9a614f1a5a"",""challenge_id"":""1ab729bd-cdfa-4f33-88fc-42cc307d353d""}"
966bd33b-f82b-477f-92d9-823eb286dd4b,2026-05-25T20:33:47.235Z,matching,matching-20260525201403482-a48479,sound,ko-0324,1,7997,6,272,278,sound,korean,"{""selected_id"":""ko-0324"",""board_id"":""e7b98282-d7fc-4311-91fd-5c9a614f1a5a"",""challenge_id"":""1ab729bd-cdfa-4f33-88fc-42cc307d353d""}"
9f794955-95ea-40a4-b8c6-407d2c630075,2026-05-25T20:33:53.604Z,matching,matching-20260525201403482-a48479,sound,ko-0248,1,3958,21,250,271,sound,korean,"{""selected_id"":""ko-0248"",""board_id"":""e7b98282-d7fc-4311-91fd-5c9a614f1a5a"",""challenge_id"":""1ab729bd-cdfa-4f33-88fc-42cc307d353d""}"
c9e7ffd9-7806-48fe-b644-c12349444cf1,2026-05-25T20:34:03.142Z,matching,matching-20260525201403482-a48479,sound,ko-0272,1,7030,10,276,286,sound,korean,"{""selected_id"":""ko-0272"",""board_id"":""93f837fc-b82b-4f1f-811a-fc63dcec7455"",""challenge_id"":""1ab729bd-cdfa-4f33-88fc-42cc307d353d""}"
87a25f1c-001d-483a-80f1-12caf1a696a1,2026-05-25T20:34:06.857Z,matching,matching-20260525201403482-a48479,sound,ko-0357,1,2938,25,256,281,sound,korean,"{""selected_id"":""ko-0357"",""board_id"":""93f837fc-b82b-4f1f-811a-fc63dcec7455"",""challenge_id"":""1ab729bd-cdfa-4f33-88fc-42cc307d353d""}"
4b9993aa-450e-4874-a3ad-110e029b646b,2026-05-25T20:34:10.895Z,matching,matching-20260525201403482-a48479,normal,ko-0155,1,1843,29,310,339,korean,second,"{""selected_id"":""ko-0155"",""board_id"":""93f837fc-b82b-4f1f-811a-fc63dcec7455"",""challenge_id"":""""}"
911128ea-8faa-4680-b757-2511aeaccefd,2026-05-25T20:34:16.520Z,matching,matching-20260525201403482-a48479,normal,ko-0032,1,3205,24,250,274,korean,second,"{""selected_id"":""ko-0032"",""board_id"":""7c0c53f2-f799-4287-bc22-a41bc3c987f0"",""challenge_id"":""""}"
73ec8810-e868-4f0a-9b34-865142bb3643,2026-05-25T20:34:23.533Z,matching,matching-20260525201403482-a48479,normal,ko-0413,1,4922,17,265,282,korean,second,"{""selected_id"":""ko-0413"",""board_id"":""7c0c53f2-f799-4287-bc22-a41bc3c987f0"",""challenge_id"":""""}"
38408511-7eb2-48ea-b47c-b2b49af407f8,2026-05-25T20:34:27.867Z,matching,matching-20260525201403482-a48479,normal,ko-0327,1,2853,25,230,255,korean,second,"{""selected_id"":""ko-0327"",""board_id"":""7c0c53f2-f799-4287-bc22-a41bc3c987f0"",""challenge_id"":""""}"
