event_id,created_at,game_id,session_id,id,result,response_ms,prompt_language,answer_language,metadata_json
9b68a79d-e2b7-448f-a295-b2a509c8875f,2026-05-25T13:13:15.542Z,matching,matching-20260525131304645-27e686,ko-0060,correct,1,korean,english,"{""selected_id"":""ko-0060"",""board_id"":""929e59e4-5c4d-448b-8da7-0fa6e3032261"",""challenge_id"":""""}"
5f10660b-c0ef-4348-b0fb-d190f2835991,2026-05-25T13:13:19.598Z,matching,matching-20260525131304645-27e686,ko-0194,correct,1887,korean,english,"{""selected_id"":""ko-0194"",""board_id"":""929e59e4-5c4d-448b-8da7-0fa6e3032261"",""challenge_id"":""""}"
7b4e03d7-4388-4f7e-80b9-502491bb41b0,2026-05-25T13:13:27.895Z,matching,matching-20260525131304645-27e686,ko-0427,correct,7085,korean,english,"{""selected_id"":""ko-0427"",""board_id"":""929e59e4-5c4d-448b-8da7-0fa6e3032261"",""challenge_id"":""""}"
06204d1c-08b8-4814-9e2e-5c662679db3e,2026-05-25T13:13:39.080Z,matching,matching-20260525131304645-27e686,ko-0262,correct,1987,korean,english,"{""selected_id"":""ko-0262"",""board_id"":""1bc5b22d-da1b-43ff-86da-b57bb13494c5"",""challenge_id"":""""}"
757e2359-6798-4224-9304-2361444e894c,2026-05-25T13:13:43.354Z,matching,matching-20260525131304645-27e686,ko-0300,correct,3105,korean,english,"{""selected_id"":""ko-0300"",""board_id"":""1bc5b22d-da1b-43ff-86da-b57bb13494c5"",""challenge_id"":""""}"
256a0eb4-4531-4ca1-b518-7f9df3f1917d,2026-05-25T13:13:48.712Z,matching,matching-20260525131304645-27e686,ko-0081,correct,3938,korean,english,"{""selected_id"":""ko-0081"",""board_id"":""1bc5b22d-da1b-43ff-86da-b57bb13494c5"",""challenge_id"":""""}"
9c31ace8-0b19-4878-8e26-d614ce1c2dfd,2026-05-25T13:13:58.471Z,matching,matching-20260525131304645-27e686,ko-0490,wrong,8877,korean,english,"{""selected_id"":""ko-0452"",""board_id"":""daf05384-33ed-45cf-ae8f-721c39a2b506"",""challenge_id"":""""}"
83c4a416-ade1-4d03-ab8b-2d85448aebbb,2026-05-25T13:14:06.645Z,matching,matching-20260525131304645-27e686,ko-0490,wrong,5981,korean,english,"{""selected_id"":""ko-0441"",""board_id"":""daf05384-33ed-45cf-ae8f-721c39a2b506"",""challenge_id"":""""}"
89aecb26-2046-4698-ac65-75cbbb933eba,2026-05-25T13:14:08.382Z,matching,matching-20260525131304645-27e686,ko-0490,wrong,420,korean,english,"{""selected_id"":""ko-0188"",""board_id"":""daf05384-33ed-45cf-ae8f-721c39a2b506"",""challenge_id"":""""}"
b954ae2c-feaa-45a0-9815-cecdb8f1b2f9,2026-05-25T13:14:54.186Z,matching,matching-20260525131304645-27e686,ko-0490,correct,44505,korean,group,"{""selected_id"":""ko-0490"",""board_id"":""daf05384-33ed-45cf-ae8f-721c39a2b506"",""challenge_id"":""""}"
e2806b57-209b-42e1-85af-9f1ad6b86b5f,2026-05-25T13:14:57.260Z,matching,matching-20260525131304645-27e686,ko-0188,correct,1428,korean,group,"{""selected_id"":""ko-0188"",""board_id"":""daf05384-33ed-45cf-ae8f-721c39a2b506"",""challenge_id"":""""}"
7d38d549-5774-4cda-b934-92a258684930,2026-05-25T13:15:05.361Z,matching,matching-20260525131304645-27e686,ko-0107,correct,0,korean,group,"{""selected_id"":""ko-0107"",""board_id"":""daf05384-33ed-45cf-ae8f-721c39a2b506"",""challenge_id"":""""}"
e039618c-7b0c-4d44-bff3-154a01a241ae,2026-05-25T13:21:43.599Z,matching,matching-20260525132130455-5f995a,ko-0039,correct,2,korean,english,"{""selected_id"":""ko-0039"",""board_id"":""325dcb78-9c27-4cdc-b3dd-17ca8ca932b3"",""challenge_id"":""""}"
84cb8d78-ab5f-4f1e-af42-9280eca98bb4,2026-05-25T13:21:46.824Z,matching,matching-20260525132130455-5f995a,ko-0196,correct,2310,korean,english,"{""selected_id"":""ko-0196"",""board_id"":""325dcb78-9c27-4cdc-b3dd-17ca8ca932b3"",""challenge_id"":""""}"
a42a7afe-2009-4107-8240-c2305d34e208,2026-05-25T13:21:50.326Z,matching,matching-20260525132130455-5f995a,ko-0142,correct,2900,korean,english,"{""selected_id"":""ko-0142"",""board_id"":""325dcb78-9c27-4cdc-b3dd-17ca8ca932b3"",""challenge_id"":""""}"
6f5efc9d-954a-46f0-90b3-70c67a2c5040,2026-05-25T13:21:53.763Z,matching,matching-20260525132130455-5f995a,ko-0287,correct,2382,korean,english,"{""selected_id"":""ko-0287"",""board_id"":""9ad8d8a6-55a2-41b5-9336-44162b629cd0"",""challenge_id"":""""}"
714470f7-1aca-4896-8c61-f7d239867759,2026-05-25T13:21:55.689Z,matching,matching-20260525132130455-5f995a,ko-0029,correct,1135,korean,english,"{""selected_id"":""ko-0029"",""board_id"":""9ad8d8a6-55a2-41b5-9336-44162b629cd0"",""challenge_id"":""""}"
4a47066b-abf3-422e-90ab-9a28161f29c7,2026-05-25T13:21:57.940Z,matching,matching-20260525132130455-5f995a,ko-0382,correct,1388,korean,english,"{""selected_id"":""ko-0382"",""board_id"":""9ad8d8a6-55a2-41b5-9336-44162b629cd0"",""challenge_id"":""""}"
9d9ccaa6-c158-4da6-9f5f-25638a0c3525,2026-05-25T13:22:02.971Z,matching,matching-20260525132130455-5f995a,ko-0366,correct,4339,korean,english,"{""selected_id"":""ko-0366"",""board_id"":""d4e7f845-23b4-4387-bbb7-2242d5050767"",""challenge_id"":""""}"
444b70ee-917f-473b-be00-0befa1ebd1fe,2026-05-25T13:22:07.324Z,matching,matching-20260525132130455-5f995a,ko-0093,correct,3439,korean,english,"{""selected_id"":""ko-0093"",""board_id"":""d4e7f845-23b4-4387-bbb7-2242d5050767"",""challenge_id"":""""}"
b02c6e13-d334-4c3f-8f12-b5decce882d1,2026-05-25T13:22:12.336Z,matching,matching-20260525132130455-5f995a,ko-0249,correct,2,korean,english,"{""selected_id"":""ko-0249"",""board_id"":""d4e7f845-23b4-4387-bbb7-2242d5050767"",""challenge_id"":""""}"
4946232f-37c8-4a83-9292-c2674d0c07f7,2026-05-25T13:22:20.437Z,matching,matching-20260525132130455-5f995a,ko-0179,correct,7368,korean,group,"{""selected_id"":""ko-0179"",""board_id"":""eda51734-25b8-4f9d-b9ee-8df59f6602a0"",""challenge_id"":""""}"
fa034308-3644-4876-8e52-a3f2c819f7f4,2026-05-25T13:22:24.697Z,matching,matching-20260525132130455-5f995a,ko-0234,correct,3534,korean,group,"{""selected_id"":""ko-0234"",""board_id"":""eda51734-25b8-4f9d-b9ee-8df59f6602a0"",""challenge_id"":""""}"
f33553cc-0a54-45c8-afbf-9b3b856bbcd3,2026-05-25T13:22:35.408Z,matching,matching-20260525132130455-5f995a,ko-0452,wrong,10105,korean,group,"{""selected_id"":""ko-0320"",""board_id"":""eda51734-25b8-4f9d-b9ee-8df59f6602a0"",""challenge_id"":""""}"
3a72524e-0d15-4df9-8dd7-64925482bb4e,2026-05-25T13:22:41.743Z,matching,matching-20260525132130455-5f995a,ko-0110,correct,3656,korean,group,"{""selected_id"":""ko-0110"",""board_id"":""eda51734-25b8-4f9d-b9ee-8df59f6602a0"",""challenge_id"":""""}"
82aa0065-7d44-41e0-bbea-6f8ccc8552c5,2026-05-25T13:22:43.479Z,matching,matching-20260525132130455-5f995a,ko-0102,correct,1133,korean,group,"{""selected_id"":""ko-0102"",""board_id"":""ae62d2e0-adee-4c88-aa23-7d62e149c078"",""challenge_id"":""""}"
4c566f91-d66a-4adb-b549-68bda5fa2c61,2026-05-25T13:22:51.845Z,matching,matching-20260525132130455-5f995a,ko-0320,wrong,7827,korean,group,"{""selected_id"":""ko-0319"",""board_id"":""ae62d2e0-adee-4c88-aa23-7d62e149c078"",""challenge_id"":""""}"
428a06bd-3da9-44ab-bf71-1d85a8424d21,2026-05-25T13:22:58.038Z,matching,matching-20260525132130455-5f995a,ko-0112,correct,5178,korean,group,"{""selected_id"":""ko-0112"",""board_id"":""ae62d2e0-adee-4c88-aa23-7d62e149c078"",""challenge_id"":""""}"
a022e53e-e6ab-49b5-a717-c385eaf50144,2026-05-25T13:23:06.223Z,matching,matching-20260525132130455-5f995a,ko-0438,wrong,1,korean,group,"{""selected_id"":""ko-0452"",""board_id"":""ae62d2e0-adee-4c88-aa23-7d62e149c078"",""challenge_id"":""""}"
bbdc3fb6-b3c2-4123-a4cb-b68fe4941b27,2026-05-25T13:23:15.148Z,matching,matching-20260525132130455-5f995a,ko-0319,correct,7720,korean,english,"{""selected_id"":""ko-0319"",""board_id"":""ae62d2e0-adee-4c88-aa23-7d62e149c078"",""challenge_id"":""""}"
9dfabbf5-17ed-465e-bb96-a49e085a068a,2026-05-25T13:23:19.510Z,matching,matching-20260525132130455-5f995a,ko-0055,correct,2582,sound,korean,"{""selected_id"":""ko-0055"",""board_id"":""9096ed40-ba06-457b-9113-19abf12353c7"",""challenge_id"":""63c6c55e-bb80-407c-8d92-5c0afdaf5fba""}"
00d80796-8532-4b77-93c5-9a203ed9dede,2026-05-25T13:23:23.951Z,matching,matching-20260525132130455-5f995a,ko-0452,correct,4056,sound,korean,"{""selected_id"":""ko-0452"",""board_id"":""9096ed40-ba06-457b-9113-19abf12353c7"",""challenge_id"":""63c6c55e-bb80-407c-8d92-5c0afdaf5fba""}"
738d1a09-744a-4bc9-8161-0ec70bca93a9,2026-05-25T13:23:27.406Z,matching,matching-20260525132130455-5f995a,ko-0120,correct,2592,sound,korean,"{""selected_id"":""ko-0120"",""board_id"":""9096ed40-ba06-457b-9113-19abf12353c7"",""challenge_id"":""63c6c55e-bb80-407c-8d92-5c0afdaf5fba""}"
7a34dc00-9c4c-42eb-a009-5482ddaba61d,2026-05-25T13:23:33.460Z,matching,matching-20260525132130455-5f995a,ko-0490,correct,5681,sound,korean,"{""selected_id"":""ko-0490"",""board_id"":""738b1b77-a015-4b51-93f5-14ee2a0dabb6"",""challenge_id"":""63c6c55e-bb80-407c-8d92-5c0afdaf5fba""}"
7689b9ce-4400-474a-8f88-f8019e9e8fc1,2026-05-25T13:23:36.141Z,matching,matching-20260525132130455-5f995a,ko-0320,correct,2109,sound,korean,"{""selected_id"":""ko-0320"",""board_id"":""738b1b77-a015-4b51-93f5-14ee2a0dabb6"",""challenge_id"":""63c6c55e-bb80-407c-8d92-5c0afdaf5fba""}"
bddd7b57-a57b-4e99-a1ad-d99506b2bf11,2026-05-25T13:23:39.497Z,matching,matching-20260525132130455-5f995a,ko-0106,wrong,2939,sound,korean,"{""selected_id"":""ko-0188"",""board_id"":""738b1b77-a015-4b51-93f5-14ee2a0dabb6"",""challenge_id"":""63c6c55e-bb80-407c-8d92-5c0afdaf5fba""}"
d1230022-3299-4be3-a6d1-72eb16fd6f9c,2026-05-25T13:23:42.446Z,matching,matching-20260525132130455-5f995a,ko-0106,correct,1787,sound,korean,"{""selected_id"":""ko-0106"",""board_id"":""738b1b77-a015-4b51-93f5-14ee2a0dabb6"",""challenge_id"":""63c6c55e-bb80-407c-8d92-5c0afdaf5fba""}"
58afdcd1-9d65-4a22-9d25-cfce6b96691f,2026-05-25T13:23:46.469Z,matching,matching-20260525132130455-5f995a,ko-0438,correct,1,sound,korean,"{""selected_id"":""ko-0438"",""board_id"":""a4a4a6e8-617f-479a-9cb6-d2d1578f00be"",""challenge_id"":""63c6c55e-bb80-407c-8d92-5c0afdaf5fba""}"
ab08cea9-2f15-4181-aa2c-35cd75806c4a,2026-05-25T13:23:49.361Z,matching,matching-20260525132130455-5f995a,ko-0291,wrong,2533,sound,korean,"{""selected_id"":""ko-0113"",""board_id"":""a4a4a6e8-617f-479a-9cb6-d2d1578f00be"",""challenge_id"":""63c6c55e-bb80-407c-8d92-5c0afdaf5fba""}"
e465206d-635a-432d-adba-3afe50adba59,2026-05-25T13:23:53.814Z,matching,matching-20260525132130455-5f995a,ko-0291,correct,3541,sound,korean,"{""selected_id"":""ko-0291"",""board_id"":""a4a4a6e8-617f-479a-9cb6-d2d1578f00be"",""challenge_id"":""63c6c55e-bb80-407c-8d92-5c0afdaf5fba""}"
bcd20b3e-971a-422d-8648-618d95a97bfd,2026-05-25T13:23:56.482Z,matching,matching-20260525132130455-5f995a,ko-0136,correct,2140,sound,korean,"{""selected_id"":""ko-0136"",""board_id"":""a4a4a6e8-617f-479a-9cb6-d2d1578f00be"",""challenge_id"":""63c6c55e-bb80-407c-8d92-5c0afdaf5fba""}"
481c7f93-2189-46ef-829e-8f1f7eef1fc1,2026-05-25T13:23:59.513Z,matching,matching-20260525132130455-5f995a,ko-0188,correct,2351,sound,korean,"{""selected_id"":""ko-0188"",""board_id"":""24dcab40-b3be-4a43-aaee-a272b02192d7"",""challenge_id"":""63c6c55e-bb80-407c-8d92-5c0afdaf5fba""}"
ee186c50-3b83-4bc3-b4dc-bc9fad59063d,2026-05-25T13:24:01.848Z,matching,matching-20260525132130455-5f995a,ko-0164,correct,1623,korean,english,"{""selected_id"":""ko-0164"",""board_id"":""24dcab40-b3be-4a43-aaee-a272b02192d7"",""challenge_id"":""""}"
bed1eb9e-c80e-4b88-b83b-593aa2e0de44,2026-05-25T13:24:04.560Z,matching,matching-20260525132130455-5f995a,ko-0378,correct,2434,korean,english,"{""selected_id"":""ko-0378"",""board_id"":""24dcab40-b3be-4a43-aaee-a272b02192d7"",""challenge_id"":""""}"
c5992747-8a61-4cc2-930d-348ee3e08067,2026-05-25T13:24:07.297Z,matching,matching-20260525132130455-5f995a,ko-0113,correct,2017,korean,english,"{""selected_id"":""ko-0113"",""board_id"":""8a07f958-a053-413d-a6eb-ea33076b0948"",""challenge_id"":""""}"
fb646811-2b82-4976-a96d-78f4aef15f08,2026-05-25T13:24:10.019Z,matching,matching-20260525132130455-5f995a,ko-0341,correct,2407,korean,english,"{""selected_id"":""ko-0341"",""board_id"":""8a07f958-a053-413d-a6eb-ea33076b0948"",""challenge_id"":""""}"
fd773b9d-1c1a-4052-821c-a9b5325ad43a,2026-05-25T13:24:13.112Z,matching,matching-20260525132130455-5f995a,ko-0080,correct,1,korean,english,"{""selected_id"":""ko-0080"",""board_id"":""8a07f958-a053-413d-a6eb-ea33076b0948"",""challenge_id"":""""}"
45f1769f-4f0b-4fba-8abd-db6eda6d14d3,2026-05-25T13:24:22.360Z,matching,matching-20260525132130455-5f995a,ko-0489,wrong,8808,korean,english,"{""selected_id"":""ko-0445"",""board_id"":""3b7eae22-b5c6-4b84-8af3-0b8081d82c8e"",""challenge_id"":""""}"
e0ee932d-af5b-4bee-8c0c-cb5b7e19d3da,2026-05-25T13:24:27.339Z,matching,matching-20260525132130455-5f995a,ko-0072,correct,3285,sound,korean,"{""selected_id"":""ko-0072"",""board_id"":""3b7eae22-b5c6-4b84-8af3-0b8081d82c8e"",""challenge_id"":""a8f70e3c-c50e-424a-b32b-7b68547aad3f""}"
c6d5e201-c8ed-4cb8-a97e-76187e88790b,2026-05-25T13:24:31.052Z,matching,matching-20260525132130455-5f995a,ko-0269,correct,3359,sound,korean,"{""selected_id"":""ko-0269"",""board_id"":""3b7eae22-b5c6-4b84-8af3-0b8081d82c8e"",""challenge_id"":""a8f70e3c-c50e-424a-b32b-7b68547aad3f""}"
d34c4c55-9de3-4f8b-96e3-ac49f373488c,2026-05-25T13:24:35.090Z,matching,matching-20260525132130455-5f995a,ko-0402,correct,3428,sound,korean,"{""selected_id"":""ko-0402"",""board_id"":""3b7eae22-b5c6-4b84-8af3-0b8081d82c8e"",""challenge_id"":""a8f70e3c-c50e-424a-b32b-7b68547aad3f""}"
61931f1e-1844-402b-a54e-4f7dd9f3d8bf,2026-05-25T13:24:41.674Z,matching,matching-20260525132130455-5f995a,ko-0499,correct,5986,sound,korean,"{""selected_id"":""ko-0499"",""board_id"":""ec149496-8ce0-4157-9579-aee90037afe1"",""challenge_id"":""a8f70e3c-c50e-424a-b32b-7b68547aad3f""}"
8248de0d-d054-46db-826d-b584edbd633f,2026-05-25T13:24:46.248Z,matching,matching-20260525132130455-5f995a,ko-0445,correct,3946,sound,korean,"{""selected_id"":""ko-0445"",""board_id"":""ec149496-8ce0-4157-9579-aee90037afe1"",""challenge_id"":""a8f70e3c-c50e-424a-b32b-7b68547aad3f""}"
9864f5a6-5794-4608-9c29-169190202501,2026-05-25T13:24:48.834Z,matching,matching-20260525132130455-5f995a,ko-0267,correct,2194,sound,korean,"{""selected_id"":""ko-0267"",""board_id"":""ec149496-8ce0-4157-9579-aee90037afe1"",""challenge_id"":""a8f70e3c-c50e-424a-b32b-7b68547aad3f""}"
c10752a7-fce1-4ee2-b22c-04b9efc87455,2026-05-25T13:24:51.284Z,matching,matching-20260525132130455-5f995a,ko-0008,correct,2,sound,korean,"{""selected_id"":""ko-0008"",""board_id"":""10b8e7b2-5df4-4424-b7ac-ad70a551d32a"",""challenge_id"":""a8f70e3c-c50e-424a-b32b-7b68547aad3f""}"
3ff24b6a-856a-441d-9feb-1e881c9847c2,2026-05-25T13:24:58.435Z,matching,matching-20260525132130455-5f995a,ko-0489,correct,6832,sound,korean,"{""selected_id"":""ko-0489"",""board_id"":""10b8e7b2-5df4-4424-b7ac-ad70a551d32a"",""challenge_id"":""a8f70e3c-c50e-424a-b32b-7b68547aad3f""}"
1ae4f7b7-cddf-49f3-b3dd-d9aa555b624c,2026-05-25T13:25:04.285Z,matching,matching-20260525132130455-5f995a,ko-0463,correct,5068,sound,korean,"{""selected_id"":""ko-0463"",""board_id"":""10b8e7b2-5df4-4424-b7ac-ad70a551d32a"",""challenge_id"":""a8f70e3c-c50e-424a-b32b-7b68547aad3f""}"
6ff890b7-c924-4d2e-b078-b9604fa0e26f,2026-05-25T13:25:07.366Z,matching,matching-20260525132130455-5f995a,ko-0133,correct,2365,sound,korean,"{""selected_id"":""ko-0133"",""board_id"":""2afceba0-4058-48e7-b93a-8c7fcaf368c8"",""challenge_id"":""a8f70e3c-c50e-424a-b32b-7b68547aad3f""}"
3f0fb1d9-eacd-42cd-a645-535aa2a82f1a,2026-05-25T13:25:25.796Z,matching,matching-20260525132130455-5f995a,ko-0459,correct,17779,sound,korean,"{""selected_id"":""ko-0459"",""board_id"":""2afceba0-4058-48e7-b93a-8c7fcaf368c8"",""challenge_id"":""a8f70e3c-c50e-424a-b32b-7b68547aad3f""}"
06873992-c912-4f11-96b9-e74bff009a3e,2026-05-25T13:25:29.562Z,matching,matching-20260525132130455-5f995a,ko-0019,correct,3473,korean,english,"{""selected_id"":""ko-0019"",""board_id"":""2afceba0-4058-48e7-b93a-8c7fcaf368c8"",""challenge_id"":""""}"
1505e039-8a16-467d-a27c-6fadf642c890,2026-05-25T13:25:33.417Z,matching,matching-20260525132130455-5f995a,ko-0279,correct,3195,korean,english,"{""selected_id"":""ko-0279"",""board_id"":""2fb3a05c-e2a9-4d5c-8af5-3fbee48d5704"",""challenge_id"":""""}"
8e6072e9-9a61-4e4e-8a08-1bad4a18b6b8,2026-05-25T13:25:35.820Z,matching,matching-20260525132130455-5f995a,ko-0250,correct,1829,korean,english,"{""selected_id"":""ko-0250"",""board_id"":""2fb3a05c-e2a9-4d5c-8af5-3fbee48d5704"",""challenge_id"":""""}"
df374bc1-310a-4491-8c2e-382a4f3bc07d,2026-05-25T13:25:38.160Z,matching,matching-20260525132130455-5f995a,ko-0170,correct,1,korean,english,"{""selected_id"":""ko-0170"",""board_id"":""2fb3a05c-e2a9-4d5c-8af5-3fbee48d5704"",""challenge_id"":""""}"
6bb7eb87-6c61-4365-be02-c2d6560a96ee,2026-05-25T13:25:44.904Z,matching,matching-20260525132130455-5f995a,ko-0343,correct,6174,korean,english,"{""selected_id"":""ko-0343"",""board_id"":""9640a122-840a-4a2a-8322-5d72d59d4cef"",""challenge_id"":""""}"
3c353259-8924-49b1-a967-231c1dab0f3b,2026-05-25T13:25:50.058Z,matching,matching-20260525132130455-5f995a,ko-0422,correct,4591,korean,english,"{""selected_id"":""ko-0422"",""board_id"":""9640a122-840a-4a2a-8322-5d72d59d4cef"",""challenge_id"":""""}"
91166bd0-0070-400c-b6ce-fdc7803df05e,2026-05-25T13:25:53.384Z,matching,matching-20260525132130455-5f995a,ko-0138,correct,2669,korean,english,"{""selected_id"":""ko-0138"",""board_id"":""9640a122-840a-4a2a-8322-5d72d59d4cef"",""challenge_id"":""""}"
ab5d1cc5-6a23-4eae-94d9-313769ecfdb4,2026-05-25T13:25:58.149Z,matching,matching-20260525132130455-5f995a,ko-0034,correct,3871,sound,korean,"{""selected_id"":""ko-0034"",""board_id"":""e13938c0-d6d7-44fc-a453-a9888e676348"",""challenge_id"":""cfd7c683-edd4-4736-be9a-c6f07336d22c""}"
e0c87bb5-b1f7-40be-a350-02c0dd9539d6,2026-05-25T13:26:00.447Z,matching,matching-20260525132130455-5f995a,ko-0072,correct,1985,sound,korean,"{""selected_id"":""ko-0072"",""board_id"":""e13938c0-d6d7-44fc-a453-a9888e676348"",""challenge_id"":""cfd7c683-edd4-4736-be9a-c6f07336d22c""}"
e0dfd5e7-32ee-4e4d-ac69-9caf2a103b8b,2026-05-25T13:26:02.875Z,matching,matching-20260525132130455-5f995a,ko-0207,correct,2104,sound,korean,"{""selected_id"":""ko-0207"",""board_id"":""e13938c0-d6d7-44fc-a453-a9888e676348"",""challenge_id"":""cfd7c683-edd4-4736-be9a-c6f07336d22c""}"
4321eb51-0168-43ed-a870-2479625dfc7e,2026-05-25T13:26:06.294Z,matching,matching-20260525132130455-5f995a,ko-0187,correct,2837,sound,korean,"{""selected_id"":""ko-0187"",""board_id"":""b9166854-b811-4761-8822-9cd11c463a58"",""challenge_id"":""cfd7c683-edd4-4736-be9a-c6f07336d22c""}"
44bc2d22-705f-49c0-bf2f-559581531d21,2026-05-25T13:26:10.819Z,matching,matching-20260525132130455-5f995a,ko-0247,wrong,1,sound,korean,"{""selected_id"":""ko-0114"",""board_id"":""b9166854-b811-4761-8822-9cd11c463a58"",""challenge_id"":""cfd7c683-edd4-4736-be9a-c6f07336d22c""}"
c21fc974-daa8-4df2-b842-b8567d24fa58,2026-05-25T13:26:12.809Z,matching,matching-20260525132130455-5f995a,ko-0247,correct,1,sound,korean,"{""selected_id"":""ko-0247"",""board_id"":""b9166854-b811-4761-8822-9cd11c463a58"",""challenge_id"":""cfd7c683-edd4-4736-be9a-c6f07336d22c""}"
b570409f-8b0d-49ef-9b19-fba9e8432318,2026-05-25T13:26:15.976Z,matching,matching-20260525132130455-5f995a,ko-0451,correct,2633,sound,korean,"{""selected_id"":""ko-0451"",""board_id"":""b9166854-b811-4761-8822-9cd11c463a58"",""challenge_id"":""cfd7c683-edd4-4736-be9a-c6f07336d22c""}"
49b05f1c-8fa7-4d0e-b50a-4abce54c6e4a,2026-05-25T13:26:19.188Z,matching,matching-20260525132130455-5f995a,ko-0498,correct,2887,sound,korean,"{""selected_id"":""ko-0498"",""board_id"":""584ba198-fc3f-44e9-af5d-fca47232ec7c"",""challenge_id"":""cfd7c683-edd4-4736-be9a-c6f07336d22c""}"
de9b9e51-345c-4031-a847-1409ea6147bd,2026-05-25T13:26:22.341Z,matching,matching-20260525132130455-5f995a,ko-0114,correct,2601,sound,korean,"{""selected_id"":""ko-0114"",""board_id"":""584ba198-fc3f-44e9-af5d-fca47232ec7c"",""challenge_id"":""cfd7c683-edd4-4736-be9a-c6f07336d22c""}"
b74fe46a-ea22-4f21-a002-57fbd89899e1,2026-05-25T13:26:26.242Z,matching,matching-20260525132130455-5f995a,ko-0039,correct,3401,sound,korean,"{""selected_id"":""ko-0039"",""board_id"":""584ba198-fc3f-44e9-af5d-fca47232ec7c"",""challenge_id"":""cfd7c683-edd4-4736-be9a-c6f07336d22c""}"
cb8cc218-701e-47c2-a878-79c4c6c7b348,2026-05-25T13:26:29.769Z,matching,matching-20260525132130455-5f995a,ko-0189,correct,2779,sound,korean,"{""selected_id"":""ko-0189"",""board_id"":""54259d7b-5da6-4d9a-aa47-3edef3d1bf24"",""challenge_id"":""cfd7c683-edd4-4736-be9a-c6f07336d22c""}"
11ce143c-39ce-4ffb-adcc-93d909cb5f8e,2026-05-25T13:26:33.618Z,matching,matching-20260525132130455-5f995a,ko-0038,correct,3346,sound,korean,"{""selected_id"":""ko-0038"",""board_id"":""54259d7b-5da6-4d9a-aa47-3edef3d1bf24"",""challenge_id"":""cfd7c683-edd4-4736-be9a-c6f07336d22c""}"
c4b7abb7-96aa-468b-a971-3acb54c87997,2026-05-25T13:26:42.455Z,matching,matching-20260525132130455-5f995a,ko-0308,correct,7870,korean,english,"{""selected_id"":""ko-0308"",""board_id"":""54259d7b-5da6-4d9a-aa47-3edef3d1bf24"",""challenge_id"":""""}"
3470323c-0193-4a26-a0a0-1fa6c6e29a99,2026-05-25T13:26:47.940Z,matching,matching-20260525132130455-5f995a,ko-0235,correct,1,korean,english,"{""selected_id"":""ko-0235"",""board_id"":""598309d5-9d7d-47c5-a6ec-3ace9ae0cd9f"",""challenge_id"":""""}"
f9daad05-c245-419b-95c4-bac35fd64aba,2026-05-25T13:26:56.388Z,matching,matching-20260525132130455-5f995a,ko-0423,correct,7863,korean,english,"{""selected_id"":""ko-0423"",""board_id"":""598309d5-9d7d-47c5-a6ec-3ace9ae0cd9f"",""challenge_id"":""""}"
aba28c26-f6a7-4877-99c6-30caaeafb09b,2026-05-25T13:27:00.604Z,matching,matching-20260525132130455-5f995a,ko-0051,correct,3572,korean,english,"{""selected_id"":""ko-0051"",""board_id"":""598309d5-9d7d-47c5-a6ec-3ace9ae0cd9f"",""challenge_id"":""""}"
6a939f7d-0f4c-4253-9c24-9151dd27fd06,2026-05-25T13:27:24.894Z,matching,matching-20260525132130455-5f995a,ko-0417,wrong,23698,korean,english,"{""selected_id"":""ko-0100"",""board_id"":""58c336e0-7351-4f5d-b12e-2bd812a65169"",""challenge_id"":""""}"
b0e4fd4e-bef2-48ca-b93f-0d7d6e3cb3d3,2026-05-25T13:27:29.651Z,matching,matching-20260525132130455-5f995a,ko-0100,correct,2205,korean,english,"{""selected_id"":""ko-0100"",""board_id"":""58c336e0-7351-4f5d-b12e-2bd812a65169"",""challenge_id"":""""}"
b1ea22db-700a-4bc9-bd1c-1627a2f290b3,2026-05-25T13:27:31.359Z,matching,matching-20260525132130455-5f995a,ko-0427,correct,1338,korean,english,"{""selected_id"":""ko-0427"",""board_id"":""58c336e0-7351-4f5d-b12e-2bd812a65169"",""challenge_id"":""""}"
faceb073-81e5-4997-ae70-21da3c2f2792,2026-05-25T13:27:35.158Z,matching,matching-20260525132130455-5f995a,ko-0055,correct,2807,korean,english,"{""selected_id"":""ko-0055"",""board_id"":""58c336e0-7351-4f5d-b12e-2bd812a65169"",""challenge_id"":""""}"
c44ef0b6-a382-4e22-94dc-2fb7c844dfba,2026-05-25T13:27:37.985Z,matching,matching-20260525132130455-5f995a,ko-0010,correct,2220,korean,english,"{""selected_id"":""ko-0010"",""board_id"":""ea39dd0b-c20c-4d5d-9aaf-0385ac0cea61"",""challenge_id"":""""}"
5d181c6d-b153-4804-8e69-eb0f65b61358,2026-05-25T13:27:41.850Z,matching,matching-20260525132130455-5f995a,ko-0273,correct,1,korean,english,"{""selected_id"":""ko-0273"",""board_id"":""ea39dd0b-c20c-4d5d-9aaf-0385ac0cea61"",""challenge_id"":""""}"
748d198e-ceaa-42e8-8b3d-b5de50ba187f,2026-05-25T13:27:45.180Z,matching,matching-20260525132130455-5f995a,ko-0364,correct,2933,korean,english,"{""selected_id"":""ko-0364"",""board_id"":""ea39dd0b-c20c-4d5d-9aaf-0385ac0cea61"",""challenge_id"":""""}"
28750a6a-2e29-4ab8-a696-478caec6060f,2026-05-25T13:27:50.353Z,matching,matching-20260525132130455-5f995a,ko-0372,correct,4602,korean,english,"{""selected_id"":""ko-0372"",""board_id"":""1df943bc-4e65-44dd-bcac-cc748c8a9229"",""challenge_id"":""""}"
5b46693a-9baf-4dc6-91bc-3a04d346adbf,2026-05-25T13:27:55.856Z,matching,matching-20260525132130455-5f995a,ko-0417,correct,4362,korean,english,"{""selected_id"":""ko-0417"",""board_id"":""1df943bc-4e65-44dd-bcac-cc748c8a9229"",""challenge_id"":""""}"
3132a5e1-6aa6-4faa-a0f4-27108971bba8,2026-05-25T13:27:58.384Z,matching,matching-20260525132130455-5f995a,ko-0202,correct,1628,korean,english,"{""selected_id"":""ko-0202"",""board_id"":""1df943bc-4e65-44dd-bcac-cc748c8a9229"",""challenge_id"":""""}"
34c4e3a3-72f1-459d-af48-e9f45c2b4bef,2026-05-25T13:28:02.840Z,matching,matching-20260525132130455-5f995a,ko-0334,wrong,4064,korean,english,"{""selected_id"":""ko-0244"",""board_id"":""3c125922-4f0b-488d-b148-3b7666240326"",""challenge_id"":""""}"
50064032-1ade-4732-ae5a-4ad53cc5530e,2026-05-25T13:28:06.674Z,matching,matching-20260525132130455-5f995a,ko-0224,correct,2350,sound,korean,"{""selected_id"":""ko-0224"",""board_id"":""3c125922-4f0b-488d-b148-3b7666240326"",""challenge_id"":""fe80b975-401a-4d60-baf5-af579c80cef7""}"
32a1065e-2361-447b-ae61-e05c12007e99,2026-05-25T13:28:10.435Z,matching,matching-20260525132130455-5f995a,ko-0348,correct,3199,sound,korean,"{""selected_id"":""ko-0348"",""board_id"":""3c125922-4f0b-488d-b148-3b7666240326"",""challenge_id"":""fe80b975-401a-4d60-baf5-af579c80cef7""}"
f0f98aa0-f0f1-4d2c-a5ef-c381f82afdd4,2026-05-25T13:28:13.413Z,matching,matching-20260525132130455-5f995a,ko-0439,correct,1,sound,korean,"{""selected_id"":""ko-0439"",""board_id"":""3c125922-4f0b-488d-b148-3b7666240326"",""challenge_id"":""fe80b975-401a-4d60-baf5-af579c80cef7""}"
73fcdd2e-716b-4fbb-8b03-7bd75b84dac4,2026-05-25T13:28:22.970Z,matching,matching-20260525132130455-5f995a,ko-0159,correct,8896,sound,korean,"{""selected_id"":""ko-0159"",""board_id"":""2508a739-93c5-4527-9171-134bc4c4e087"",""challenge_id"":""fe80b975-401a-4d60-baf5-af579c80cef7""}"
77fc3fd0-4855-4ad0-b422-2b57dac46c5d,2026-05-25T13:28:27.203Z,matching,matching-20260525132130455-5f995a,ko-0244,correct,2897,sound,korean,"{""selected_id"":""ko-0244"",""board_id"":""2508a739-93c5-4527-9171-134bc4c4e087"",""challenge_id"":""fe80b975-401a-4d60-baf5-af579c80cef7""}"
a258871c-afcf-4588-8dfd-248329631f7f,2026-05-25T13:28:32.104Z,matching,matching-20260525132130455-5f995a,ko-0264,correct,4395,sound,korean,"{""selected_id"":""ko-0264"",""board_id"":""2508a739-93c5-4527-9171-134bc4c4e087"",""challenge_id"":""fe80b975-401a-4d60-baf5-af579c80cef7""}"
6340c4da-c019-425b-977f-a5d1c914dbcf,2026-05-25T13:28:36.722Z,matching,matching-20260525132130455-5f995a,ko-0239,wrong,3706,sound,korean,"{""selected_id"":""ko-0222"",""board_id"":""822ce085-3325-4448-93b3-405317799d35"",""challenge_id"":""fe80b975-401a-4d60-baf5-af579c80cef7""}"
f4f48a61-04ad-42dd-9374-db8d72a20368,2026-05-25T13:28:50.181Z,matching,matching-20260525132130455-5f995a,ko-0239,correct,12400,sound,korean,"{""selected_id"":""ko-0239"",""board_id"":""822ce085-3325-4448-93b3-405317799d35"",""challenge_id"":""fe80b975-401a-4d60-baf5-af579c80cef7""}"
3e65126f-c27d-4130-a676-35d59bbef1dc,2026-05-25T13:28:58.896Z,matching,matching-20260525132130455-5f995a,ko-0334,correct,7984,korean,english,"{""selected_id"":""ko-0334"",""board_id"":""822ce085-3325-4448-93b3-405317799d35"",""challenge_id"":""""}"
beb6f515-ab9f-4d44-b577-3cc002720c44,2026-05-25T13:29:18.081Z,matching,matching-20260525132130455-5f995a,ko-0222,correct,18542,korean,group,"{""selected_id"":""ko-0222"",""board_id"":""822ce085-3325-4448-93b3-405317799d35"",""challenge_id"":""""}"
b904446a-56c9-4a52-9aa5-10f13725566f,2026-05-25T13:29:32.201Z,matching,matching-20260525132130455-5f995a,ko-0086,wrong,13226,korean,group,"{""selected_id"":""ko-0089"",""board_id"":""14f977e8-a5b3-40cc-b0c7-48d019b2f8b8"",""challenge_id"":""""}"
3ca9b360-a6ba-44a9-ae34-814475a4477e,2026-05-25T13:29:41.985Z,matching,matching-20260525132130455-5f995a,ko-0155,correct,1,korean,group,"{""selected_id"":""ko-0155"",""board_id"":""14f977e8-a5b3-40cc-b0c7-48d019b2f8b8"",""challenge_id"":""""}"
833eed60-e144-4605-bebc-24a59d4164e2,2026-05-25T13:29:43.478Z,matching,matching-20260525132130455-5f995a,ko-0497,correct,915,korean,group,"{""selected_id"":""ko-0497"",""board_id"":""14f977e8-a5b3-40cc-b0c7-48d019b2f8b8"",""challenge_id"":""""}"
def5c4c6-9b1b-4900-8077-c1835436542d,2026-05-25T13:29:48.126Z,matching,matching-20260525132130455-5f995a,ko-0017,correct,4214,korean,group,"{""selected_id"":""ko-0017"",""board_id"":""14f977e8-a5b3-40cc-b0c7-48d019b2f8b8"",""challenge_id"":""""}"
4bf4b27b-b76d-4a0e-9f94-707957e84ff1,2026-05-25T13:41:21.281Z,matching,matching-20260525134105742-d81d5d,ko-0425,correct,1,korean,english,"{""selected_id"":""ko-0425"",""board_id"":""336d1d20-4d6a-4d6e-88e6-4ce08f9b76eb"",""challenge_id"":""""}"
421d420e-d8c9-4866-99e8-e09bf1dd8839,2026-05-25T13:41:24.494Z,matching,matching-20260525134105742-d81d5d,ko-0024,correct,2629,korean,english,"{""selected_id"":""ko-0024"",""board_id"":""336d1d20-4d6a-4d6e-88e6-4ce08f9b76eb"",""challenge_id"":""""}"
9ebf0897-1249-49e2-8127-20793fece430,2026-05-25T13:41:27.056Z,matching,matching-20260525134105742-d81d5d,ko-0048,correct,1780,korean,english,"{""selected_id"":""ko-0048"",""board_id"":""336d1d20-4d6a-4d6e-88e6-4ce08f9b76eb"",""challenge_id"":""""}"
341dfef5-d796-454c-9b8d-11a735a1aa34,2026-05-25T13:41:30.222Z,matching,matching-20260525134105742-d81d5d,ko-0268,correct,2885,korean,english,"{""selected_id"":""ko-0268"",""board_id"":""9d7499a4-d9d8-4cc3-af07-2f19531c09ec"",""challenge_id"":""""}"
382d345e-2ba9-4cde-9a38-3fc17c434e3a,2026-05-25T13:41:33.913Z,matching,matching-20260525134105742-d81d5d,ko-0265,correct,3036,korean,english,"{""selected_id"":""ko-0265"",""board_id"":""9d7499a4-d9d8-4cc3-af07-2f19531c09ec"",""challenge_id"":""""}"
00835984-54f8-43c1-95d1-2abde639131b,2026-05-25T13:41:36.516Z,matching,matching-20260525134105742-d81d5d,ko-0325,correct,1970,korean,english,"{""selected_id"":""ko-0325"",""board_id"":""9d7499a4-d9d8-4cc3-af07-2f19531c09ec"",""challenge_id"":""""}"
71453049-35a9-472a-adfb-6c8c1d04fab8,2026-05-25T13:41:39.148Z,matching,matching-20260525134105742-d81d5d,ko-0039,correct,1880,korean,english,"{""selected_id"":""ko-0039"",""board_id"":""07dacebd-3f40-4f11-9b88-9608d14b2510"",""challenge_id"":""""}"
9bb8d299-fece-400f-879c-6c1529032927,2026-05-25T13:41:41.733Z,matching,matching-20260525134105742-d81d5d,ko-0142,correct,2064,korean,english,"{""selected_id"":""ko-0142"",""board_id"":""07dacebd-3f40-4f11-9b88-9608d14b2510"",""challenge_id"":""""}"
31d8c2ec-5060-4d12-a374-142305835b39,2026-05-25T13:41:45.300Z,matching,matching-20260525134105742-d81d5d,ko-0394,wrong,1,korean,english,"{""selected_id"":""ko-0425"",""board_id"":""07dacebd-3f40-4f11-9b88-9608d14b2510"",""challenge_id"":""""}"
de1ed452-3d04-4811-90a3-da1c44b990b6,2026-05-25T13:41:52.083Z,matching,matching-20260525134105742-d81d5d,ko-0425,correct,3231,korean,english,"{""selected_id"":""ko-0425"",""board_id"":""07dacebd-3f40-4f11-9b88-9608d14b2510"",""challenge_id"":""""}"
47156785-83c8-4fa0-bda5-c91c890f9034,2026-05-25T13:41:55.941Z,matching,matching-20260525134105742-d81d5d,ko-0135,correct,3303,korean,english,"{""selected_id"":""ko-0135"",""board_id"":""38cce6e4-608f-4211-b8a0-1fe554b95820"",""challenge_id"":""""}"
d6975460-1ee4-4f96-938c-edeef982c627,2026-05-25T13:41:59.570Z,matching,matching-20260525134105742-d81d5d,ko-0467,correct,3089,korean,english,"{""selected_id"":""ko-0467"",""board_id"":""38cce6e4-608f-4211-b8a0-1fe554b95820"",""challenge_id"":""""}"
255c7213-4fea-4693-a125-5d9702fa903b,2026-05-25T13:42:02.565Z,matching,matching-20260525134105742-d81d5d,ko-0173,correct,2390,korean,english,"{""selected_id"":""ko-0173"",""board_id"":""38cce6e4-608f-4211-b8a0-1fe554b95820"",""challenge_id"":""""}"
d981b240-b677-4e1f-b243-6ae33dd21da1,2026-05-25T13:42:07.184Z,matching,matching-20260525134105742-d81d5d,ko-0402,correct,4020,korean,english,"{""selected_id"":""ko-0402"",""board_id"":""45141430-25da-4a60-8843-b9ffe43d2f7b"",""challenge_id"":""""}"
73530099-dd81-4026-b3c5-b0187bfde8e8,2026-05-25T13:42:14.604Z,matching,matching-20260525134105742-d81d5d,ko-0376,correct,6751,korean,english,"{""selected_id"":""ko-0376"",""board_id"":""45141430-25da-4a60-8843-b9ffe43d2f7b"",""challenge_id"":""""}"
4504b9e7-c601-4936-bbd2-738718cf8284,2026-05-25T13:42:20.850Z,matching,matching-20260525134105742-d81d5d,ko-0008,correct,5021,korean,english,"{""selected_id"":""ko-0008"",""board_id"":""45141430-25da-4a60-8843-b9ffe43d2f7b"",""challenge_id"":""""}"
ef6e20af-689b-469c-b6a3-6ceaf2464a89,2026-05-25T13:42:26.762Z,matching,matching-20260525134105742-d81d5d,ko-0394,correct,1,korean,english,"{""selected_id"":""ko-0394"",""board_id"":""0323dc7d-c17f-4d1e-b19b-bd0f1e1aa80e"",""challenge_id"":""""}"
9f027bbb-263a-43d0-9335-a8de27f70f28,2026-05-25T13:42:37.548Z,matching,matching-20260525134105742-d81d5d,ko-0357,correct,9069,korean,english,"{""selected_id"":""ko-0357"",""board_id"":""0323dc7d-c17f-4d1e-b19b-bd0f1e1aa80e"",""challenge_id"":""""}"
89acae8f-9d5e-4083-8d88-3f84de100263,2026-05-25T13:43:08.185Z,matching,matching-20260525134105742-d81d5d,ko-0244,wrong,30373,translation,typed_korean,"{""selected_id"":"""",""board_id"":""0323dc7d-c17f-4d1e-b19b-bd0f1e1aa80e"",""challenge_id"":""3051bd53-d1f6-4ee6-8c15-7d014efc1740""}"
58e233c2-2606-4271-8019-efaf2eecdb91,2026-05-25T13:43:27.434Z,matching,matching-20260525134105742-d81d5d,ko-0090,correct,18376,sound,typed_korean,"{""selected_id"":""오후"",""board_id"":""0323dc7d-c17f-4d1e-b19b-bd0f1e1aa80e"",""challenge_id"":""3051bd53-d1f6-4ee6-8c15-7d014efc1740""}"
06294350-f51e-4528-a757-fec0f3bc762c,2026-05-25T13:43:49.698Z,matching,matching-20260525134105742-d81d5d,ko-0318,wrong,21923,sound,typed_korean,"{""selected_id"":""드로하다"",""board_id"":""0323dc7d-c17f-4d1e-b19b-bd0f1e1aa80e"",""challenge_id"":""3051bd53-d1f6-4ee6-8c15-7d014efc1740""}"
13c8643e-7a61-48c2-92cf-98e471cc11d3,2026-05-25T13:43:59.205Z,matching,matching-20260525134105742-d81d5d,ko-0128,correct,8636,sound,typed_korean,"{""selected_id"":""비싸다"",""board_id"":""0323dc7d-c17f-4d1e-b19b-bd0f1e1aa80e"",""challenge_id"":""3051bd53-d1f6-4ee6-8c15-7d014efc1740""}"
a388c395-1e46-408f-a6eb-0d8482472cd2,2026-05-25T13:44:23.039Z,matching,matching-20260525134105742-d81d5d,ko-0138,wrong,23495,translation,typed_korean,"{""selected_id"":""무거워"",""board_id"":""0323dc7d-c17f-4d1e-b19b-bd0f1e1aa80e"",""challenge_id"":""3051bd53-d1f6-4ee6-8c15-7d014efc1740""}"
a9d7e383-ee74-46d8-88e6-9add1adaa900,2026-05-25T13:44:39.260Z,matching,matching-20260525134105742-d81d5d,ko-0489,wrong,12738,korean,english,"{""selected_id"":""ko-0095"",""board_id"":""0323dc7d-c17f-4d1e-b19b-bd0f1e1aa80e"",""challenge_id"":""""}"
f516265e-8771-4d36-a3b7-0599eb4edad4,2026-05-25T13:44:48.013Z,matching,matching-20260525134105742-d81d5d,ko-0489,correct,2035,korean,english,"{""selected_id"":""ko-0489"",""board_id"":""0323dc7d-c17f-4d1e-b19b-bd0f1e1aa80e"",""challenge_id"":""""}"
b499b4bf-ee26-4b78-9466-50e0cf9c056e,2026-05-25T13:44:51.575Z,matching,matching-20260525134105742-d81d5d,ko-0095,correct,2741,korean,english,"{""selected_id"":""ko-0095"",""board_id"":""5e6a35c0-696f-4118-97bc-f0261c181238"",""challenge_id"":""""}"
c4be8bd8-59d5-452f-82b4-33ba05dea97e,2026-05-25T13:44:55.797Z,matching,matching-20260525134105742-d81d5d,ko-0294,correct,3473,korean,english,"{""selected_id"":""ko-0294"",""board_id"":""5e6a35c0-696f-4118-97bc-f0261c181238"",""challenge_id"":""""}"
74641e82-c581-46f1-9952-242f170b9a4f,2026-05-25T13:45:01.975Z,matching,matching-20260525134105742-d81d5d,ko-0051,wrong,2433,english,korean,"{""selected_id"":""ko-0117"",""board_id"":""5e6a35c0-696f-4118-97bc-f0261c181238"",""challenge_id"":""""}"
95713f30-f70a-42f0-bbd1-d2fb7391ffc5,2026-05-25T13:45:06.250Z,matching,matching-20260525134105742-d81d5d,ko-0051,correct,3157,english,korean,"{""selected_id"":""ko-0051"",""board_id"":""5e6a35c0-696f-4118-97bc-f0261c181238"",""challenge_id"":""""}"
99d808db-f6f7-4725-84ea-6ea5da2055be,2026-05-25T13:45:09.229Z,matching,matching-20260525134105742-d81d5d,ko-0339,correct,2235,english,korean,"{""selected_id"":""ko-0339"",""board_id"":""7d13c246-1843-4b78-8b24-92f7cca97b5d"",""challenge_id"":""""}"
cd34221a-7d65-4810-a2bf-6587d86c992e,2026-05-25T13:45:11.564Z,matching,matching-20260525134105742-d81d5d,ko-0117,correct,1803,english,korean,"{""selected_id"":""ko-0117"",""board_id"":""7d13c246-1843-4b78-8b24-92f7cca97b5d"",""challenge_id"":""""}"
b265d417-7f47-460e-8f60-2d47b8d6102c,2026-05-25T13:45:17.819Z,matching,matching-20260525134105742-d81d5d,ko-0169,correct,1,english,korean,"{""selected_id"":""ko-0169"",""board_id"":""7d13c246-1843-4b78-8b24-92f7cca97b5d"",""challenge_id"":""""}"
db2f322a-89c0-48fd-a992-d2cf2839c695,2026-05-25T13:45:19.782Z,matching,matching-20260525134105742-d81d5d,ko-0054,wrong,1309,english,korean,"{""selected_id"":""ko-0275"",""board_id"":""63bf3ba4-fed0-4263-8829-6a6c41968491"",""challenge_id"":""""}"
ba62a6a8-5d33-40b5-9ab5-75deda055c68,2026-05-25T13:45:23.219Z,matching,matching-20260525134105742-d81d5d,ko-0054,correct,2609,english,korean,"{""selected_id"":""ko-0054"",""board_id"":""63bf3ba4-fed0-4263-8829-6a6c41968491"",""challenge_id"":""""}"
255f136b-a28a-407d-a367-27dadb522454,2026-05-25T13:45:32.541Z,matching,matching-20260525134105742-d81d5d,ko-0213,correct,8908,english,korean,"{""selected_id"":""ko-0213"",""board_id"":""63bf3ba4-fed0-4263-8829-6a6c41968491"",""challenge_id"":""""}"
48c04590-04c2-414e-aeff-8e77635a5de8,2026-05-25T13:45:44.405Z,matching,matching-20260525134105742-d81d5d,ko-0450,correct,10362,korean,english,"{""selected_id"":""ko-0450"",""board_id"":""63bf3ba4-fed0-4263-8829-6a6c41968491"",""challenge_id"":""""}"
888df467-a8de-40a7-9048-1ba62340942c,2026-05-25T13:45:51.152Z,matching,matching-20260525134105742-d81d5d,ko-0208,correct,4625,sound,korean,"{""selected_id"":""ko-0208"",""board_id"":""c7b7b758-fa73-4480-87cd-e58aa56d988d"",""challenge_id"":""676c3c2b-b1fa-4f3c-a33f-7d44dab8c5ef""}"
6f43187d-25cc-4387-a512-7aa3b7988c6c,2026-05-25T13:45:57.548Z,matching,matching-20260525134105742-d81d5d,ko-0034,correct,5775,sound,korean,"{""selected_id"":""ko-0034"",""board_id"":""c7b7b758-fa73-4480-87cd-e58aa56d988d"",""challenge_id"":""676c3c2b-b1fa-4f3c-a33f-7d44dab8c5ef""}"
79aa5a1d-8cff-4b19-83ff-ae048d542de8,2026-05-25T13:46:00.616Z,matching,matching-20260525134105742-d81d5d,ko-0113,correct,2532,sound,korean,"{""selected_id"":""ko-0113"",""board_id"":""c7b7b758-fa73-4480-87cd-e58aa56d988d"",""challenge_id"":""676c3c2b-b1fa-4f3c-a33f-7d44dab8c5ef""}"
d1a8f8d9-5522-420e-b1a1-4fe0e0482e7c,2026-05-25T13:46:03.048Z,matching,matching-20260525134105742-d81d5d,ko-0380,correct,1770,sound,korean,"{""selected_id"":""ko-0380"",""board_id"":""be2c21a8-4d1e-4196-bc23-d6901f9cc6dd"",""challenge_id"":""676c3c2b-b1fa-4f3c-a33f-7d44dab8c5ef""}"
1d6bb3d6-67ef-4706-b567-49de8b94869a,2026-05-25T13:46:07.947Z,matching,matching-20260525134105742-d81d5d,ko-0275,wrong,1,sound,korean,"{""selected_id"":""ko-0354"",""board_id"":""be2c21a8-4d1e-4196-bc23-d6901f9cc6dd"",""challenge_id"":""676c3c2b-b1fa-4f3c-a33f-7d44dab8c5ef""}"
532670e6-ae1f-4d46-a7d3-9cdd291a37e2,2026-05-25T13:46:09.334Z,matching,matching-20260525134105742-d81d5d,ko-0275,correct,1,sound,korean,"{""selected_id"":""ko-0275"",""board_id"":""be2c21a8-4d1e-4196-bc23-d6901f9cc6dd"",""challenge_id"":""676c3c2b-b1fa-4f3c-a33f-7d44dab8c5ef""}"
84bef6c1-99df-4300-894b-43df4c42b3cb,2026-05-25T13:46:15.065Z,matching,matching-20260525134105742-d81d5d,ko-0354,correct,5021,sound,korean,"{""selected_id"":""ko-0354"",""board_id"":""be2c21a8-4d1e-4196-bc23-d6901f9cc6dd"",""challenge_id"":""676c3c2b-b1fa-4f3c-a33f-7d44dab8c5ef""}"
369eb3c3-34b0-497a-afa5-5f79a602ee1a,2026-05-25T13:46:17.913Z,matching,matching-20260525134105742-d81d5d,ko-0054,correct,2378,sound,korean,"{""selected_id"":""ko-0054"",""board_id"":""6a2915e0-8a7b-4b64-97d9-4f43fd2d4a9c"",""challenge_id"":""676c3c2b-b1fa-4f3c-a33f-7d44dab8c5ef""}"
58b93e02-5fc9-428d-bf99-056c291eb34a,2026-05-25T13:46:21.898Z,matching,matching-20260525134105742-d81d5d,ko-0077,correct,3368,sound,korean,"{""selected_id"":""ko-0077"",""board_id"":""6a2915e0-8a7b-4b64-97d9-4f43fd2d4a9c"",""challenge_id"":""676c3c2b-b1fa-4f3c-a33f-7d44dab8c5ef""}"
a7ba97fe-7f89-481d-acbf-86bf823b5234,2026-05-25T13:46:25.803Z,matching,matching-20260525134105742-d81d5d,ko-0159,correct,3227,sound,korean,"{""selected_id"":""ko-0159"",""board_id"":""6a2915e0-8a7b-4b64-97d9-4f43fd2d4a9c"",""challenge_id"":""676c3c2b-b1fa-4f3c-a33f-7d44dab8c5ef""}"
6dc69641-0e49-4ddf-b5d5-972d6dcf4575,2026-05-25T13:46:33.948Z,matching,matching-20260525134105742-d81d5d,ko-0422,correct,7685,sound,korean,"{""selected_id"":""ko-0422"",""board_id"":""0aab7589-669c-400c-9444-a1f79d27700f"",""challenge_id"":""676c3c2b-b1fa-4f3c-a33f-7d44dab8c5ef""}"
19761902-fd45-46b2-b5c2-b9f14c0155b7,2026-05-25T13:46:37.825Z,matching,matching-20260525134105742-d81d5d,ko-0476,correct,2728,korean,english,"{""selected_id"":""ko-0476"",""board_id"":""0aab7589-669c-400c-9444-a1f79d27700f"",""challenge_id"":""""}"
9dee5dd0-b6f1-4135-8579-e3b327d6e6ad,2026-05-25T13:46:43.330Z,matching,matching-20260525134105742-d81d5d,ko-0360,correct,4071,korean,english,"{""selected_id"":""ko-0360"",""board_id"":""0aab7589-669c-400c-9444-a1f79d27700f"",""challenge_id"":""""}"
a9ca1ece-c6fd-48c1-a21e-8eade522a111,2026-05-25T13:46:57.450Z,matching,matching-20260525134105742-d81d5d,ko-0405,wrong,0,korean,english,"{""selected_id"":""ko-0311"",""board_id"":""dcf7772b-1fd7-4897-9b8a-a5107c1f44ab"",""challenge_id"":""""}"
d9c056bc-c774-4085-ac61-b37d604218b3,2026-05-25T13:47:05.452Z,matching,matching-20260525134105742-d81d5d,ko-0405,wrong,1,korean,english,"{""selected_id"":""ko-0407"",""board_id"":""dcf7772b-1fd7-4897-9b8a-a5107c1f44ab"",""challenge_id"":""""}"
bdd46a8a-b40b-46c6-a856-159a4bbee52b,2026-05-25T13:47:08.931Z,matching,matching-20260525134105742-d81d5d,ko-0405,wrong,1,korean,english,"{""selected_id"":""ko-0365"",""board_id"":""dcf7772b-1fd7-4897-9b8a-a5107c1f44ab"",""challenge_id"":""""}"
c8565213-c54e-4162-b661-b83155114bbb,2026-05-25T13:47:25.484Z,matching,matching-20260525134105742-d81d5d,ko-0405,correct,1,korean,english,"{""selected_id"":""ko-0405"",""board_id"":""dcf7772b-1fd7-4897-9b8a-a5107c1f44ab"",""challenge_id"":""""}"
d0eb0497-905a-4a55-959b-72346f144a87,2026-05-25T13:47:28.582Z,matching,matching-20260525134105742-d81d5d,ko-0190,correct,1443,korean,english,"{""selected_id"":""ko-0190"",""board_id"":""dcf7772b-1fd7-4897-9b8a-a5107c1f44ab"",""challenge_id"":""""}"
398a92ae-8288-4ee4-aede-b0c4af950b18,2026-05-25T13:47:34.218Z,matching,matching-20260525134105742-d81d5d,ko-0243,correct,4537,sound,korean,"{""selected_id"":""ko-0243"",""board_id"":""dcf7772b-1fd7-4897-9b8a-a5107c1f44ab"",""challenge_id"":""4ab710fa-6e7b-4ec3-ab1b-118cd2bd018a""}"
c4ba54bf-532d-4599-a9c8-399e2344c0c4,2026-05-25T13:47:40.563Z,matching,matching-20260525134105742-d81d5d,ko-0365,correct,5656,sound,korean,"{""selected_id"":""ko-0365"",""board_id"":""6750f6c7-24bd-4b16-97d1-1dce2463fa99"",""challenge_id"":""4ab710fa-6e7b-4ec3-ab1b-118cd2bd018a""}"
2f2c13f7-eb6c-4149-bca7-6207d23ee93d,2026-05-25T13:47:46.637Z,matching,matching-20260525134105742-d81d5d,ko-0311,correct,4504,sound,korean,"{""selected_id"":""ko-0311"",""board_id"":""6750f6c7-24bd-4b16-97d1-1dce2463fa99"",""challenge_id"":""4ab710fa-6e7b-4ec3-ab1b-118cd2bd018a""}"
94be5c38-ee6e-4075-9cd2-02fa3736b59b,2026-05-25T13:47:52.248Z,matching,matching-20260525134105742-d81d5d,ko-0210,correct,4854,sound,korean,"{""selected_id"":""ko-0210"",""board_id"":""6750f6c7-24bd-4b16-97d1-1dce2463fa99"",""challenge_id"":""4ab710fa-6e7b-4ec3-ab1b-118cd2bd018a""}"
cfa55182-2d71-4f78-830d-2ab3edb59518,2026-05-25T13:47:55.696Z,matching,matching-20260525134105742-d81d5d,ko-0407,correct,2764,sound,korean,"{""selected_id"":""ko-0407"",""board_id"":""ae3a5a15-2333-4a44-9d67-928720981f64"",""challenge_id"":""4ab710fa-6e7b-4ec3-ab1b-118cd2bd018a""}"
fee4707e-f615-4c43-943d-39c6e76ac403,2026-05-25T13:47:59.784Z,matching,matching-20260525134105742-d81d5d,ko-0260,correct,3569,sound,korean,"{""selected_id"":""ko-0260"",""board_id"":""ae3a5a15-2333-4a44-9d67-928720981f64"",""challenge_id"":""4ab710fa-6e7b-4ec3-ab1b-118cd2bd018a""}"
9e7a3455-1861-4978-b78c-a68a9c8e6196,2026-05-25T13:48:04.044Z,matching,matching-20260525134105742-d81d5d,ko-0339,correct,1,sound,korean,"{""selected_id"":""ko-0339"",""board_id"":""ae3a5a15-2333-4a44-9d67-928720981f64"",""challenge_id"":""4ab710fa-6e7b-4ec3-ab1b-118cd2bd018a""}"
40d11688-c8e0-419e-bfa7-59c0f15c4c9c,2026-05-25T13:48:10.561Z,matching,matching-20260525134105742-d81d5d,ko-0249,correct,5978,sound,korean,"{""selected_id"":""ko-0249"",""board_id"":""2f31638d-6efd-44e3-9939-7bcec6b67ae8"",""challenge_id"":""4ab710fa-6e7b-4ec3-ab1b-118cd2bd018a""}"
85dd5a35-e0b8-440d-9d0b-aa8c494e0f19,2026-05-25T13:48:14.090Z,matching,matching-20260525134105742-d81d5d,ko-0012,correct,2976,sound,korean,"{""selected_id"":""ko-0012"",""board_id"":""2f31638d-6efd-44e3-9939-7bcec6b67ae8"",""challenge_id"":""4ab710fa-6e7b-4ec3-ab1b-118cd2bd018a""}"
1fede23a-0996-4ffa-b5b6-5de0d4bb9a41,2026-05-25T13:48:18.005Z,matching,matching-20260525134105742-d81d5d,ko-0011,correct,3121,korean,english,"{""selected_id"":""ko-0011"",""board_id"":""2f31638d-6efd-44e3-9939-7bcec6b67ae8"",""challenge_id"":""""}"
b79fe45f-fe71-4d09-9427-ad049061627b,2026-05-25T13:48:32.872Z,matching,matching-20260525134105742-d81d5d,ko-0441,correct,13533,korean,english,"{""selected_id"":""ko-0441"",""board_id"":""2e5900f3-c747-4487-b6ad-1153b371ab5a"",""challenge_id"":""""}"
0c9c6942-cbd8-47e7-872b-b803c5634dc9,2026-05-25T13:48:36.939Z,matching,matching-20260525134105742-d81d5d,ko-0218,correct,2158,korean,english,"{""selected_id"":""ko-0218"",""board_id"":""2e5900f3-c747-4487-b6ad-1153b371ab5a"",""challenge_id"":""""}"
91e60cb4-9a6b-454b-bc2a-af6752a0ead0,2026-05-25T13:48:39.214Z,matching,matching-20260525134105742-d81d5d,ko-0446,correct,1920,korean,english,"{""selected_id"":""ko-0446"",""board_id"":""2e5900f3-c747-4487-b6ad-1153b371ab5a"",""challenge_id"":""""}"
77b14abb-bd50-4829-a175-a6f51cbf8eb3,2026-05-25T13:48:43.880Z,matching,matching-20260525134105742-d81d5d,ko-0275,correct,4145,korean,english,"{""selected_id"":""ko-0275"",""board_id"":""55c6f9a9-4136-4e91-9dc4-4dccfd60ff04"",""challenge_id"":""""}"
f8242b61-cdc2-4ecd-9f1b-d50ebab4f44f,2026-05-25T13:48:47.266Z,matching,matching-20260525134105742-d81d5d,ko-0300,correct,1,korean,english,"{""selected_id"":""ko-0300"",""board_id"":""55c6f9a9-4136-4e91-9dc4-4dccfd60ff04"",""challenge_id"":""""}"
f5b263c3-d545-47e8-a88a-0345623ed2bd,2026-05-25T13:48:52.169Z,matching,matching-20260525134105742-d81d5d,ko-0371,correct,4314,korean,english,"{""selected_id"":""ko-0371"",""board_id"":""55c6f9a9-4136-4e91-9dc4-4dccfd60ff04"",""challenge_id"":""""}"
ad74edea-3498-4d5f-b056-bd0ff6e28660,2026-05-25T13:48:54.867Z,matching,matching-20260525134105742-d81d5d,ko-0215,correct,2133,korean,english,"{""selected_id"":""ko-0215"",""board_id"":""e07beb1f-5f2a-4378-8428-d6c393e058c6"",""challenge_id"":""""}"
719fc81e-658b-4b83-a960-c1caccd1a24c,2026-05-25T13:48:59.971Z,matching,matching-20260525134105742-d81d5d,ko-0147,correct,4532,korean,english,"{""selected_id"":""ko-0147"",""board_id"":""e07beb1f-5f2a-4378-8428-d6c393e058c6"",""challenge_id"":""""}"
b3912e4a-b55a-4b7d-9b0f-5b4733a56a9e,2026-05-25T13:49:04.115Z,matching,matching-20260525134105742-d81d5d,ko-0217,correct,2393,english,korean,"{""selected_id"":""ko-0217"",""board_id"":""e07beb1f-5f2a-4378-8428-d6c393e058c6"",""challenge_id"":""""}"
e1010f16-79c4-47a4-b83d-2cdd118a2110,2026-05-25T13:49:18.511Z,matching,matching-20260525134105742-d81d5d,ko-0337,correct,13390,english,korean,"{""selected_id"":""ko-0337"",""board_id"":""4679472c-c23d-4ae1-be63-6f36c37dd4d2"",""challenge_id"":""""}"
6042dd92-9d7a-437d-933e-3a2969c09481,2026-05-25T13:49:33.199Z,matching,matching-20260525134105742-d81d5d,ko-0206,wrong,13834,english,korean,"{""selected_id"":""ko-0127"",""board_id"":""4679472c-c23d-4ae1-be63-6f36c37dd4d2"",""challenge_id"":""""}"
2ac28996-d7d5-4cfb-bb38-93041db99942,2026-05-25T13:49:41.675Z,matching,matching-20260525134105742-d81d5d,ko-0206,correct,3766,english,korean,"{""selected_id"":""ko-0206"",""board_id"":""4679472c-c23d-4ae1-be63-6f36c37dd4d2"",""challenge_id"":""""}"
57da8bfb-6ba7-49e5-a2e3-83195d60ee37,2026-05-25T13:49:52.112Z,matching,matching-20260525134105742-d81d5d,ko-0127,wrong,9756,english,korean,"{""selected_id"":""ko-0283"",""board_id"":""4679472c-c23d-4ae1-be63-6f36c37dd4d2"",""challenge_id"":""""}"
a1f8adfd-3b79-4edb-99e2-df7ed9aede96,2026-05-25T13:50:02.793Z,matching,matching-20260525134105742-d81d5d,ko-0127,correct,3785,english,korean,"{""selected_id"":""ko-0127"",""board_id"":""4679472c-c23d-4ae1-be63-6f36c37dd4d2"",""challenge_id"":""""}"
72e454bc-b72b-4055-881d-29a4fcbce848,2026-05-25T13:50:08.778Z,matching,matching-20260525134105742-d81d5d,ko-0036,correct,1,english,korean,"{""selected_id"":""ko-0036"",""board_id"":""13a43bd7-7b9e-49b2-af40-a74966ed2c61"",""challenge_id"":""""}"
f75e4a60-3bb4-48c0-b969-ac0a41aeb389,2026-05-25T13:50:11.537Z,matching,matching-20260525134105742-d81d5d,ko-0349,correct,2049,english,korean,"{""selected_id"":""ko-0349"",""board_id"":""13a43bd7-7b9e-49b2-af40-a74966ed2c61"",""challenge_id"":""""}"
94732cc8-96ee-4174-b648-6f649970c7f1,2026-05-25T13:50:15.021Z,matching,matching-20260525134105742-d81d5d,ko-0037,correct,2676,korean,english,"{""selected_id"":""ko-0037"",""board_id"":""13a43bd7-7b9e-49b2-af40-a74966ed2c61"",""challenge_id"":""""}"
feb0ee2d-8d68-431a-b750-0786907353f8,2026-05-25T13:50:18.930Z,matching,matching-20260525134105742-d81d5d,ko-0109,correct,3483,korean,english,"{""selected_id"":""ko-0109"",""board_id"":""4da0a4bf-9122-458d-844b-cabfb2090de4"",""challenge_id"":""""}"
ac672343-2b2b-4071-830b-7ba770da172f,2026-05-25T13:50:22.865Z,matching,matching-20260525134105742-d81d5d,ko-0283,correct,2603,korean,english,"{""selected_id"":""ko-0283"",""board_id"":""4da0a4bf-9122-458d-844b-cabfb2090de4"",""challenge_id"":""""}"
ae148787-e5b3-48cb-b9aa-c748b724cf80,2026-05-25T13:50:26.851Z,matching,matching-20260525134105742-d81d5d,ko-0035,correct,2017,korean,english,"{""selected_id"":""ko-0035"",""board_id"":""4da0a4bf-9122-458d-844b-cabfb2090de4"",""challenge_id"":""""}"
a15bd5f8-046d-4f70-86e3-1aaf0999507a,2026-05-25T13:50:31.898Z,matching,matching-20260525134105742-d81d5d,ko-0151,correct,4433,korean,english,"{""selected_id"":""ko-0151"",""board_id"":""6cd31d85-1786-4686-9f8b-80b0e741ec7c"",""challenge_id"":""""}"
246e1f14-9d9e-49f6-9a3c-3d6e82d972f0,2026-05-25T13:50:35.128Z,matching,matching-20260525134105742-d81d5d,ko-0399,correct,2673,korean,english,"{""selected_id"":""ko-0399"",""board_id"":""6cd31d85-1786-4686-9f8b-80b0e741ec7c"",""challenge_id"":""""}"
1b664b15-cfe5-4d66-b9ab-66a9f266d2d3,2026-05-25T13:50:39.682Z,matching,matching-20260525134105742-d81d5d,ko-0467,correct,1,korean,english,"{""selected_id"":""ko-0467"",""board_id"":""6cd31d85-1786-4686-9f8b-80b0e741ec7c"",""challenge_id"":""""}"
918e56a1-5f24-4c3a-9a5d-dc597982e6b1,2026-05-25T13:50:43.549Z,matching,matching-20260525134105742-d81d5d,ko-0079,correct,3064,korean,english,"{""selected_id"":""ko-0079"",""board_id"":""184cf61f-11d9-42a6-a042-7f287f3e1b9f"",""challenge_id"":""""}"
c8645908-1075-4575-97ac-3ac6d8ea5402,2026-05-25T13:50:47.677Z,matching,matching-20260525134105742-d81d5d,ko-0284,correct,3569,korean,english,"{""selected_id"":""ko-0284"",""board_id"":""184cf61f-11d9-42a6-a042-7f287f3e1b9f"",""challenge_id"":""""}"
b79571f5-ad5d-4cea-aeba-eae74303f328,2026-05-25T13:50:53.005Z,matching,matching-20260525134105742-d81d5d,ko-0254,correct,4693,korean,english,"{""selected_id"":""ko-0254"",""board_id"":""184cf61f-11d9-42a6-a042-7f287f3e1b9f"",""challenge_id"":""""}"
33eb1168-42b3-4e8d-b768-44413cf45e88,2026-05-25T13:52:30.045Z,matching,matching-20260525134105742-d81d5d,ko-0193,correct,96778,translation,typed_korean,"{""selected_id"":""카페"",""board_id"":""9f8628a5-aef7-48d6-9d29-5fda94259665"",""challenge_id"":""55e57a13-6ca2-46c5-b595-c9c334719207""}"
6fcda056-3b00-4041-84a0-5c9c92a1040a,2026-05-25T13:53:12.016Z,matching,matching-20260525134105742-d81d5d,ko-0312,wrong,41628,sound,typed_korean,"{""selected_id"":""우정하다"",""board_id"":""9f8628a5-aef7-48d6-9d29-5fda94259665"",""challenge_id"":""""}"
5557e718-f32c-45de-bd0e-f75e548dadc1,2026-05-25T13:53:37.128Z,matching,matching-20260525134105742-d81d5d,ko-0102,wrong,24233,sound,typed_korean,"{""selected_id"":""들"",""board_id"":""9f8628a5-aef7-48d6-9d29-5fda94259665"",""challenge_id"":""""}"
3447f20f-fbb3-4d15-98ae-a30410a51cf4,2026-05-25T13:54:09.483Z,matching,matching-20260525134105742-d81d5d,ko-0332,correct,31487,sound,typed_korean,"{""selected_id"":""따뜻하다"",""board_id"":""9f8628a5-aef7-48d6-9d29-5fda94259665"",""challenge_id"":""""}"
11db24ce-aba4-4ed9-9ec4-7ef7ec76383d,2026-05-25T13:54:32.347Z,matching,matching-20260525134105742-d81d5d,ko-0004,correct,22527,sound,typed_korean,"{""selected_id"":""당신"",""board_id"":""9f8628a5-aef7-48d6-9d29-5fda94259665"",""challenge_id"":""""}"
ae102ae5-a44f-44de-aa94-2c2993e07394,2026-05-25T14:13:51.494Z,matching,matching-20260525141337079-f9847d,ko-0140,correct,5051,korean,english,"{""selected_id"":""ko-0140"",""board_id"":""b8e2b11f-347a-4a80-a7d8-5c36f929852e"",""challenge_id"":""""}"
59fcb56b-4b2e-42ab-a6e1-407df967f296,2026-05-25T14:13:55.112Z,matching,matching-20260525141337079-f9847d,ko-0173,correct,2942,korean,english,"{""selected_id"":""ko-0173"",""board_id"":""b8e2b11f-347a-4a80-a7d8-5c36f929852e"",""challenge_id"":""""}"
b23dcc37-35cb-4374-a769-f0ff4bc05636,2026-05-25T14:14:02.560Z,matching,matching-20260525141337079-f9847d,ko-0210,correct,6926,korean,english,"{""selected_id"":""ko-0210"",""board_id"":""b8e2b11f-347a-4a80-a7d8-5c36f929852e"",""challenge_id"":""""}"
e4fe71fd-d72d-4337-9aca-6f22f86e554a,2026-05-25T14:14:10.962Z,matching,matching-20260525141337079-f9847d,ko-0420,correct,7315,korean,english,"{""selected_id"":""ko-0420"",""board_id"":""af939fbd-d6e3-4f7f-9a33-828b62ab228b"",""challenge_id"":""""}"
6358b7fe-949f-41df-b478-b1a239ac5999,2026-05-25T14:14:15.560Z,matching,matching-20260525141337079-f9847d,ko-0166,correct,3447,korean,english,"{""selected_id"":""ko-0166"",""board_id"":""af939fbd-d6e3-4f7f-9a33-828b62ab228b"",""challenge_id"":""""}"
5dd1a318-a35f-4388-8949-d0b40a4f5fe7,2026-05-25T14:14:21.662Z,matching,matching-20260525141337079-f9847d,ko-0409,correct,4895,korean,english,"{""selected_id"":""ko-0409"",""board_id"":""af939fbd-d6e3-4f7f-9a33-828b62ab228b"",""challenge_id"":""""}"
1aff80ec-3034-433f-882b-81e9266066df,2026-05-25T14:14:27.566Z,matching,matching-20260525141337079-f9847d,ko-0243,wrong,5173,korean,english,"{""selected_id"":""ko-0068"",""board_id"":""58f7412e-a943-4ef6-bfbf-b283b56c335f"",""challenge_id"":""""}"
b787b2a7-7bda-4eb3-925b-2410b35565f0,2026-05-25T14:14:36.129Z,matching,matching-20260525141337079-f9847d,ko-0068,correct,1238,korean,english,"{""selected_id"":""ko-0068"",""board_id"":""58f7412e-a943-4ef6-bfbf-b283b56c335f"",""challenge_id"":""""}"
bf6b57b8-4a50-4f33-92c4-a08071a6fd83,2026-05-25T14:14:39.108Z,matching,matching-20260525141337079-f9847d,ko-0222,correct,2436,korean,english,"{""selected_id"":""ko-0222"",""board_id"":""58f7412e-a943-4ef6-bfbf-b283b56c335f"",""challenge_id"":""""}"
dd4c0ec1-b6f1-45d1-8684-cda62f1da55b,2026-05-25T14:14:42.700Z,matching,matching-20260525141337079-f9847d,ko-0406,correct,3039,sound,korean,"{""selected_id"":""ko-0406"",""board_id"":""1d9c2f86-3867-4f6d-a08d-fd4848755598"",""challenge_id"":""e3232e5a-2069-4190-9a13-9043411b043f""}"
6451dc05-5def-4097-8d9c-628daa9d9435,2026-05-25T14:14:47.142Z,matching,matching-20260525141337079-f9847d,ko-0396,correct,3888,sound,korean,"{""selected_id"":""ko-0396"",""board_id"":""1d9c2f86-3867-4f6d-a08d-fd4848755598"",""challenge_id"":""e3232e5a-2069-4190-9a13-9043411b043f""}"
7325eb00-46dc-43fd-aec9-c2b330097008,2026-05-25T14:14:50.721Z,matching,matching-20260525141337079-f9847d,ko-0049,correct,2887,sound,korean,"{""selected_id"":""ko-0049"",""board_id"":""1d9c2f86-3867-4f6d-a08d-fd4848755598"",""challenge_id"":""e3232e5a-2069-4190-9a13-9043411b043f""}"
77daac85-4f5a-4c9e-8c2a-7fce202d4231,2026-05-25T14:14:53.989Z,matching,matching-20260525141337079-f9847d,ko-0314,correct,2363,sound,korean,"{""selected_id"":""ko-0314"",""board_id"":""4dbf78f1-ca7c-44f3-9385-7a42db5c973c"",""challenge_id"":""e3232e5a-2069-4190-9a13-9043411b043f""}"
dcb8d393-96ff-4ffb-9309-656c48857ad2,2026-05-25T14:14:57.395Z,matching,matching-20260525141337079-f9847d,ko-0242,correct,2847,sound,korean,"{""selected_id"":""ko-0242"",""board_id"":""4dbf78f1-ca7c-44f3-9385-7a42db5c973c"",""challenge_id"":""e3232e5a-2069-4190-9a13-9043411b043f""}"
4a6e92da-dd6d-4a5e-96e8-593af4aa34dd,2026-05-25T14:15:00.046Z,matching,matching-20260525141337079-f9847d,ko-0226,correct,2244,sound,korean,"{""selected_id"":""ko-0226"",""board_id"":""4dbf78f1-ca7c-44f3-9385-7a42db5c973c"",""challenge_id"":""e3232e5a-2069-4190-9a13-9043411b043f""}"
40d732ea-c8c2-4082-ab0b-78f78b08b580,2026-05-25T14:15:02.846Z,matching,matching-20260525141337079-f9847d,ko-0322,correct,2032,sound,korean,"{""selected_id"":""ko-0322"",""board_id"":""631bc992-c77b-4e21-bf90-5df537a919db"",""challenge_id"":""e3232e5a-2069-4190-9a13-9043411b043f""}"
7fd41287-3a9a-4096-8419-74555449d517,2026-05-25T14:15:06.227Z,matching,matching-20260525141337079-f9847d,ko-0027,correct,2739,sound,korean,"{""selected_id"":""ko-0027"",""board_id"":""631bc992-c77b-4e21-bf90-5df537a919db"",""challenge_id"":""e3232e5a-2069-4190-9a13-9043411b043f""}"
b2352454-a805-4b02-b97e-097ec71c6846,2026-05-25T14:15:10.411Z,matching,matching-20260525141337079-f9847d,ko-0323,correct,3621,sound,korean,"{""selected_id"":""ko-0323"",""board_id"":""631bc992-c77b-4e21-bf90-5df537a919db"",""challenge_id"":""e3232e5a-2069-4190-9a13-9043411b043f""}"
20fa461e-c24e-43f8-8d1a-73e202a5d803,2026-05-25T14:15:15.004Z,matching,matching-20260525141337079-f9847d,ko-0074,correct,4078,sound,korean,"{""selected_id"":""ko-0074"",""board_id"":""0a89c4f9-ecba-4b47-95a9-0098bad427e2"",""challenge_id"":""e3232e5a-2069-4190-9a13-9043411b043f""}"
b1a731a5-6a8f-4a4f-8901-fdaf834ca19b,2026-05-25T14:15:21.258Z,matching,matching-20260525141337079-f9847d,ko-0235,correct,5569,sound,korean,"{""selected_id"":""ko-0235"",""board_id"":""0a89c4f9-ecba-4b47-95a9-0098bad427e2"",""challenge_id"":""e3232e5a-2069-4190-9a13-9043411b043f""}"
70c215c5-1527-4ddb-aaab-90d16d22969a,2026-05-25T14:15:27.211Z,matching,matching-20260525141337079-f9847d,ko-0490,correct,5238,korean,english,"{""selected_id"":""ko-0490"",""board_id"":""0a89c4f9-ecba-4b47-95a9-0098bad427e2"",""challenge_id"":""""}"
0390d874-5032-45a1-a8ec-3f96ea94811f,2026-05-25T14:15:31.056Z,matching,matching-20260525141337079-f9847d,ko-0403,correct,2934,korean,english,"{""selected_id"":""ko-0403"",""board_id"":""4d48f2a3-80ef-4e62-852d-b09c8de6e77a"",""challenge_id"":""""}"
9cc2ceb2-0bc2-4c59-af13-e19e0d675391,2026-05-25T14:15:38.457Z,matching,matching-20260525141337079-f9847d,ko-0256,wrong,6887,korean,english,"{""selected_id"":""ko-0381"",""board_id"":""4d48f2a3-80ef-4e62-852d-b09c8de6e77a"",""challenge_id"":""""}"
e71599ae-7973-4e9f-958f-2cbaeaa1050c,2026-05-25T14:15:47.189Z,matching,matching-20260525141337079-f9847d,ko-0118,correct,4915,korean,english,"{""selected_id"":""ko-0118"",""board_id"":""4d48f2a3-80ef-4e62-852d-b09c8de6e77a"",""challenge_id"":""""}"
e3e676fc-be98-47a9-8c0f-0ed38da1cffe,2026-05-25T14:15:58.245Z,matching,matching-20260525141337079-f9847d,ko-0229,correct,10465,korean,english,"{""selected_id"":""ko-0229"",""board_id"":""c3c79907-5f83-4fae-888a-60e7c5d464e6"",""challenge_id"":""""}"
e5e33b54-f01f-4033-946f-c29c1fb34ea7,2026-05-25T14:16:00.653Z,matching,matching-20260525141337079-f9847d,ko-0042,correct,1748,korean,english,"{""selected_id"":""ko-0042"",""board_id"":""c3c79907-5f83-4fae-888a-60e7c5d464e6"",""challenge_id"":""""}"
841c65e8-e9ad-49d4-9d91-b5e6f41558e2,2026-05-25T14:16:02.932Z,matching,matching-20260525141337079-f9847d,ko-0108,correct,1794,korean,english,"{""selected_id"":""ko-0108"",""board_id"":""c3c79907-5f83-4fae-888a-60e7c5d464e6"",""challenge_id"":""""}"
10e3b100-5ae1-4b30-bc43-da466763ff80,2026-05-25T14:16:19.972Z,matching,matching-20260525141337079-f9847d,ko-0026,wrong,16780,translation,typed_korean,"{""selected_id"":""여자"",""board_id"":""3037028d-0e40-419c-b13e-31d72aac9046"",""challenge_id"":""a84e63cc-a03d-4b3d-ae8b-5bd2cabc30f2""}"
c85523ea-0d90-4d56-80be-fe590fd51aca,2026-05-25T14:17:06.473Z,matching,matching-20260525141337079-f9847d,ko-0183,wrong,37220,translation,typed_korean,"{""selected_id"":""맛업다"",""board_id"":""3037028d-0e40-419c-b13e-31d72aac9046"",""challenge_id"":""a84e63cc-a03d-4b3d-ae8b-5bd2cabc30f2""}"
e8d9a58c-9ed3-4017-aae4-c1f750685eb8,2026-05-25T14:17:28.415Z,matching,matching-20260525141337079-f9847d,ko-0384,wrong,4238,translation,typed_korean,"{""selected_id"":"""",""board_id"":""3037028d-0e40-419c-b13e-31d72aac9046"",""challenge_id"":""a84e63cc-a03d-4b3d-ae8b-5bd2cabc30f2""}"
9a2e257b-fa5e-4050-9b3a-cb9d74a15e3e,2026-05-25T14:25:08.276Z,matching,matching-20260525142305535-2296d4,ko-0475,correct,2615,korean,english,"{""selected_id"":""ko-0475"",""board_id"":""ed8244ca-a3ec-4b9e-9140-be007f1b49e9"",""challenge_id"":""""}"
c9ebb710-0e49-4a8b-b680-2d77064498ce,2026-05-25T14:25:10.787Z,matching,matching-20260525142305535-2296d4,ko-0436,correct,1942,korean,english,"{""selected_id"":""ko-0436"",""board_id"":""ed8244ca-a3ec-4b9e-9140-be007f1b49e9"",""challenge_id"":""""}"
c2560d29-aed2-4404-aa52-78397acbd891,2026-05-25T14:25:13.537Z,matching,matching-20260525142305535-2296d4,ko-0268,correct,2262,korean,english,"{""selected_id"":""ko-0268"",""board_id"":""ed8244ca-a3ec-4b9e-9140-be007f1b49e9"",""challenge_id"":""""}"
2cb4667f-ecc1-48f7-b072-a4f69a66dabb,2026-05-25T14:25:16.310Z,matching,matching-20260525142305535-2296d4,ko-0222,correct,2154,korean,english,"{""selected_id"":""ko-0222"",""board_id"":""7e3480a9-824d-418b-9107-5484b5cdf0b3"",""challenge_id"":""""}"
3f3e9ec0-6c39-467f-b793-cf830fbeebe9,2026-05-25T14:25:18.420Z,matching,matching-20260525142305535-2296d4,ko-0159,correct,1804,korean,english,"{""selected_id"":""ko-0159"",""board_id"":""7e3480a9-824d-418b-9107-5484b5cdf0b3"",""challenge_id"":""""}"
1691c207-e02a-440c-a381-1271a3bf5331,2026-05-25T14:25:22.381Z,matching,matching-20260525142305535-2296d4,ko-0241,correct,3635,korean,english,"{""selected_id"":""ko-0241"",""board_id"":""7e3480a9-824d-418b-9107-5484b5cdf0b3"",""challenge_id"":""""}"
d17a2689-665a-40a0-b357-8e2662ccb737,2026-05-25T14:25:26.987Z,matching,matching-20260525142305535-2296d4,ko-0202,correct,3354,korean,english,"{""selected_id"":""ko-0202"",""board_id"":""13d8c692-13c1-45ed-86a5-bb3b267c3b78"",""challenge_id"":""""}"
77cf936d-cd8f-432d-aaab-d6bd3d692bbd,2026-05-25T14:25:31.855Z,matching,matching-20260525142305535-2296d4,ko-0299,correct,4244,korean,english,"{""selected_id"":""ko-0299"",""board_id"":""13d8c692-13c1-45ed-86a5-bb3b267c3b78"",""challenge_id"":""""}"
79904ade-d6c6-4539-8dbe-75e684eeca92,2026-05-25T14:25:34.072Z,matching,matching-20260525142305535-2296d4,ko-0006,correct,1715,korean,english,"{""selected_id"":""ko-0006"",""board_id"":""13d8c692-13c1-45ed-86a5-bb3b267c3b78"",""challenge_id"":""""}"
5e62c998-7c76-4346-bb64-b634176aa9c8,2026-05-25T14:25:37.472Z,matching,matching-20260525142305535-2296d4,ko-0048,correct,2263,korean,english,"{""selected_id"":""ko-0048"",""board_id"":""c0278827-9132-47bd-ac36-7595b9716ed6"",""challenge_id"":""""}"
4943c98a-7c74-4831-a27f-0fe6b553fcaf,2026-05-25T14:25:39.939Z,matching,matching-20260525142305535-2296d4,ko-0253,correct,2153,korean,english,"{""selected_id"":""ko-0253"",""board_id"":""c0278827-9132-47bd-ac36-7595b9716ed6"",""challenge_id"":""""}"
7751948b-9568-4b37-bf34-ffa796dcba05,2026-05-25T14:25:45.161Z,matching,matching-20260525142305535-2296d4,ko-0483,wrong,4921,korean,english,"{""selected_id"":""ko-0457"",""board_id"":""c0278827-9132-47bd-ac36-7595b9716ed6"",""challenge_id"":""""}"
afd3829d-b196-4e78-810d-7bbf8a05472a,2026-05-25T14:26:00.311Z,matching,matching-20260525142305535-2296d4,ko-0457,correct,9002,korean,english,"{""selected_id"":""ko-0457"",""board_id"":""90bea90c-1688-4283-af95-73c4e21c1406"",""challenge_id"":""""}"
c6dd2e32-822c-46a3-a11b-523d33a137bf,2026-05-25T14:26:07.839Z,matching,matching-20260525142305535-2296d4,ko-0485,wrong,6508,korean,english,"{""selected_id"":""ko-0308"",""board_id"":""90bea90c-1688-4283-af95-73c4e21c1406"",""challenge_id"":""""}"
3d8ad601-a7d3-4097-8db5-ee6935db4b97,2026-05-25T14:26:17.064Z,matching,matching-20260525142305535-2296d4,ko-0308,correct,2900,korean,english,"{""selected_id"":""ko-0308"",""board_id"":""90bea90c-1688-4283-af95-73c4e21c1406"",""challenge_id"":""""}"
3a562a2e-f091-4779-9414-92c666393636,2026-05-25T14:26:19.677Z,matching,matching-20260525142305535-2296d4,ko-0280,correct,2019,korean,english,"{""selected_id"":""ko-0280"",""board_id"":""52d8f360-6f1e-410b-a9fe-67b2dc167d8f"",""challenge_id"":""""}"
f0f7d636-8820-4d9a-ab0e-24a4d67a8018,2026-05-25T14:26:23.816Z,matching,matching-20260525142305535-2296d4,ko-0214,correct,3536,korean,english,"{""selected_id"":""ko-0214"",""board_id"":""52d8f360-6f1e-410b-a9fe-67b2dc167d8f"",""challenge_id"":""""}"
01eefe20-b954-4068-a382-a0a0ad78dfc1,2026-05-25T14:26:28.038Z,matching,matching-20260525142305535-2296d4,ko-0283,correct,2854,korean,english,"{""selected_id"":""ko-0283"",""board_id"":""52d8f360-6f1e-410b-a9fe-67b2dc167d8f"",""challenge_id"":""""}"
e03c99bc-d1fe-49e8-b5e4-cbcd029e2a1d,2026-05-25T14:26:41.206Z,matching,matching-20260525142305535-2296d4,ko-0428,correct,12702,english,korean,"{""selected_id"":""ko-0428"",""board_id"":""0ada2e31-6373-4e26-8412-184c3fb506bd"",""challenge_id"":""""}"
84f974a0-2ea6-4666-93bb-839608033fae,2026-05-25T14:26:44.220Z,matching,matching-20260525142305535-2296d4,ko-0120,correct,2070,english,korean,"{""selected_id"":""ko-0120"",""board_id"":""0ada2e31-6373-4e26-8412-184c3fb506bd"",""challenge_id"":""""}"
5ddbbd39-7c50-40de-9d70-d9a41e6b870f,2026-05-25T14:26:47.452Z,matching,matching-20260525142305535-2296d4,ko-0231,correct,2207,english,korean,"{""selected_id"":""ko-0231"",""board_id"":""0ada2e31-6373-4e26-8412-184c3fb506bd"",""challenge_id"":""""}"
e4604866-9645-46a1-a4f1-3e86d66a8524,2026-05-25T14:26:55.238Z,matching,matching-20260525142305535-2296d4,ko-0459,correct,7295,english,korean,"{""selected_id"":""ko-0459"",""board_id"":""3e3528df-debd-4f01-928f-5f3fc96f2dbe"",""challenge_id"":""""}"
ba9c8d15-90e7-40b7-b3d2-af34e867ab42,2026-05-25T14:27:05.497Z,matching,matching-20260525142305535-2296d4,ko-0022,correct,9674,english,korean,"{""selected_id"":""ko-0022"",""board_id"":""3e3528df-debd-4f01-928f-5f3fc96f2dbe"",""challenge_id"":""""}"
fab61963-02c8-4135-be03-1b995bafa7bc,2026-05-25T14:27:08.882Z,matching,matching-20260525142305535-2296d4,ko-0158,correct,2577,english,korean,"{""selected_id"":""ko-0158"",""board_id"":""3e3528df-debd-4f01-928f-5f3fc96f2dbe"",""challenge_id"":""""}"
aab692bf-990c-4b81-8ea3-6352cd5ed1f8,2026-05-25T14:27:15.377Z,matching,matching-20260525142305535-2296d4,ko-0166,correct,5756,english,korean,"{""selected_id"":""ko-0166"",""board_id"":""02814489-d05f-40a9-9e1e-48773754ed2e"",""challenge_id"":""""}"
0b9a30d2-1123-41ea-903e-1339df91a796,2026-05-25T14:27:18.287Z,matching,matching-20260525142305535-2296d4,ko-0014,correct,2217,english,korean,"{""selected_id"":""ko-0014"",""board_id"":""02814489-d05f-40a9-9e1e-48773754ed2e"",""challenge_id"":""""}"
2cd49d64-afd3-4cab-b974-a35bf040e132,2026-05-25T14:27:21.386Z,matching,matching-20260525142305535-2296d4,ko-0003,correct,1648,korean,english,"{""selected_id"":""ko-0003"",""board_id"":""02814489-d05f-40a9-9e1e-48773754ed2e"",""challenge_id"":""""}"
33aa0759-7e0c-45dc-847d-40765c0d7595,2026-05-25T14:27:33.808Z,matching,matching-20260525142305535-2296d4,ko-0327,wrong,9207,korean,english,"{""selected_id"":""ko-0072"",""board_id"":""16115151-6450-48bd-8244-b364729f0271"",""challenge_id"":""""}"
4571e4de-6253-406e-b60f-49ddb31de9f9,2026-05-25T14:27:41.464Z,matching,matching-20260525142305535-2296d4,ko-0072,correct,2293,korean,english,"{""selected_id"":""ko-0072"",""board_id"":""16115151-6450-48bd-8244-b364729f0271"",""challenge_id"":""""}"
e7aafa44-029c-43b5-ae9a-f2e975344ce8,2026-05-25T14:27:43.963Z,matching,matching-20260525142305535-2296d4,ko-0163,correct,1981,korean,english,"{""selected_id"":""ko-0163"",""board_id"":""16115151-6450-48bd-8244-b364729f0271"",""challenge_id"":""""}"
44cdb3fd-1837-4de9-bf69-02c0071f083d,2026-05-25T14:27:47.251Z,matching,matching-20260525142305535-2296d4,ko-0496,correct,2756,korean,english,"{""selected_id"":""ko-0496"",""board_id"":""685eb8d6-794d-44b5-9f5e-1d61aa7a4b8a"",""challenge_id"":""""}"
9f93fba5-b5b3-4c3b-9bef-cb19890c551e,2026-05-25T14:27:52.539Z,matching,matching-20260525142305535-2296d4,ko-0431,correct,4805,korean,english,"{""selected_id"":""ko-0431"",""board_id"":""685eb8d6-794d-44b5-9f5e-1d61aa7a4b8a"",""challenge_id"":""""}"
420b1369-0e20-419c-8d1c-6979ac833ff6,2026-05-25T14:28:01.969Z,matching,matching-20260525142305535-2296d4,ko-0126,wrong,8934,korean,english,"{""selected_id"":""ko-0363"",""board_id"":""685eb8d6-794d-44b5-9f5e-1d61aa7a4b8a"",""challenge_id"":""""}"
191624d2-92ce-40c3-b2fc-9fd0fd0eeaae,2026-05-25T14:28:09.029Z,matching,matching-20260525142305535-2296d4,ko-0171,wrong,3619,korean,english,"{""selected_id"":""ko-0363"",""board_id"":""3d634372-e7dd-46b3-b7fd-d6a271dfa2a4"",""challenge_id"":""""}"
71a1c1d2-5099-4e62-a842-ea1c4ef8759d,2026-05-25T14:28:14.528Z,matching,matching-20260525142305535-2296d4,ko-0237,correct,3029,korean,english,"{""selected_id"":""ko-0237"",""board_id"":""3d634372-e7dd-46b3-b7fd-d6a271dfa2a4"",""challenge_id"":""""}"
3add67f0-7b08-4293-9ca4-fb8eefa635b3,2026-05-25T14:28:22.658Z,matching,matching-20260525142305535-2296d4,ko-0471,correct,2352,korean,english,"{""selected_id"":""ko-0471"",""board_id"":""3d634372-e7dd-46b3-b7fd-d6a271dfa2a4"",""challenge_id"":""""}"
c320a890-7f93-46ef-bec2-b6d21ee67bc8,2026-05-25T14:28:27.549Z,matching,matching-20260525142305535-2296d4,ko-0389,correct,2860,sound,korean,"{""selected_id"":""ko-0389"",""board_id"":""fe96429b-279a-4b49-9570-34e5c913111e"",""challenge_id"":""4036dc9e-1f53-4772-851e-777a03a7132d""}"
befb2271-27fa-4529-ab1a-9f36be94e7f9,2026-05-25T14:28:29.880Z,matching,matching-20260525142305535-2296d4,ko-0314,correct,1993,sound,korean,"{""selected_id"":""ko-0314"",""board_id"":""fe96429b-279a-4b49-9570-34e5c913111e"",""challenge_id"":""4036dc9e-1f53-4772-851e-777a03a7132d""}"
da581144-eed4-4111-96ef-c15f623e93ea,2026-05-25T14:28:36.843Z,matching,matching-20260525142305535-2296d4,ko-0377,correct,6629,sound,korean,"{""selected_id"":""ko-0377"",""board_id"":""fe96429b-279a-4b49-9570-34e5c913111e"",""challenge_id"":""4036dc9e-1f53-4772-851e-777a03a7132d""}"
e63d5fca-61bd-464b-8e2f-2eec6cde06b7,2026-05-25T14:28:42.493Z,matching,matching-20260525142305535-2296d4,ko-0027,correct,3196,sound,korean,"{""selected_id"":""ko-0027"",""board_id"":""44a9fe55-798b-408d-aca0-1034d29adc49"",""challenge_id"":""4036dc9e-1f53-4772-851e-777a03a7132d""}"
592c9f82-fd90-42ba-b584-2e525ed49250,2026-05-25T14:28:44.585Z,matching,matching-20260525142305535-2296d4,ko-0329,correct,1598,sound,korean,"{""selected_id"":""ko-0329"",""board_id"":""44a9fe55-798b-408d-aca0-1034d29adc49"",""challenge_id"":""4036dc9e-1f53-4772-851e-777a03a7132d""}"
e54d0bb0-0eb7-40a9-b5ce-a6ebc3d44a66,2026-05-25T14:28:48.859Z,matching,matching-20260525142305535-2296d4,ko-0493,correct,3875,sound,korean,"{""selected_id"":""ko-0493"",""board_id"":""44a9fe55-798b-408d-aca0-1034d29adc49"",""challenge_id"":""4036dc9e-1f53-4772-851e-777a03a7132d""}"
4d4c4b8f-cc1a-4f86-980e-4a98dcfa4a5f,2026-05-25T14:28:51.919Z,matching,matching-20260525142305535-2296d4,ko-0149,correct,2406,sound,korean,"{""selected_id"":""ko-0149"",""board_id"":""d53d7fcc-5537-41aa-bca3-af8b9366e976"",""challenge_id"":""4036dc9e-1f53-4772-851e-777a03a7132d""}"
d0031bae-b377-4f9b-a4f1-1ca730390b47,2026-05-25T14:28:54.535Z,matching,matching-20260525142305535-2296d4,ko-0363,wrong,2280,sound,korean,"{""selected_id"":""ko-0273"",""board_id"":""d53d7fcc-5537-41aa-bca3-af8b9366e976"",""challenge_id"":""4036dc9e-1f53-4772-851e-777a03a7132d""}"
01cd58b5-3feb-4001-be2a-def0ea860e37,2026-05-25T14:29:04.879Z,matching,matching-20260525142305535-2296d4,ko-0488,correct,8824,sound,korean,"{""selected_id"":""ko-0488"",""board_id"":""d53d7fcc-5537-41aa-bca3-af8b9366e976"",""challenge_id"":""4036dc9e-1f53-4772-851e-777a03a7132d""}"
3e96a006-5f06-4fce-9d1d-24800798b733,2026-05-25T14:29:06.704Z,matching,matching-20260525142305535-2296d4,ko-0188,correct,1257,sound,korean,"{""selected_id"":""ko-0188"",""board_id"":""3b5c71b2-021e-45af-9153-59ef1c0f2ce9"",""challenge_id"":""4036dc9e-1f53-4772-851e-777a03a7132d""}"
68b315f7-6d29-4206-91d2-3d067903d41d,2026-05-25T14:29:09.280Z,matching,matching-20260525142305535-2296d4,ko-0273,correct,2283,sound,korean,"{""selected_id"":""ko-0273"",""board_id"":""3b5c71b2-021e-45af-9153-59ef1c0f2ce9"",""challenge_id"":""4036dc9e-1f53-4772-851e-777a03a7132d""}"
658da13d-f9a9-44f4-bdc2-9a4fc5adb524,2026-05-25T14:29:14.244Z,matching,matching-20260525142305535-2296d4,ko-0475,correct,2656,korean,english,"{""selected_id"":""ko-0475"",""board_id"":""3b5c71b2-021e-45af-9153-59ef1c0f2ce9"",""challenge_id"":""""}"
b97e3f48-306b-4bcd-aae8-9e5b4be9bd8f,2026-05-25T14:29:18.276Z,matching,matching-20260525142305535-2296d4,ko-0160,correct,2767,korean,english,"{""selected_id"":""ko-0160"",""board_id"":""9c76d21e-6e8c-42d4-843f-2dec3cf2a4b5"",""challenge_id"":""""}"
4736794b-b54a-4033-9d62-0fec0c97f180,2026-05-25T14:29:20.583Z,matching,matching-20260525142305535-2296d4,ko-0147,correct,1564,korean,english,"{""selected_id"":""ko-0147"",""board_id"":""9c76d21e-6e8c-42d4-843f-2dec3cf2a4b5"",""challenge_id"":""""}"
9260678c-c552-4149-b7e3-c06e25feaa06,2026-05-25T14:29:23.774Z,matching,matching-20260525142305535-2296d4,ko-0367,correct,2716,korean,english,"{""selected_id"":""ko-0367"",""board_id"":""9c76d21e-6e8c-42d4-843f-2dec3cf2a4b5"",""challenge_id"":""""}"
426482d4-27f8-4ae9-a728-000e76ca6e39,2026-05-25T14:29:25.857Z,matching,matching-20260525142305535-2296d4,ko-0344,correct,1733,korean,english,"{""selected_id"":""ko-0344"",""board_id"":""487ec952-20bf-4888-87f9-d32e99d125ba"",""challenge_id"":""""}"
e5462874-2392-4fee-81a2-3a6075ce2ee1,2026-05-25T14:29:30.710Z,matching,matching-20260525142305535-2296d4,ko-0168,correct,3951,korean,english,"{""selected_id"":""ko-0168"",""board_id"":""487ec952-20bf-4888-87f9-d32e99d125ba"",""challenge_id"":""""}"
f223cc42-fad9-4366-9a9f-d1162aaf5631,2026-05-25T14:29:32.362Z,matching,matching-20260525142305535-2296d4,ko-0194,correct,1125,korean,english,"{""selected_id"":""ko-0194"",""board_id"":""487ec952-20bf-4888-87f9-d32e99d125ba"",""challenge_id"":""""}"
88ac80f4-7c48-4206-99ef-dd505fdaeed0,2026-05-25T14:29:44.161Z,matching,matching-20260525142305535-2296d4,ko-0141,correct,7461,korean,group,"{""selected_id"":""ko-0141"",""board_id"":""6323a055-7bbc-4e98-bcd7-67e5d3f6a9bf"",""challenge_id"":""""}"
8f02790f-f4b7-4c93-8488-9dd5caa23378,2026-05-25T14:29:55.537Z,matching,matching-20260525142305535-2296d4,ko-0381,wrong,10543,korean,group,"{""selected_id"":""ko-0290"",""board_id"":""6323a055-7bbc-4e98-bcd7-67e5d3f6a9bf"",""challenge_id"":""""}"
1088822c-f48c-4aa5-9cd6-014ce6e37ab7,2026-05-25T14:30:04.327Z,matching,matching-20260525142305535-2296d4,ko-0170,wrong,4447,korean,group,"{""selected_id"":""ko-0070"",""board_id"":""6323a055-7bbc-4e98-bcd7-67e5d3f6a9bf"",""challenge_id"":""""}"
993260b2-9433-4388-a670-2524dc9da3f0,2026-05-25T14:30:12.504Z,matching,matching-20260525142305535-2296d4,ko-0091,correct,2436,korean,group,"{""selected_id"":""ko-0091"",""board_id"":""5d15a0e9-3d1f-4aa5-8582-42de46da1b69"",""challenge_id"":""""}"
1a09869b-3c94-4cf7-b44c-5d8d6b42aeac,2026-05-25T14:30:16.549Z,matching,matching-20260525142305535-2296d4,ko-0070,wrong,3493,korean,group,"{""selected_id"":""ko-0395"",""board_id"":""5d15a0e9-3d1f-4aa5-8582-42de46da1b69"",""challenge_id"":""""}"
80dd2630-85da-4010-b89a-9e40263b2f58,2026-05-25T14:30:26.876Z,matching,matching-20260525142305535-2296d4,ko-0395,correct,5196,korean,group,"{""selected_id"":""ko-0395"",""board_id"":""5d15a0e9-3d1f-4aa5-8582-42de46da1b69"",""challenge_id"":""""}"
7db791b6-f0c9-4f66-aba7-6c48480dddcc,2026-05-25T14:30:32.023Z,matching,matching-20260525142305535-2296d4,ko-0311,correct,4080,korean,group,"{""selected_id"":""ko-0311"",""board_id"":""f9100093-6c60-4921-9081-07e44028acf8"",""challenge_id"":""""}"
1db223e0-0340-45e9-9c66-0a68ae713eb6,2026-05-25T14:30:34.782Z,matching,matching-20260525142305535-2296d4,ko-0290,correct,1979,korean,group,"{""selected_id"":""ko-0290"",""board_id"":""f9100093-6c60-4921-9081-07e44028acf8"",""challenge_id"":""""}"
aa5e69ef-048b-49ab-ac1e-816793869396,2026-05-25T14:30:39.962Z,matching,matching-20260525142305535-2296d4,ko-0465,correct,3956,korean,english,"{""selected_id"":""ko-0465"",""board_id"":""f9100093-6c60-4921-9081-07e44028acf8"",""challenge_id"":""""}"
384368da-62b5-4bb5-9592-c0dc9ed5421f,2026-05-25T14:38:13.250Z,matching,matching-20260525143759845-0855f0,ko-0311,wrong,10948,korean,english,"{""selected_id"":""ko-0425"",""board_id"":""c3f5485a-67dc-4958-af9f-8db2bad8c5d3"",""challenge_id"":""""}"
2918c60e-620b-481c-90d1-26c5c78ca1f2,2026-05-25T14:38:20.678Z,matching,matching-20260525143759845-0855f0,ko-0477,correct,3743,korean,english,"{""selected_id"":""ko-0477"",""board_id"":""c3f5485a-67dc-4958-af9f-8db2bad8c5d3"",""challenge_id"":""""}"
5800f94e-9eec-4deb-a0ad-fbd6350f3d1b,2026-05-25T14:38:24.302Z,matching,matching-20260525143759845-0855f0,ko-0011,correct,1995,korean,english,"{""selected_id"":""ko-0011"",""board_id"":""c3f5485a-67dc-4958-af9f-8db2bad8c5d3"",""challenge_id"":""""}"
e03ea84a-8e55-413c-af6b-bb31d8d1ae88,2026-05-25T14:42:28.132Z,matching,matching-20260525144219607-0bdf1e,ko-0415,correct,6971,korean,english,"{""selected_id"":""ko-0415"",""board_id"":""43503a44-c87e-410e-8899-b2bdea34def7"",""challenge_id"":""""}"
6355e1c1-7bfc-49d9-9584-1277d186a464,2026-05-25T14:42:33.452Z,matching,matching-20260525144219607-0bdf1e,ko-0104,correct,2763,korean,english,"{""selected_id"":""ko-0104"",""board_id"":""43503a44-c87e-410e-8899-b2bdea34def7"",""challenge_id"":""""}"
38766a74-a0af-4f85-b779-c375da63da18,2026-05-25T14:42:38.975Z,matching,matching-20260525144219607-0bdf1e,ko-0055,correct,3681,korean,english,"{""selected_id"":""ko-0055"",""board_id"":""43503a44-c87e-410e-8899-b2bdea34def7"",""challenge_id"":""""}"
f24c2d21-4d9e-49c0-8e67-f0f25a9ff813,2026-05-25T14:42:45.446Z,matching,matching-20260525144219607-0bdf1e,ko-0457,correct,4208,korean,english,"{""selected_id"":""ko-0457"",""board_id"":""a47d76b1-93c7-48d9-b81f-a6b7d8c53678"",""challenge_id"":""""}"
d217153f-cbb6-4f5b-a244-ca4ad87f19fe,2026-05-25T14:42:51.742Z,matching,matching-20260525144219607-0bdf1e,ko-0069,wrong,5144,korean,english,"{""selected_id"":""ko-0384"",""board_id"":""a47d76b1-93c7-48d9-b81f-a6b7d8c53678"",""challenge_id"":""""}"
042231a9-cbc0-4da2-9063-6f28be00a0cc,2026-05-25T14:42:57.638Z,matching,matching-20260525144219607-0bdf1e,ko-0384,correct,1831,korean,english,"{""selected_id"":""ko-0384"",""board_id"":""a47d76b1-93c7-48d9-b81f-a6b7d8c53678"",""challenge_id"":""""}"
38f8234b-9eaf-4680-8aff-40296d537c06,2026-05-25T14:43:02.983Z,matching,matching-20260525144219607-0bdf1e,ko-0405,correct,4721,korean,english,"{""selected_id"":""ko-0405"",""board_id"":""f7ec3ab3-d1ba-4b42-8473-c5eeed6be901"",""challenge_id"":""""}"
4bd673d4-7fac-4b86-9ae2-2267b59f8c46,2026-05-25T14:43:07.101Z,matching,matching-20260525144219607-0bdf1e,ko-0154,correct,3266,korean,english,"{""selected_id"":""ko-0154"",""board_id"":""f7ec3ab3-d1ba-4b42-8473-c5eeed6be901"",""challenge_id"":""""}"
8e67c041-339a-412e-a047-ef0280a2b474,2026-05-25T14:43:11.165Z,matching,matching-20260525144219607-0bdf1e,ko-0141,correct,3081,korean,english,"{""selected_id"":""ko-0141"",""board_id"":""f7ec3ab3-d1ba-4b42-8473-c5eeed6be901"",""challenge_id"":""""}"
134e82ea-5a2a-43d0-8630-baefd7caa85a,2026-05-25T14:43:15.607Z,matching,matching-20260525144219607-0bdf1e,ko-0367,correct,3730,korean,english,"{""selected_id"":""ko-0367"",""board_id"":""f94f7e17-6c57-448a-a650-77f78682c56d"",""challenge_id"":""""}"
700b8cba-7d50-44b9-81ff-4c8ad4c3df14,2026-05-25T14:43:20.271Z,matching,matching-20260525144219607-0bdf1e,ko-0292,wrong,4117,korean,english,"{""selected_id"":""ko-0297"",""board_id"":""f94f7e17-6c57-448a-a650-77f78682c56d"",""challenge_id"":""""}"
6c40490c-2c65-4e2e-b6ba-46a359f38648,2026-05-25T14:43:25.348Z,matching,matching-20260525144219607-0bdf1e,ko-0274,wrong,1830,korean,english,"{""selected_id"":""ko-0273"",""board_id"":""f94f7e17-6c57-448a-a650-77f78682c56d"",""challenge_id"":""""}"
680c6724-3a5f-44e6-9879-cc0fbb51d1d0,2026-05-25T14:43:32.925Z,matching,matching-20260525144219607-0bdf1e,ko-0273,correct,4039,english,korean,"{""selected_id"":""ko-0273"",""board_id"":""8e5f1918-d31a-4365-88a3-46a135a69de1"",""challenge_id"":""""}"
3ebcaae1-87c6-4090-80c2-5614f5f3a571,2026-05-25T14:43:35.039Z,matching,matching-20260525144219607-0bdf1e,ko-0057,correct,1202,english,korean,"{""selected_id"":""ko-0057"",""board_id"":""8e5f1918-d31a-4365-88a3-46a135a69de1"",""challenge_id"":""""}"
fedd8352-0a99-42da-b59f-db3bcd4cb444,2026-05-25T14:43:39.679Z,matching,matching-20260525144219607-0bdf1e,ko-0297,correct,4084,english,korean,"{""selected_id"":""ko-0297"",""board_id"":""8e5f1918-d31a-4365-88a3-46a135a69de1"",""challenge_id"":""""}"
aa36cd43-dead-4729-a105-67bd213565fb,2026-05-25T14:43:50.188Z,matching,matching-20260525144219607-0bdf1e,ko-0321,wrong,9574,english,korean,"{""selected_id"":""ko-0364"",""board_id"":""4b9850da-4c42-46da-b181-ddc97251059d"",""challenge_id"":""""}"
9901ddd2-3ec4-4290-b02b-6b660a4f29aa,2026-05-25T14:43:59.437Z,matching,matching-20260525144219607-0bdf1e,ko-0354,correct,2181,english,korean,"{""selected_id"":""ko-0354"",""board_id"":""4b9850da-4c42-46da-b181-ddc97251059d"",""challenge_id"":""""}"
147b04be-1f15-41f5-9a1c-4d3a03aed0aa,2026-05-25T14:44:02.034Z,matching,matching-20260525144219607-0bdf1e,ko-0364,correct,1939,english,korean,"{""selected_id"":""ko-0364"",""board_id"":""4b9850da-4c42-46da-b181-ddc97251059d"",""challenge_id"":""""}"
0a7a6a69-4086-4b1a-91c3-3f64a6105058,2026-05-25T14:44:15.363Z,matching,matching-20260525144219607-0bdf1e,ko-0015,correct,12865,english,korean,"{""selected_id"":""ko-0015"",""board_id"":""4ff04afe-845f-476b-b4a9-b46cbfdd52f1"",""challenge_id"":""""}"
a999a62b-f493-40a9-b7af-4df4e51cd483,2026-05-25T14:44:19.513Z,matching,matching-20260525144219607-0bdf1e,ko-0195,wrong,2012,english,korean,"{""selected_id"":""ko-0018"",""board_id"":""4ff04afe-845f-476b-b4a9-b46cbfdd52f1"",""challenge_id"":""""}"
2057e1a2-d677-4a75-9baf-c7def09e2342,2026-05-25T14:44:29.762Z,matching,matching-20260525144219607-0bdf1e,ko-0352,wrong,5212,korean,english,"{""selected_id"":""ko-0185"",""board_id"":""4ff04afe-845f-476b-b4a9-b46cbfdd52f1"",""challenge_id"":""""}"
e69aff05-8c01-46cc-84ff-4c70ca6a8611,2026-05-25T14:44:38.497Z,matching,matching-20260525144219607-0bdf1e,ko-0018,wrong,6383,korean,english,"{""selected_id"":""ko-0303"",""board_id"":""5ac46957-2909-4552-b4f9-54786a66bd4a"",""challenge_id"":""""}"
567719ae-145f-45d7-a1d5-1eca0b9f945a,2026-05-25T14:44:45.908Z,matching,matching-20260525144219607-0bdf1e,ko-0185,wrong,3839,korean,english,"{""selected_id"":""ko-0422"",""board_id"":""5ac46957-2909-4552-b4f9-54786a66bd4a"",""challenge_id"":""""}"
0a2bf0bf-0168-4a66-8c41-ec83d43278ba,2026-05-25T14:44:55.110Z,matching,matching-20260525144219607-0bdf1e,ko-0422,correct,3764,korean,english,"{""selected_id"":""ko-0422"",""board_id"":""5ac46957-2909-4552-b4f9-54786a66bd4a"",""challenge_id"":""""}"
15219925-ea58-466a-adb7-75f6568f7c36,2026-05-25T14:44:59.271Z,matching,matching-20260525144219607-0bdf1e,ko-0187,correct,3154,korean,english,"{""selected_id"":""ko-0187"",""board_id"":""1c761ee6-8f9e-413d-9938-941db63acabb"",""challenge_id"":""""}"
fc2f0404-f903-4a3a-94b5-18d81036a383,2026-05-25T14:45:03.576Z,matching,matching-20260525144219607-0bdf1e,ko-0353,correct,3887,korean,english,"{""selected_id"":""ko-0353"",""board_id"":""1c761ee6-8f9e-413d-9938-941db63acabb"",""challenge_id"":""""}"
cbf42331-a519-40c4-93ed-7e55c217b1fb,2026-05-25T14:45:08.775Z,matching,matching-20260525144219607-0bdf1e,ko-0026,correct,4161,korean,english,"{""selected_id"":""ko-0026"",""board_id"":""1c761ee6-8f9e-413d-9938-941db63acabb"",""challenge_id"":""""}"
fd1f6f3b-dad9-413e-9c27-2f10d8b3c896,2026-05-25T14:45:11.276Z,matching,matching-20260525144219607-0bdf1e,ko-0007,correct,1688,korean,english,"{""selected_id"":""ko-0007"",""board_id"":""8118c857-182e-4c30-abbc-d519ab43dc81"",""challenge_id"":""""}"
8e745f3e-141f-4c61-969d-9bc8edf8d11b,2026-05-25T14:45:15.705Z,matching,matching-20260525144219607-0bdf1e,ko-0303,correct,3974,korean,english,"{""selected_id"":""ko-0303"",""board_id"":""8118c857-182e-4c30-abbc-d519ab43dc81"",""challenge_id"":""""}"
26b6e8ae-df4e-4d17-b570-626377cfec26,2026-05-25T14:45:18.169Z,matching,matching-20260525144219607-0bdf1e,ko-0329,correct,1682,korean,english,"{""selected_id"":""ko-0329"",""board_id"":""8118c857-182e-4c30-abbc-d519ab43dc81"",""challenge_id"":""""}"
33fbdf6f-d73d-4095-90c3-c3b7b590195c,2026-05-25T15:21:10.452Z,matching,matching-20260525152056887-50e994,ko-0167,correct,6612,korean,second,"{""selected_id"":""ko-0167"",""board_id"":""baee5178-3e1d-48d9-af00-54f0750d3d15"",""challenge_id"":""""}"
0dea615a-f70c-4e0b-94b2-9d064dd702a3,2026-05-25T15:21:35.474Z,matching,matching-20260525152056887-50e994,ko-0418,correct,4923,korean,second,"{""selected_id"":""ko-0418"",""board_id"":""baee5178-3e1d-48d9-af00-54f0750d3d15"",""challenge_id"":""""}"
f6504520-7690-4eed-b887-4d85ffb6230e,2026-05-25T15:21:38.349Z,matching,matching-20260525152056887-50e994,ko-0440,correct,1830,korean,second,"{""selected_id"":""ko-0440"",""board_id"":""baee5178-3e1d-48d9-af00-54f0750d3d15"",""challenge_id"":""""}"
2936558b-c914-499c-8dda-2cb96466773f,2026-05-25T15:21:56.704Z,matching,matching-20260525152151623-3c1ff4,ko-0059,correct,2805,korean,second,"{""selected_id"":""ko-0059"",""board_id"":""bb0a62dc-fb1c-4ac5-8dcb-9e82269b324e"",""challenge_id"":""""}"
c8924b9f-6103-45da-988d-5486874ff109,2026-05-25T15:22:17.826Z,matching,matching-20260525152151623-3c1ff4,ko-0239,correct,2211,korean,second,"{""selected_id"":""ko-0239"",""board_id"":""bb0a62dc-fb1c-4ac5-8dcb-9e82269b324e"",""challenge_id"":""""}"
136a7be7-e87a-4f9d-84c5-0a0465d52760,2026-05-25T15:22:21.318Z,matching,matching-20260525152151623-3c1ff4,ko-0006,correct,2293,korean,second,"{""selected_id"":""ko-0006"",""board_id"":""bb0a62dc-fb1c-4ac5-8dcb-9e82269b324e"",""challenge_id"":""""}"
db69b8ea-6af6-4d73-8c64-4e84dc40270a,2026-05-25T15:22:27.415Z,matching,matching-20260525152151623-3c1ff4,ko-0210,wrong,5209,korean,second,"{""selected_id"":""ko-0488"",""board_id"":""2f74c30a-1f07-45a5-8600-7da4154490eb"",""challenge_id"":""""}"
cb4329ba-e81d-4177-aee2-33c88f988334,2026-05-25T15:22:33.789Z,matching,matching-20260525152151623-3c1ff4,ko-0433,correct,1939,korean,second,"{""selected_id"":""ko-0433"",""board_id"":""2f74c30a-1f07-45a5-8600-7da4154490eb"",""challenge_id"":""""}"
f2037707-fda6-44ea-9559-a7a19f70c93a,2026-05-25T15:22:35.985Z,matching,matching-20260525152151623-3c1ff4,ko-0084,correct,1496,korean,second,"{""selected_id"":""ko-0084"",""board_id"":""2f74c30a-1f07-45a5-8600-7da4154490eb"",""challenge_id"":""""}"
646138a6-a392-450f-b015-be2760a2df14,2026-05-25T15:22:39.150Z,matching,matching-20260525152151623-3c1ff4,ko-0391,correct,2574,korean,second,"{""selected_id"":""ko-0391"",""board_id"":""3481cc6b-6d66-4315-9d48-620ee362c596"",""challenge_id"":""""}"
fc90bfa5-16f5-4848-89a4-7c5b92c7f605,2026-05-25T15:22:43.182Z,matching,matching-20260525152151623-3c1ff4,ko-0112,correct,3492,korean,second,"{""selected_id"":""ko-0112"",""board_id"":""3481cc6b-6d66-4315-9d48-620ee362c596"",""challenge_id"":""""}"
2a1b26a0-7d87-44c3-850a-287bf4a42a2d,2026-05-25T15:22:47.669Z,matching,matching-20260525152151623-3c1ff4,ko-0301,correct,3091,korean,second,"{""selected_id"":""ko-0301"",""board_id"":""3481cc6b-6d66-4315-9d48-620ee362c596"",""challenge_id"":""""}"
28af5d69-553a-4f4b-97c6-9126da26a1c1,2026-05-25T15:23:10.937Z,matching,matching-20260525152307468-c76ab5,ko-0049,correct,1630,korean,second,"{""selected_id"":""ko-0049"",""board_id"":""99a98d94-4884-4c22-8c84-878c3271d7f2"",""challenge_id"":""""}"
4015e72a-c146-4a33-91d0-c73efcabe4a3,2026-05-25T15:23:17.956Z,matching,matching-20260525152307468-c76ab5,ko-0142,correct,4216,korean,second,"{""selected_id"":""ko-0142"",""board_id"":""99a98d94-4884-4c22-8c84-878c3271d7f2"",""challenge_id"":""""}"
68a0946f-6cd7-4a87-9b2b-e590aa4934e6,2026-05-25T15:23:29.991Z,matching,matching-20260525152307468-c76ab5,ko-0181,wrong,9226,korean,second,"{""selected_id"":""ko-0350"",""board_id"":""99a98d94-4884-4c22-8c84-878c3271d7f2"",""challenge_id"":""""}"
5c53f19f-df1b-43fa-b510-4f31d8354963,2026-05-25T15:23:39.053Z,matching,matching-20260525152307468-c76ab5,ko-0063,correct,1635,korean,second,"{""selected_id"":""ko-0063"",""board_id"":""57e50ea6-1d6f-489b-9149-5fa7a680b0e1"",""challenge_id"":""""}"
0f96db3c-3f95-4d42-be4c-fa3968515e09,2026-05-25T15:23:51.104Z,matching,matching-20260525152307468-c76ab5,ko-0297,correct,9958,korean,second,"{""selected_id"":""ko-0297"",""board_id"":""57e50ea6-1d6f-489b-9149-5fa7a680b0e1"",""challenge_id"":""""}"
610e6cd3-dd8f-40f7-a260-abe17a019540,2026-05-25T15:23:54.335Z,matching,matching-20260525152307468-c76ab5,ko-0164,correct,1193,korean,second,"{""selected_id"":""ko-0164"",""board_id"":""57e50ea6-1d6f-489b-9149-5fa7a680b0e1"",""challenge_id"":""""}"
99f8502b-55c6-49e4-962e-c16cb6cae7e1,2026-05-25T15:24:12.544Z,matching,matching-20260525152307468-c76ab5,ko-0269,wrong,14499,korean,second,"{""selected_id"":""ko-0350"",""board_id"":""7d4d340e-3816-49f8-9804-766481205017"",""challenge_id"":""""}"
02eea3e9-02b5-413c-8036-5a933beb07f2,2026-05-25T15:24:19.529Z,matching,matching-20260525152307468-c76ab5,ko-0050,correct,1551,korean,second,"{""selected_id"":""ko-0050"",""board_id"":""7d4d340e-3816-49f8-9804-766481205017"",""challenge_id"":""""}"
b60ddcfe-f799-4b4e-853a-0d3404e9842b,2026-05-25T15:24:25.260Z,matching,matching-20260525152307468-c76ab5,ko-0476,correct,3553,korean,second,"{""selected_id"":""ko-0476"",""board_id"":""7d4d340e-3816-49f8-9804-766481205017"",""challenge_id"":""""}"
2a0b0c36-2f5b-442a-8d79-51eba7afdc89,2026-05-25T15:24:40.370Z,matching,matching-20260525152307468-c76ab5,ko-0155,correct,2523,korean,second,"{""selected_id"":""ko-0155"",""board_id"":""f2e7497e-1373-4b3b-8b26-6cb365d24b26"",""challenge_id"":""""}"
202ad75a-61de-4742-ab08-4098e81f115d,2026-05-25T15:24:45.802Z,matching,matching-20260525152307468-c76ab5,ko-0190,correct,1912,korean,second,"{""selected_id"":""ko-0190"",""board_id"":""f2e7497e-1373-4b3b-8b26-6cb365d24b26"",""challenge_id"":""""}"
b28cd0e9-9239-4d43-86e7-bd972622769a,2026-05-25T15:24:54.544Z,matching,matching-20260525152307468-c76ab5,ko-0251,correct,4677,korean,second,"{""selected_id"":""ko-0251"",""board_id"":""f2e7497e-1373-4b3b-8b26-6cb365d24b26"",""challenge_id"":""""}"
bac3bea0-349f-4b70-80e1-80ef36aaddcd,2026-05-25T20:14:19.141Z,matching,matching-20260525201403482-a48479,ko-0019,correct,10078,korean,second,"{""selected_id"":""ko-0019"",""board_id"":""c6d49243-b19f-4791-bcff-65f30cd5066e"",""challenge_id"":""""}"
190f5556-fc4b-41fe-bdc2-02140cb1d12b,2026-05-25T20:14:26.397Z,matching,matching-20260525201403482-a48479,ko-0258,correct,3262,korean,second,"{""selected_id"":""ko-0258"",""board_id"":""c6d49243-b19f-4791-bcff-65f30cd5066e"",""challenge_id"":""""}"
841e4129-5132-4a73-a30a-69c8c5ca1efe,2026-05-25T20:14:35.318Z,matching,matching-20260525201403482-a48479,ko-0455,correct,4743,korean,second,"{""selected_id"":""ko-0455"",""board_id"":""c6d49243-b19f-4791-bcff-65f30cd5066e"",""challenge_id"":""""}"
1fe71f87-23f4-40bc-8b1e-5fbb778b30fe,2026-05-25T20:14:42.047Z,matching,matching-20260525201403482-a48479,ko-0238,correct,3406,korean,second,"{""selected_id"":""ko-0238"",""board_id"":""6bc30494-9f6a-44e0-b0d0-fc4330637270"",""challenge_id"":""""}"
a650626b-23ca-4183-a307-2656114b2a85,2026-05-25T20:14:49.810Z,matching,matching-20260525201403482-a48479,ko-0442,correct,5429,korean,second,"{""selected_id"":""ko-0442"",""board_id"":""6bc30494-9f6a-44e0-b0d0-fc4330637270"",""challenge_id"":""""}"
91003f8f-9fb6-4a7e-af5d-cc6cbcbf4b8b,2026-05-25T20:14:53.650Z,matching,matching-20260525201403482-a48479,ko-0370,correct,1269,korean,second,"{""selected_id"":""ko-0370"",""board_id"":""6bc30494-9f6a-44e0-b0d0-fc4330637270"",""challenge_id"":""""}"
b2260bf3-e053-44c6-bd1e-546f06aa6047,2026-05-25T20:14:58.563Z,matching,matching-20260525201403482-a48479,ko-0237,correct,2665,korean,second,"{""selected_id"":""ko-0237"",""board_id"":""e89aea4a-bb83-4d3c-929f-f885abd6a089"",""challenge_id"":""""}"
4bb3fdfc-f919-411e-96d9-53c8bfc9aed9,2026-05-25T20:15:01.616Z,matching,matching-20260525201403482-a48479,ko-0063,correct,2085,korean,second,"{""selected_id"":""ko-0063"",""board_id"":""e89aea4a-bb83-4d3c-929f-f885abd6a089"",""challenge_id"":""""}"
3e2f8465-0a5f-46eb-bb28-6c6bfd427662,2026-05-25T20:15:05.349Z,matching,matching-20260525201403482-a48479,ko-0186,correct,1016,korean,second,"{""selected_id"":""ko-0186"",""board_id"":""e89aea4a-bb83-4d3c-929f-f885abd6a089"",""challenge_id"":""""}"
c7cf97f0-1c69-4e6b-8fe9-2a2e07d407c4,2026-05-25T20:15:09.988Z,matching,matching-20260525201403482-a48479,ko-0109,correct,3615,korean,second,"{""selected_id"":""ko-0109"",""board_id"":""7b6b54b6-76b4-417a-b23c-afc10bc6511c"",""challenge_id"":""""}"
e8ff7c97-6930-4f64-8f88-0cae4f42e6c2,2026-05-25T20:15:14.048Z,matching,matching-20260525201403482-a48479,ko-0014,correct,2452,korean,second,"{""selected_id"":""ko-0014"",""board_id"":""7b6b54b6-76b4-417a-b23c-afc10bc6511c"",""challenge_id"":""""}"
5116f98b-70d7-4ffd-9f84-a7bfc4aba563,2026-05-25T20:15:19.442Z,matching,matching-20260525201403482-a48479,ko-0272,correct,2456,korean,second,"{""selected_id"":""ko-0272"",""board_id"":""7b6b54b6-76b4-417a-b23c-afc10bc6511c"",""challenge_id"":""""}"
6d7e76de-3a93-4b91-bf17-36b2a93d94b5,2026-05-25T20:15:27.005Z,matching,matching-20260525201403482-a48479,ko-0483,correct,5013,sound,korean,"{""selected_id"":""ko-0483"",""board_id"":""e157ac65-2b71-40ee-bf0a-de2e64b0ac6f"",""challenge_id"":""cbc1e46a-e2c1-477d-ba0e-bc128a01361a""}"
19db147f-df4f-4e4d-9989-ac5cf7c8ca80,2026-05-25T20:15:32.669Z,matching,matching-20260525201403482-a48479,ko-0315,correct,2801,sound,korean,"{""selected_id"":""ko-0315"",""board_id"":""e157ac65-2b71-40ee-bf0a-de2e64b0ac6f"",""challenge_id"":""cbc1e46a-e2c1-477d-ba0e-bc128a01361a""}"
fbb95f9e-0013-4e7c-805f-f2a26300fcac,2026-05-25T20:15:39.142Z,matching,matching-20260525201403482-a48479,ko-0422,correct,3996,sound,korean,"{""selected_id"":""ko-0422"",""board_id"":""e157ac65-2b71-40ee-bf0a-de2e64b0ac6f"",""challenge_id"":""cbc1e46a-e2c1-477d-ba0e-bc128a01361a""}"
10ceaa1a-eff1-4232-a99f-37b817cb3648,2026-05-25T20:15:48.046Z,matching,matching-20260525201403482-a48479,ko-0369,correct,7274,sound,korean,"{""selected_id"":""ko-0369"",""board_id"":""6c6c2636-3120-41ba-a84f-8774c7cd5917"",""challenge_id"":""cbc1e46a-e2c1-477d-ba0e-bc128a01361a""}"
bc0922de-c19d-40eb-a358-8bc5ae58ff94,2026-05-25T20:15:54.221Z,matching,matching-20260525201403482-a48479,ko-0289,correct,3389,sound,korean,"{""selected_id"":""ko-0289"",""board_id"":""6c6c2636-3120-41ba-a84f-8774c7cd5917"",""challenge_id"":""cbc1e46a-e2c1-477d-ba0e-bc128a01361a""}"
8c1f52ee-7bc0-4401-9163-00579e6d5bbf,2026-05-25T20:16:00.565Z,matching,matching-20260525201403482-a48479,ko-0028,correct,2556,sound,korean,"{""selected_id"":""ko-0028"",""board_id"":""6c6c2636-3120-41ba-a84f-8774c7cd5917"",""challenge_id"":""cbc1e46a-e2c1-477d-ba0e-bc128a01361a""}"
0b655e22-7436-4e5f-ac0d-3630c44e46d9,2026-05-25T20:16:05.855Z,matching,matching-20260525201403482-a48479,ko-0153,correct,3370,sound,korean,"{""selected_id"":""ko-0153"",""board_id"":""ed09bf57-15ee-459e-8c32-5da849711b3d"",""challenge_id"":""cbc1e46a-e2c1-477d-ba0e-bc128a01361a""}"
19048441-f333-4c66-a509-13250abe4aa3,2026-05-25T20:16:15.356Z,matching,matching-20260525201403482-a48479,ko-0246,correct,7147,korean,second,"{""selected_id"":""ko-0246"",""board_id"":""ed09bf57-15ee-459e-8c32-5da849711b3d"",""challenge_id"":""""}"
831454ad-b38e-4dda-af6e-883c0a934c30,2026-05-25T20:16:18.706Z,matching,matching-20260525201403482-a48479,ko-0372,correct,2310,korean,second,"{""selected_id"":""ko-0372"",""board_id"":""ed09bf57-15ee-459e-8c32-5da849711b3d"",""challenge_id"":""""}"
32a1e369-a3c7-44d8-b5f5-99052a25d99c,2026-05-25T20:16:23.244Z,matching,matching-20260525201403482-a48479,ko-0351,wrong,3380,korean,second,"{""selected_id"":""ko-0361"",""board_id"":""ad61d8ea-32fc-4494-a1ad-cbe474c2469f"",""challenge_id"":""""}"
652debeb-eacb-48e6-9cca-beb2ca82f656,2026-05-25T20:16:37.234Z,matching,matching-20260525201403482-a48479,ko-0031,correct,2549,korean,second,"{""selected_id"":""ko-0031"",""board_id"":""ad61d8ea-32fc-4494-a1ad-cbe474c2469f"",""challenge_id"":""""}"
71159f70-4c9d-4008-8f70-06f403f01f9a,2026-05-25T20:16:50.162Z,matching,matching-20260525201403482-a48479,ko-0034,correct,8439,korean,second,"{""selected_id"":""ko-0034"",""board_id"":""ad61d8ea-32fc-4494-a1ad-cbe474c2469f"",""challenge_id"":""""}"
a3372f4d-30eb-44e4-a283-cea567ad9126,2026-05-25T20:16:55.072Z,matching,matching-20260525201403482-a48479,ko-0437,correct,2635,korean,second,"{""selected_id"":""ko-0437"",""board_id"":""ec49ee62-cac8-4133-a6e6-12ef0b162f7d"",""challenge_id"":""""}"
2cab0d03-5284-4347-8e7a-d166197f5137,2026-05-25T20:16:59.786Z,matching,matching-20260525201403482-a48479,ko-0439,correct,3907,korean,second,"{""selected_id"":""ko-0439"",""board_id"":""ec49ee62-cac8-4133-a6e6-12ef0b162f7d"",""challenge_id"":""""}"
f60c0e8d-d819-4f0e-b574-af82b8f613f6,2026-05-25T20:17:06.138Z,matching,matching-20260525201403482-a48479,ko-0256,wrong,4674,korean,second,"{""selected_id"":""ko-0361"",""board_id"":""ec49ee62-cac8-4133-a6e6-12ef0b162f7d"",""challenge_id"":""""}"
9450f0d2-ad65-4018-883d-e99d5729b126,2026-05-25T20:17:19.074Z,matching,matching-20260525201403482-a48479,ko-0235,wrong,5728,korean,second,"{""selected_id"":""ko-0323"",""board_id"":""38ef3fc1-86fa-4e51-b767-c18fe6f69ba4"",""challenge_id"":""""}"
257d8012-5de8-4332-92c8-792e87f8bec4,2026-05-25T20:17:31.807Z,matching,matching-20260525201403482-a48479,ko-0361,correct,8716,korean,second,"{""selected_id"":""ko-0361"",""board_id"":""38ef3fc1-86fa-4e51-b767-c18fe6f69ba4"",""challenge_id"":""""}"
b7c207ab-5566-43c1-8ff2-fd7b89474c5c,2026-05-25T20:17:38.419Z,matching,matching-20260525201403482-a48479,ko-0323,correct,2075,korean,second,"{""selected_id"":""ko-0323"",""board_id"":""38ef3fc1-86fa-4e51-b767-c18fe6f69ba4"",""challenge_id"":""""}"
43d5f6da-cc24-4705-baf6-06632c6044c0,2026-05-25T20:17:42.349Z,matching,matching-20260525201403482-a48479,ko-0103,correct,1626,second,korean,"{""selected_id"":""ko-0103"",""board_id"":""ebedb257-54fa-4d06-bd6f-518a7861014e"",""challenge_id"":""""}"
596dbf54-2326-4778-8f78-66fc83d836d9,2026-05-25T20:17:44.398Z,matching,matching-20260525201403482-a48479,ko-0290,correct,1242,second,korean,"{""selected_id"":""ko-0290"",""board_id"":""ebedb257-54fa-4d06-bd6f-518a7861014e"",""challenge_id"":""""}"
111a36d9-0e00-4c7f-b5d1-49f79e00c6bc,2026-05-25T20:17:46.876Z,matching,matching-20260525201403482-a48479,ko-0147,correct,1323,second,korean,"{""selected_id"":""ko-0147"",""board_id"":""ebedb257-54fa-4d06-bd6f-518a7861014e"",""challenge_id"":""""}"
caeb20ef-129a-44f4-af37-66232f47d3f3,2026-05-25T20:17:49.855Z,matching,matching-20260525201403482-a48479,ko-0407,correct,1697,second,korean,"{""selected_id"":""ko-0407"",""board_id"":""296a99e4-aba3-4504-8e19-93a8fbf364d5"",""challenge_id"":""""}"
f2185634-8c84-4d43-9848-4a4d9e46cd26,2026-05-25T20:17:56.978Z,matching,matching-20260525201403482-a48479,ko-0453,wrong,5212,second,korean,"{""selected_id"":""ko-0333"",""board_id"":""296a99e4-aba3-4504-8e19-93a8fbf364d5"",""challenge_id"":""""}"
37fc8d8c-7947-4a6d-9e66-24d4ca5018d3,2026-05-25T20:18:06.522Z,matching,matching-20260525201403482-a48479,ko-0333,correct,1969,second,korean,"{""selected_id"":""ko-0333"",""board_id"":""296a99e4-aba3-4504-8e19-93a8fbf364d5"",""challenge_id"":""""}"
12477416-8ab9-470e-81ce-7f27907a5f87,2026-05-25T20:18:09.977Z,matching,matching-20260525201403482-a48479,ko-0283,correct,1381,second,korean,"{""selected_id"":""ko-0283"",""board_id"":""44a59e9f-2a89-4fb5-914d-28c562ae1d3d"",""challenge_id"":""""}"
68430521-9bbc-4245-be25-1d8b561aa2f4,2026-05-25T20:18:16.936Z,matching,matching-20260525201403482-a48479,ko-0151,correct,3701,second,korean,"{""selected_id"":""ko-0151"",""board_id"":""44a59e9f-2a89-4fb5-914d-28c562ae1d3d"",""challenge_id"":""""}"
6fb566a3-ecdb-4400-b0ff-b90f982aec10,2026-05-25T20:18:22.510Z,matching,matching-20260525201403482-a48479,ko-0452,correct,2755,korean,second,"{""selected_id"":""ko-0452"",""board_id"":""44a59e9f-2a89-4fb5-914d-28c562ae1d3d"",""challenge_id"":""""}"
6a84e43d-e8c1-429a-8a1d-98261788add2,2026-05-25T20:18:30.689Z,matching,matching-20260525201403482-a48479,ko-0410,correct,5148,korean,second,"{""selected_id"":""ko-0410"",""board_id"":""25bc8b5e-a7f5-40df-b612-d4e85335cd7d"",""challenge_id"":""""}"
68dde124-153d-4d3b-bc0a-1a14c6ba87aa,2026-05-25T20:18:36.070Z,matching,matching-20260525201403482-a48479,ko-0324,correct,3663,korean,second,"{""selected_id"":""ko-0324"",""board_id"":""25bc8b5e-a7f5-40df-b612-d4e85335cd7d"",""challenge_id"":""""}"
ed9f087d-e685-40f5-982a-76f9d283c118,2026-05-25T20:18:43.665Z,matching,matching-20260525201403482-a48479,ko-0267,correct,4445,korean,second,"{""selected_id"":""ko-0267"",""board_id"":""25bc8b5e-a7f5-40df-b612-d4e85335cd7d"",""challenge_id"":""""}"
649001c9-1ffe-401c-bd6d-bef116b8fe77,2026-05-25T20:18:55.472Z,matching,matching-20260525201403482-a48479,ko-0417,correct,8993,korean,second,"{""selected_id"":""ko-0417"",""board_id"":""4bf330b4-fe7c-4f1d-91f9-e1c548876d77"",""challenge_id"":""""}"
102f013c-34fa-4c2b-a1a3-5f4e50c61ce2,2026-05-25T20:19:00.156Z,matching,matching-20260525201403482-a48479,ko-0275,correct,2740,korean,second,"{""selected_id"":""ko-0275"",""board_id"":""4bf330b4-fe7c-4f1d-91f9-e1c548876d77"",""challenge_id"":""""}"
a2ed8261-27f7-4888-8853-46441440c2d5,2026-05-25T20:19:12.387Z,matching,matching-20260525201403482-a48479,ko-0413,correct,5423,korean,second,"{""selected_id"":""ko-0413"",""board_id"":""4bf330b4-fe7c-4f1d-91f9-e1c548876d77"",""challenge_id"":""""}"
883db793-3b72-4658-a2e7-d703265dd149,2026-05-25T20:19:17.528Z,matching,matching-20260525201403482-a48479,ko-0479,wrong,3157,korean,second,"{""selected_id"":""ko-0191"",""board_id"":""6e2134e1-4349-4f06-a5fb-997494c04512"",""challenge_id"":""""}"
8edd113e-aa60-4add-ad5e-7b54660dbe1a,2026-05-25T20:19:22.939Z,matching,matching-20260525201403482-a48479,ko-0306,correct,1445,korean,second,"{""selected_id"":""ko-0306"",""board_id"":""6e2134e1-4349-4f06-a5fb-997494c04512"",""challenge_id"":""""}"
ccdfd379-276f-43be-9f7b-26606849febd,2026-05-25T20:19:25.836Z,matching,matching-20260525201403482-a48479,ko-0365,correct,1358,korean,second,"{""selected_id"":""ko-0365"",""board_id"":""6e2134e1-4349-4f06-a5fb-997494c04512"",""challenge_id"":""""}"
16d5f27f-f9fe-476f-8ccb-3180a1cde99f,2026-05-25T20:19:36.038Z,matching,matching-20260525201403482-a48479,ko-0033,wrong,7164,korean,second,"{""selected_id"":""ko-0025"",""board_id"":""45bcb51d-68c4-4eb8-be81-39bf6d9b6e2c"",""challenge_id"":""""}"
52c7690a-0f35-4da0-b1d5-657db17b321a,2026-05-25T20:19:48.639Z,matching,matching-20260525201403482-a48479,ko-0191,wrong,5036,korean,second,"{""selected_id"":""ko-0466"",""board_id"":""45bcb51d-68c4-4eb8-be81-39bf6d9b6e2c"",""challenge_id"":""""}"
f6dacea1-4565-4134-9821-d08874a49cfa,2026-05-25T20:19:56.263Z,matching,matching-20260525201403482-a48479,ko-0087,correct,1925,korean,second,"{""selected_id"":""ko-0087"",""board_id"":""45bcb51d-68c4-4eb8-be81-39bf6d9b6e2c"",""challenge_id"":""""}"
324be9f6-a0dc-4926-bea5-e8e3cdd7e7a2,2026-05-25T20:19:58.807Z,matching,matching-20260525201403482-a48479,ko-0030,correct,364,korean,second,"{""selected_id"":""ko-0030"",""board_id"":""d40b7499-9a2e-4351-8bd4-7df532442141"",""challenge_id"":""""}"
765fc901-cd9d-4e17-a71a-c232be3e9877,2026-05-25T20:20:03.008Z,matching,matching-20260525201403482-a48479,ko-0466,correct,3440,korean,second,"{""selected_id"":""ko-0466"",""board_id"":""d40b7499-9a2e-4351-8bd4-7df532442141"",""challenge_id"":""""}"
2dc1d9a7-2484-49df-8508-ed8875004e10,2026-05-25T20:20:13.007Z,matching,matching-20260525201403482-a48479,ko-0025,wrong,9368,korean,second,"{""selected_id"":""ko-0070"",""board_id"":""d40b7499-9a2e-4351-8bd4-7df532442141"",""challenge_id"":""""}"
efd35514-bb66-49c5-a1d5-6ea3a4b34366,2026-05-25T20:20:19.853Z,matching,matching-20260525201403482-a48479,ko-0015,correct,4150,korean,second,"{""selected_id"":""ko-0015"",""board_id"":""4fa04e29-6788-4462-9a37-2c3a79f66a0e"",""challenge_id"":""""}"
efa738ee-41b8-44af-bc29-20a417ede7da,2026-05-25T20:20:28.165Z,matching,matching-20260525201403482-a48479,ko-0020,correct,7649,korean,second,"{""selected_id"":""ko-0020"",""board_id"":""4fa04e29-6788-4462-9a37-2c3a79f66a0e"",""challenge_id"":""""}"
08948056-df51-4e65-8094-8e05c532ca39,2026-05-25T20:20:33.119Z,matching,matching-20260525201403482-a48479,ko-0403,correct,2824,korean,second,"{""selected_id"":""ko-0403"",""board_id"":""4fa04e29-6788-4462-9a37-2c3a79f66a0e"",""challenge_id"":""""}"
7ab40497-04bd-42b5-b9f9-c6f3d50cf778,2026-05-25T20:20:35.850Z,matching,matching-20260525201403482-a48479,ko-0104,correct,333,korean,second,"{""selected_id"":""ko-0104"",""board_id"":""2a482ffc-c1cc-443f-9604-81f7413bab3e"",""challenge_id"":""""}"
6d4027a9-3863-4255-ba1d-95b4d8d78293,2026-05-25T20:20:46.272Z,matching,matching-20260525201403482-a48479,ko-0070,wrong,8398,korean,second,"{""selected_id"":""ko-0197"",""board_id"":""2a482ffc-c1cc-443f-9604-81f7413bab3e"",""challenge_id"":""""}"
ae146261-782f-4082-9a85-01ce2f920ecd,2026-05-25T20:20:55.329Z,matching,matching-20260525201403482-a48479,ko-0406,correct,2842,korean,second,"{""selected_id"":""ko-0406"",""board_id"":""2a482ffc-c1cc-443f-9604-81f7413bab3e"",""challenge_id"":""""}"
d839ba15-c0b7-49bc-90c4-dc7d5c3917cd,2026-05-25T20:20:57.642Z,matching,matching-20260525201403482-a48479,ko-0037,correct,369,korean,second,"{""selected_id"":""ko-0037"",""board_id"":""fae6bfa6-1e2b-43c9-8893-de50a9978ae9"",""challenge_id"":""""}"
3d75ae68-3893-4b1c-b8d3-e82296d61139,2026-05-25T20:21:01.245Z,matching,matching-20260525201403482-a48479,ko-0396,correct,1749,korean,second,"{""selected_id"":""ko-0396"",""board_id"":""fae6bfa6-1e2b-43c9-8893-de50a9978ae9"",""challenge_id"":""""}"
4fd29e0a-663d-4601-a2f3-a6aaae90a29f,2026-05-25T20:21:04.075Z,matching,matching-20260525201403482-a48479,ko-0046,correct,2131,korean,second,"{""selected_id"":""ko-0046"",""board_id"":""fae6bfa6-1e2b-43c9-8893-de50a9978ae9"",""challenge_id"":""""}"
5a494f3a-ccb9-4b23-9375-7958d8abfd19,2026-05-25T20:21:23.088Z,matching,matching-20260525201403482-a48479,ko-0197,correct,18384,korean,second,"{""selected_id"":""ko-0197"",""board_id"":""115d9833-6549-42d6-9c38-77c49de94d05"",""challenge_id"":""""}"
5f321bf2-3fa4-4552-b7ea-a2c199bb1f3e,2026-05-25T20:21:32.703Z,matching,matching-20260525201403482-a48479,ko-0076,correct,4910,korean,second,"{""selected_id"":""ko-0076"",""board_id"":""115d9833-6549-42d6-9c38-77c49de94d05"",""challenge_id"":""""}"
11db5cfe-c84c-4c35-bef1-32269a75bd02,2026-05-25T20:21:35.885Z,matching,matching-20260525201403482-a48479,ko-0143,correct,1344,korean,second,"{""selected_id"":""ko-0143"",""board_id"":""115d9833-6549-42d6-9c38-77c49de94d05"",""challenge_id"":""""}"
d3e81b5d-9125-4992-ab5d-69eb4bb74da2,2026-05-25T20:21:41.515Z,matching,matching-20260525201403482-a48479,ko-0183,correct,3241,korean,second,"{""selected_id"":""ko-0183"",""board_id"":""91045a9e-410b-4be9-950b-b521234a87c7"",""challenge_id"":""""}"
893ce13a-8f08-4427-ab72-cd6460ccc99f,2026-05-25T20:21:47.055Z,matching,matching-20260525201403482-a48479,ko-0377,wrong,3809,korean,second,"{""selected_id"":""ko-0374"",""board_id"":""91045a9e-410b-4be9-950b-b521234a87c7"",""challenge_id"":""""}"
eeadd666-6810-47b5-859d-df4e49cca4fe,2026-05-25T20:22:00.926Z,matching,matching-20260525201403482-a48479,ko-0311,correct,4958,korean,second,"{""selected_id"":""ko-0311"",""board_id"":""91045a9e-410b-4be9-950b-b521234a87c7"",""challenge_id"":""""}"
2522577a-82f8-492b-a100-d9947ec2e46e,2026-05-25T20:22:05.063Z,matching,matching-20260525201403482-a48479,ko-0196,correct,2153,korean,second,"{""selected_id"":""ko-0196"",""board_id"":""334ab3d7-f55d-436e-ace6-b136e4405351"",""challenge_id"":""""}"
506785fe-ec0f-44c5-8b70-99dc335209af,2026-05-25T20:22:14.563Z,matching,matching-20260525201403482-a48479,ko-0343,correct,6924,korean,second,"{""selected_id"":""ko-0343"",""board_id"":""334ab3d7-f55d-436e-ace6-b136e4405351"",""challenge_id"":""""}"
1e6c837e-739e-41b5-babf-fb0c5bb76c9a,2026-05-25T20:22:17.914Z,matching,matching-20260525201403482-a48479,ko-0353,wrong,713,korean,second,"{""selected_id"":""ko-0482"",""board_id"":""334ab3d7-f55d-436e-ace6-b136e4405351"",""challenge_id"":""""}"
98e3fe73-df68-4d04-bb1b-c0876bf3c2a4,2026-05-25T20:22:31.622Z,matching,matching-20260525201403482-a48479,ko-0374,correct,6810,korean,second,"{""selected_id"":""ko-0374"",""board_id"":""de7dc6f2-5106-4078-a0d6-05876671a98c"",""challenge_id"":""""}"
ee2b6ecd-9cb2-43b7-aa87-657a4864102b,2026-05-25T20:22:35.872Z,matching,matching-20260525201403482-a48479,ko-0230,wrong,2510,korean,second,"{""selected_id"":""ko-0126"",""board_id"":""de7dc6f2-5106-4078-a0d6-05876671a98c"",""challenge_id"":""""}"
56fece79-b49e-4e8d-b160-4ba6e0f3e4c7,2026-05-25T20:22:42.379Z,matching,matching-20260525201403482-a48479,ko-0050,correct,2089,korean,second,"{""selected_id"":""ko-0050"",""board_id"":""de7dc6f2-5106-4078-a0d6-05876671a98c"",""challenge_id"":""""}"
289c2747-f86f-440f-be80-171f7862a90a,2026-05-25T20:22:51.914Z,matching,matching-20260525201403482-a48479,ko-0482,wrong,7667,korean,second,"{""selected_id"":""ko-0310"",""board_id"":""4b38d3aa-7a00-489a-9490-b46564653101"",""challenge_id"":""""}"
3d8b9ff3-c58c-4ecc-8854-1ea2c63f7337,2026-05-25T20:23:03.094Z,matching,matching-20260525201403482-a48479,ko-0090,correct,4397,korean,second,"{""selected_id"":""ko-0090"",""board_id"":""4b38d3aa-7a00-489a-9490-b46564653101"",""challenge_id"":""""}"
b9067dbe-9523-4dbc-8a27-517570e64321,2026-05-25T20:23:06.255Z,matching,matching-20260525201403482-a48479,ko-0142,correct,283,korean,second,"{""selected_id"":""ko-0142"",""board_id"":""4b38d3aa-7a00-489a-9490-b46564653101"",""challenge_id"":""""}"
7e439332-685a-4f71-9b3d-4c088ac51570,2026-05-25T20:23:18.389Z,matching,matching-20260525201403482-a48479,ko-0126,wrong,8935,korean,second,"{""selected_id"":""ko-0206"",""board_id"":""7a815ef3-9c61-4e54-b327-19d6341a96f6"",""challenge_id"":""""}"
4dc04357-588b-4942-b671-e39d29fb3f97,2026-05-25T20:23:23.658Z,matching,matching-20260525201403482-a48479,ko-0172,correct,2317,korean,second,"{""selected_id"":""ko-0172"",""board_id"":""7a815ef3-9c61-4e54-b327-19d6341a96f6"",""challenge_id"":""""}"
6a988f97-f05c-4d37-81c7-20f774761911,2026-05-25T20:23:27.456Z,matching,matching-20260525201403482-a48479,ko-0159,correct,862,korean,second,"{""selected_id"":""ko-0159"",""board_id"":""7a815ef3-9c61-4e54-b327-19d6341a96f6"",""challenge_id"":""""}"
467ff40c-9adc-4dde-b75d-772a51839281,2026-05-25T20:23:28.978Z,matching,matching-20260525201403482-a48479,ko-0016,correct,843,korean,second,"{""selected_id"":""ko-0016"",""board_id"":""275e37e9-dbfd-4461-9c14-0e8f5ffbbaf8"",""challenge_id"":""""}"
330e8971-1a05-415a-b951-cf567b276baf,2026-05-25T20:23:34.713Z,matching,matching-20260525201403482-a48479,ko-0310,wrong,4876,korean,second,"{""selected_id"":""ko-0458"",""board_id"":""275e37e9-dbfd-4461-9c14-0e8f5ffbbaf8"",""challenge_id"":""""}"
81a6884b-9de8-48d8-99ad-40fa0d5aceb8,2026-05-25T20:23:40.293Z,matching,matching-20260525201403482-a48479,ko-0041,correct,320,korean,second,"{""selected_id"":""ko-0041"",""board_id"":""275e37e9-dbfd-4461-9c14-0e8f5ffbbaf8"",""challenge_id"":""""}"
70629126-ac17-4dd1-be4c-364d11b671f1,2026-05-25T20:24:07.844Z,matching,matching-20260525201403482-a48479,ko-0017,wrong,27257,sound,typed_korean,"{""selected_id"":""엄머니"",""board_id"":""5492aee5-bf0c-449d-9017-16bf98f6b274"",""challenge_id"":""ae0cf42b-8770-4365-8ec3-b3e60424a05f""}"
b58c0a7f-09ee-4e22-ac09-10d4869fab39,2026-05-25T20:24:24.396Z,matching,matching-20260525201403482-a48479,ko-0418,wrong,8104,translation,typed_korean,"{""selected_id"":""오다"",""board_id"":""5492aee5-bf0c-449d-9017-16bf98f6b274"",""challenge_id"":""ae0cf42b-8770-4365-8ec3-b3e60424a05f""}"
6b5b9850-b15b-4be2-9d9f-be25e964f7dc,2026-05-25T20:24:46.778Z,matching,matching-20260525201403482-a48479,ko-0291,wrong,15426,sound,typed_korean,"{""selected_id"":""빵"",""board_id"":""5492aee5-bf0c-449d-9017-16bf98f6b274"",""challenge_id"":""ae0cf42b-8770-4365-8ec3-b3e60424a05f""}"
98ac85bb-96f9-406c-a8c4-747eba50b924,2026-05-25T20:25:04.906Z,matching,matching-20260525201403482-a48479,ko-0022,correct,12139,sound,typed_korean,"{""selected_id"":""동생"",""board_id"":""5492aee5-bf0c-449d-9017-16bf98f6b274"",""challenge_id"":""ae0cf42b-8770-4365-8ec3-b3e60424a05f""}"
765a70ce-dca4-4ade-909e-adee023a7768,2026-05-25T20:25:28.061Z,matching,matching-20260525201403482-a48479,ko-0055,correct,22820,sound,typed_korean,"{""selected_id"":""감사합니다"",""board_id"":""5492aee5-bf0c-449d-9017-16bf98f6b274"",""challenge_id"":""ae0cf42b-8770-4365-8ec3-b3e60424a05f""}"
a2420666-4dca-4c79-b1ab-16c32761cd0e,2026-05-25T20:25:34.343Z,matching,matching-20260525201403482-a48479,ko-0458,correct,2641,korean,second,"{""selected_id"":""ko-0458"",""board_id"":""5492aee5-bf0c-449d-9017-16bf98f6b274"",""challenge_id"":""""}"
6fca9c03-6a19-48b8-b32b-7ae53a60de29,2026-05-25T20:25:39.840Z,matching,matching-20260525201403482-a48479,ko-0428,correct,4584,korean,second,"{""selected_id"":""ko-0428"",""board_id"":""5492aee5-bf0c-449d-9017-16bf98f6b274"",""challenge_id"":""""}"
1ac589d1-48ae-415f-97b6-c9617ffebf44,2026-05-25T20:25:43.668Z,matching,matching-20260525201403482-a48479,ko-0347,correct,1193,korean,second,"{""selected_id"":""ko-0347"",""board_id"":""5492aee5-bf0c-449d-9017-16bf98f6b274"",""challenge_id"":""""}"
6e69e6f8-4592-4141-8a46-c962b93b0cff,2026-05-25T20:25:47.213Z,matching,matching-20260525201403482-a48479,ko-0234,correct,1198,korean,second,"{""selected_id"":""ko-0234"",""board_id"":""33749f81-b652-4c65-87f4-fa27ceef5769"",""challenge_id"":""""}"
e2d7083f-c513-44fa-9dd8-18b470a43239,2026-05-25T20:25:51.507Z,matching,matching-20260525201403482-a48479,ko-0011,correct,1271,korean,second,"{""selected_id"":""ko-0011"",""board_id"":""33749f81-b652-4c65-87f4-fa27ceef5769"",""challenge_id"":""""}"
243c680b-8772-4290-9827-6635e6ac05bb,2026-05-25T20:26:02.339Z,matching,matching-20260525201403482-a48479,ko-0206,wrong,8172,korean,second,"{""selected_id"":""ko-0380"",""board_id"":""33749f81-b652-4c65-87f4-fa27ceef5769"",""challenge_id"":""""}"
5e229d04-dc95-49f1-a31e-43dd2fbd9942,2026-05-25T20:26:12.588Z,matching,matching-20260525201403482-a48479,ko-0312,correct,6633,korean,second,"{""selected_id"":""ko-0312"",""board_id"":""4e5fa1ea-1f5e-4ab5-b8aa-84ea36c662ed"",""challenge_id"":""""}"
e72f091c-3f97-4ccf-980a-4f662f6e7fab,2026-05-25T20:26:18.068Z,matching,matching-20260525201403482-a48479,ko-0417,correct,3287,korean,second,"{""selected_id"":""ko-0417"",""board_id"":""4e5fa1ea-1f5e-4ab5-b8aa-84ea36c662ed"",""challenge_id"":""""}"
84415fcc-52e7-434f-b276-a2abf6aa3c0a,2026-05-25T20:26:21.352Z,matching,matching-20260525201403482-a48479,ko-0013,correct,1386,korean,second,"{""selected_id"":""ko-0013"",""board_id"":""4e5fa1ea-1f5e-4ab5-b8aa-84ea36c662ed"",""challenge_id"":""""}"
5b219910-3f72-4a09-84bf-bee5f1513fab,2026-05-25T20:26:23.816Z,matching,matching-20260525201403482-a48479,ko-0380,correct,394,korean,second,"{""selected_id"":""ko-0380"",""board_id"":""293c0ca9-173d-4471-9e49-c59630b707b3"",""challenge_id"":""""}"
a0b82e12-bfc9-4f4c-a990-caaaa3ffc0a4,2026-05-25T20:26:30.308Z,matching,matching-20260525201403482-a48479,ko-0099,correct,5083,korean,group,"{""selected_id"":""ko-0099"",""board_id"":""293c0ca9-173d-4471-9e49-c59630b707b3"",""challenge_id"":""""}"
a0b2ca72-fa3c-4736-ac49-f4c67047e153,2026-05-25T20:26:36.254Z,matching,matching-20260525201403482-a48479,ko-0471,correct,4463,korean,group,"{""selected_id"":""ko-0471"",""board_id"":""293c0ca9-173d-4471-9e49-c59630b707b3"",""challenge_id"":""""}"
09b73245-4c77-4bf0-af99-8624579b9140,2026-05-25T20:26:42.319Z,matching,matching-20260525201403482-a48479,ko-0148,correct,4317,korean,group,"{""selected_id"":""ko-0148"",""board_id"":""2ad65355-b283-41a4-8278-7b5bc9c84f2b"",""challenge_id"":""""}"
ddcb8bdf-b787-444d-819b-58fe72ce6df5,2026-05-25T20:27:01.484Z,matching,matching-20260525201403482-a48479,ko-0489,wrong,18511,korean,group,"{""selected_id"":""ko-0487"",""board_id"":""2ad65355-b283-41a4-8278-7b5bc9c84f2b"",""challenge_id"":""""}"
b94608ad-9e7e-4d19-947b-7b3b77aadd00,2026-05-25T20:27:10.551Z,matching,matching-20260525201403482-a48479,ko-0049,correct,4802,korean,group,"{""selected_id"":""ko-0049"",""board_id"":""2ad65355-b283-41a4-8278-7b5bc9c84f2b"",""challenge_id"":""""}"
e47cd1f5-1630-4581-9dbc-c0665d0e7d38,2026-05-25T20:27:17.859Z,matching,matching-20260525201403482-a48479,ko-0062,correct,5138,korean,group,"{""selected_id"":""ko-0062"",""board_id"":""bc76355d-e845-44d0-af75-66e796075ec1"",""challenge_id"":""""}"
4094026e-e9e7-4226-8051-0daba03bbfbc,2026-05-25T20:27:27.139Z,matching,matching-20260525201403482-a48479,ko-0487,wrong,7111,korean,group,"{""selected_id"":""ko-0445"",""board_id"":""bc76355d-e845-44d0-af75-66e796075ec1"",""challenge_id"":""""}"
bcb82434-acb5-4882-af43-7db34e10717c,2026-05-25T20:27:35.443Z,matching,matching-20260525201403482-a48479,ko-0186,wrong,3801,korean,group,"{""selected_id"":""ko-0129"",""board_id"":""bc76355d-e845-44d0-af75-66e796075ec1"",""challenge_id"":""""}"
808e4cac-4433-4859-9096-978ca55b6692,2026-05-25T20:27:52.784Z,matching,matching-20260525201403482-a48479,ko-0129,correct,1771,korean,second,"{""selected_id"":""ko-0129"",""board_id"":""ecb959f5-2023-468e-a34f-0b8d2f0f9423"",""challenge_id"":""""}"
b1a7b10f-598f-4431-bd1f-aef19d4b1fd6,2026-05-25T20:27:58.558Z,matching,matching-20260525201403482-a48479,ko-0440,correct,4974,korean,second,"{""selected_id"":""ko-0440"",""board_id"":""ecb959f5-2023-468e-a34f-0b8d2f0f9423"",""challenge_id"":""""}"
fab7fa40-bb14-4104-829a-e32391457476,2026-05-25T20:28:02.898Z,matching,matching-20260525201403482-a48479,ko-0170,correct,1693,korean,second,"{""selected_id"":""ko-0170"",""board_id"":""ecb959f5-2023-468e-a34f-0b8d2f0f9423"",""challenge_id"":""""}"
b68f7132-1f73-43a8-b010-73a62226c559,2026-05-25T20:28:07.048Z,matching,matching-20260525201403482-a48479,ko-0010,correct,3080,korean,second,"{""selected_id"":""ko-0010"",""board_id"":""676736c3-0c5a-4d1a-a953-9c2eab0f27a3"",""challenge_id"":""""}"
2dfb118c-84a6-4d70-a470-81653c10ce52,2026-05-25T20:28:13.560Z,matching,matching-20260525201403482-a48479,ko-0445,correct,4565,korean,second,"{""selected_id"":""ko-0445"",""board_id"":""676736c3-0c5a-4d1a-a953-9c2eab0f27a3"",""challenge_id"":""""}"
d2272145-074a-473a-9959-d45efe501ef6,2026-05-25T20:28:18.076Z,matching,matching-20260525201403482-a48479,ko-0384,correct,2564,korean,second,"{""selected_id"":""ko-0384"",""board_id"":""676736c3-0c5a-4d1a-a953-9c2eab0f27a3"",""challenge_id"":""""}"
ef0241a1-69d3-455b-973a-0801701fc3fb,2026-05-25T20:28:22.647Z,matching,matching-20260525201403482-a48479,ko-0469,correct,2463,korean,second,"{""selected_id"":""ko-0469"",""board_id"":""66fe5779-54d4-4cd8-96ac-6553bb504388"",""challenge_id"":""""}"
fe874628-bf44-4f8f-b862-a2562f2feb5b,2026-05-25T20:28:31.034Z,matching,matching-20260525201403482-a48479,ko-0297,wrong,6123,korean,second,"{""selected_id"":""ko-0114"",""board_id"":""66fe5779-54d4-4cd8-96ac-6553bb504388"",""challenge_id"":""""}"
2bbac351-0a91-4aaa-bb25-54d453e1d716,2026-05-25T20:28:40.489Z,matching,matching-20260525201403482-a48479,ko-0097,correct,4143,korean,second,"{""selected_id"":""ko-0097"",""board_id"":""66fe5779-54d4-4cd8-96ac-6553bb504388"",""challenge_id"":""""}"
f4a51205-ac29-4686-a6ff-23e2bd1f01cc,2026-05-25T20:28:45.146Z,matching,matching-20260525201403482-a48479,ko-0094,correct,2050,korean,second,"{""selected_id"":""ko-0094"",""board_id"":""eecfe317-5c5c-4676-bf32-c3ef9137e250"",""challenge_id"":""""}"
0c0416d7-99b1-4624-8ba9-5675c688af92,2026-05-25T20:29:09.243Z,matching,matching-20260525201403482-a48479,ko-0426,wrong,23817,translation,typed_korean,"{""selected_id"":""더다"",""board_id"":""eecfe317-5c5c-4676-bf32-c3ef9137e250"",""challenge_id"":""d464b64d-be3d-4f3f-b25d-c8c63eda754d""}"
5c8d99c9-0892-4bf8-ad79-05f471e7b936,2026-05-25T20:29:44.407Z,matching,matching-20260525201403482-a48479,ko-0395,wrong,25260,translation,typed_korean,"{""selected_id"":""눈믈하다"",""board_id"":""eecfe317-5c5c-4676-bf32-c3ef9137e250"",""challenge_id"":""d464b64d-be3d-4f3f-b25d-c8c63eda754d""}"
56742a9b-22ca-4548-a3b1-f98ab2711634,2026-05-25T20:30:04.962Z,matching,matching-20260525201403482-a48479,ko-0167,wrong,14047,sound,typed_korean,"{""selected_id"":""퍼더"",""board_id"":""eecfe317-5c5c-4676-bf32-c3ef9137e250"",""challenge_id"":""d464b64d-be3d-4f3f-b25d-c8c63eda754d""}"
2a862406-8d6d-4e10-aee2-f63376269dcd,2026-05-25T20:30:35.991Z,matching,matching-20260525201403482-a48479,ko-0474,wrong,3342,korean,second,"{""selected_id"":""ko-0464"",""board_id"":""eecfe317-5c5c-4676-bf32-c3ef9137e250"",""challenge_id"":""""}"
dbaed354-b913-4bfc-b823-9d8b86431301,2026-05-25T20:30:47.010Z,matching,matching-20260525201403482-a48479,ko-0464,correct,3285,korean,second,"{""selected_id"":""ko-0464"",""board_id"":""eecfe317-5c5c-4676-bf32-c3ef9137e250"",""challenge_id"":""""}"
5d5d2b61-3017-404d-a895-083100d2d1cd,2026-05-25T20:30:50.994Z,matching,matching-20260525201403482-a48479,ko-0024,correct,1528,korean,second,"{""selected_id"":""ko-0024"",""board_id"":""1766c24b-07bb-45ee-a18c-874b711048df"",""challenge_id"":""""}"
e0acd886-9ce3-4102-a960-fc04a713e5c2,2026-05-25T20:30:53.880Z,matching,matching-20260525201403482-a48479,ko-0270,correct,2228,korean,second,"{""selected_id"":""ko-0270"",""board_id"":""1766c24b-07bb-45ee-a18c-874b711048df"",""challenge_id"":""""}"
c0dcb156-90fc-4bea-a9df-b2dbd0f28ed2,2026-05-25T20:30:59.243Z,matching,matching-20260525201403482-a48479,ko-0114,correct,2335,korean,second,"{""selected_id"":""ko-0114"",""board_id"":""1766c24b-07bb-45ee-a18c-874b711048df"",""challenge_id"":""""}"
7f6d333f-3907-4453-a900-cecc318cc812,2026-05-25T20:31:08.346Z,matching,matching-20260525201403482-a48479,ko-0164,correct,7034,korean,second,"{""selected_id"":""ko-0164"",""board_id"":""e93daddc-93cf-4f26-a24f-c2224808f152"",""challenge_id"":""""}"
a12cfd23-5ca7-4322-9783-c7fe29e89c52,2026-05-25T20:31:13.783Z,matching,matching-20260525201403482-a48479,ko-0089,correct,2577,korean,second,"{""selected_id"":""ko-0089"",""board_id"":""e93daddc-93cf-4f26-a24f-c2224808f152"",""challenge_id"":""""}"
e1e6af02-b689-4903-a120-7f458636c8ed,2026-05-25T20:31:18.466Z,matching,matching-20260525201403482-a48479,ko-0199,correct,2577,korean,second,"{""selected_id"":""ko-0199"",""board_id"":""e93daddc-93cf-4f26-a24f-c2224808f152"",""challenge_id"":""""}"
d1263515-5b42-4783-b418-f2d688a1a55a,2026-05-25T20:31:22.481Z,matching,matching-20260525201403482-a48479,ko-0423,correct,1240,korean,second,"{""selected_id"":""ko-0423"",""board_id"":""bcbd3a45-e144-4f6a-bcb8-59272bb67ab0"",""challenge_id"":""""}"
fed88586-cfa7-4c43-ba85-32b97f043974,2026-05-25T20:31:28.601Z,matching,matching-20260525201403482-a48479,ko-0312,correct,3885,korean,second,"{""selected_id"":""ko-0312"",""board_id"":""bcbd3a45-e144-4f6a-bcb8-59272bb67ab0"",""challenge_id"":""""}"
b0e6fea2-1428-43fe-bd49-6c1f10dac67d,2026-05-25T20:31:36.225Z,matching,matching-20260525201403482-a48479,ko-0482,wrong,5145,korean,second,"{""selected_id"":""ko-0405"",""board_id"":""bcbd3a45-e144-4f6a-bcb8-59272bb67ab0"",""challenge_id"":""""}"
22cc4917-f39f-4dba-8aa8-6c97e3f2216c,2026-05-25T20:31:41.446Z,matching,matching-20260525201403482-a48479,ko-0059,correct,2330,korean,second,"{""selected_id"":""ko-0059"",""board_id"":""0b5d8887-6e8c-4324-a73b-775d7bec5719"",""challenge_id"":""""}"
5380361e-b6fa-405a-b165-db1b58491c5d,2026-05-25T20:31:47.141Z,matching,matching-20260525201403482-a48479,ko-0342,correct,3819,second,korean,"{""selected_id"":""ko-0342"",""board_id"":""0b5d8887-6e8c-4324-a73b-775d7bec5719"",""challenge_id"":""""}"
b4fedbfb-2b04-4622-8513-c35b655d4981,2026-05-25T20:31:49.108Z,matching,matching-20260525201403482-a48479,ko-0378,correct,376,second,korean,"{""selected_id"":""ko-0378"",""board_id"":""0b5d8887-6e8c-4324-a73b-775d7bec5719"",""challenge_id"":""""}"
0b8f7aaf-fc11-4ae4-b93c-64a9dc760cba,2026-05-25T20:31:51.431Z,matching,matching-20260525201403482-a48479,ko-0405,correct,687,second,korean,"{""selected_id"":""ko-0405"",""board_id"":""db938c59-7e64-4dee-8a8c-0ef98f17f123"",""challenge_id"":""""}"
669ea3a7-71dc-4f7a-9eea-4ac27289af6b,2026-05-25T20:31:54.097Z,matching,matching-20260525201403482-a48479,ko-0061,correct,656,second,korean,"{""selected_id"":""ko-0061"",""board_id"":""db938c59-7e64-4dee-8a8c-0ef98f17f123"",""challenge_id"":""""}"
b440da51-c356-4ce6-975d-ee9c856dfba7,2026-05-25T20:31:58.157Z,matching,matching-20260525201403482-a48479,ko-0465,correct,2214,second,korean,"{""selected_id"":""ko-0465"",""board_id"":""db938c59-7e64-4dee-8a8c-0ef98f17f123"",""challenge_id"":""""}"
56281905-5b69-4d04-95a4-4a733ecf40a5,2026-05-25T20:32:02.708Z,matching,matching-20260525201403482-a48479,ko-0220,correct,1895,second,korean,"{""selected_id"":""ko-0220"",""board_id"":""daf3db48-0419-4dd5-934d-09ace48cf218"",""challenge_id"":""""}"
30c620c4-03fc-43c9-bc76-7ba301a549f1,2026-05-25T20:32:05.049Z,matching,matching-20260525201403482-a48479,ko-0431,correct,683,second,korean,"{""selected_id"":""ko-0431"",""board_id"":""daf3db48-0419-4dd5-934d-09ace48cf218"",""challenge_id"":""""}"
c566044a-925d-4cdd-a6c4-6a3038948d99,2026-05-25T20:32:12.650Z,matching,matching-20260525201403482-a48479,ko-0106,correct,4602,second,korean,"{""selected_id"":""ko-0106"",""board_id"":""daf3db48-0419-4dd5-934d-09ace48cf218"",""challenge_id"":""""}"
012fcddb-0638-405b-8516-0bdddf790673,2026-05-25T20:32:15.052Z,matching,matching-20260525201403482-a48479,ko-0052,correct,352,korean,second,"{""selected_id"":""ko-0052"",""board_id"":""dd396da1-3373-4144-9f06-d01b79483e60"",""challenge_id"":""""}"
024a798a-3677-460a-a11a-ef000ab233fd,2026-05-25T20:32:26.053Z,matching,matching-20260525201403482-a48479,ko-0439,correct,10116,korean,second,"{""selected_id"":""ko-0439"",""board_id"":""dd396da1-3373-4144-9f06-d01b79483e60"",""challenge_id"":""""}"
0ac91a1e-7bf6-4f33-aa46-219e0faa1d6f,2026-05-25T20:32:34.869Z,matching,matching-20260525201403482-a48479,ko-0098,wrong,7847,korean,second,"{""selected_id"":""ko-0478"",""board_id"":""dd396da1-3373-4144-9f06-d01b79483e60"",""challenge_id"":""""}"
da09a8d6-2808-4833-96f6-4acddb8195f3,2026-05-25T20:32:43.827Z,matching,matching-20260525201403482-a48479,ko-0441,correct,2792,korean,second,"{""selected_id"":""ko-0441"",""board_id"":""a664035f-ccd2-4e72-b620-13be27681a81"",""challenge_id"":""""}"
73d61c6e-7a08-45b1-b667-050df06c55cd,2026-05-25T20:32:46.903Z,matching,matching-20260525201403482-a48479,ko-0478,correct,2141,korean,second,"{""selected_id"":""ko-0478"",""board_id"":""a664035f-ccd2-4e72-b620-13be27681a81"",""challenge_id"":""""}"
1ecf69de-9be0-4568-a54e-b90d53350e42,2026-05-25T20:32:51.157Z,matching,matching-20260525201403482-a48479,ko-0323,correct,1646,korean,second,"{""selected_id"":""ko-0323"",""board_id"":""a664035f-ccd2-4e72-b620-13be27681a81"",""challenge_id"":""""}"
adefbcbe-e998-4984-86fd-3ec7096c17cd,2026-05-25T20:32:59.090Z,matching,matching-20260525201403482-a48479,ko-0071,correct,5714,korean,second,"{""selected_id"":""ko-0071"",""board_id"":""40c03ac6-856a-43a2-ba5c-028073175082"",""challenge_id"":""""}"
8bd539cd-b326-4f97-9a68-7d0570abc86b,2026-05-25T20:33:06.784Z,matching,matching-20260525201403482-a48479,ko-0299,wrong,5880,korean,second,"{""selected_id"":""ko-0324"",""board_id"":""40c03ac6-856a-43a2-ba5c-028073175082"",""challenge_id"":""""}"
bb9d978b-3b84-4538-b3ed-d51f0bc5b6cd,2026-05-25T20:33:13.718Z,matching,matching-20260525201403482-a48479,ko-0326,correct,1238,korean,second,"{""selected_id"":""ko-0326"",""board_id"":""40c03ac6-856a-43a2-ba5c-028073175082"",""challenge_id"":""""}"
7d58e42e-563f-499d-b5f6-60a07a3dc471,2026-05-25T20:33:20.610Z,matching,matching-20260525201403482-a48479,ko-0147,correct,4964,korean,second,"{""selected_id"":""ko-0147"",""board_id"":""781ba9bd-9d7b-4dd2-8b08-b656a94fe62a"",""challenge_id"":""""}"
f56d973b-7f26-4b8c-b2e4-01386a0b251e,2026-05-25T20:33:27.654Z,matching,matching-20260525201403482-a48479,ko-0485,correct,3708,sound,korean,"{""selected_id"":""ko-0485"",""board_id"":""781ba9bd-9d7b-4dd2-8b08-b656a94fe62a"",""challenge_id"":""1ab729bd-cdfa-4f33-88fc-42cc307d353d""}"
090906f2-24cd-4139-8ce1-a65ee81cb501,2026-05-25T20:33:31.880Z,matching,matching-20260525201403482-a48479,ko-0392,correct,3365,sound,korean,"{""selected_id"":""ko-0392"",""board_id"":""781ba9bd-9d7b-4dd2-8b08-b656a94fe62a"",""challenge_id"":""1ab729bd-cdfa-4f33-88fc-42cc307d353d""}"
0aa03004-06d1-462e-9dee-610efe0b5cdd,2026-05-25T20:33:36.878Z,matching,matching-20260525201403482-a48479,ko-0062,correct,2785,sound,korean,"{""selected_id"":""ko-0062"",""board_id"":""e7b98282-d7fc-4311-91fd-5c9a614f1a5a"",""challenge_id"":""1ab729bd-cdfa-4f33-88fc-42cc307d353d""}"
966bd33b-f82b-477f-92d9-823eb286dd4b,2026-05-25T20:33:47.235Z,matching,matching-20260525201403482-a48479,ko-0324,correct,7997,sound,korean,"{""selected_id"":""ko-0324"",""board_id"":""e7b98282-d7fc-4311-91fd-5c9a614f1a5a"",""challenge_id"":""1ab729bd-cdfa-4f33-88fc-42cc307d353d""}"
9f794955-95ea-40a4-b8c6-407d2c630075,2026-05-25T20:33:53.604Z,matching,matching-20260525201403482-a48479,ko-0248,correct,3958,sound,korean,"{""selected_id"":""ko-0248"",""board_id"":""e7b98282-d7fc-4311-91fd-5c9a614f1a5a"",""challenge_id"":""1ab729bd-cdfa-4f33-88fc-42cc307d353d""}"
c9e7ffd9-7806-48fe-b644-c12349444cf1,2026-05-25T20:34:03.142Z,matching,matching-20260525201403482-a48479,ko-0272,correct,7030,sound,korean,"{""selected_id"":""ko-0272"",""board_id"":""93f837fc-b82b-4f1f-811a-fc63dcec7455"",""challenge_id"":""1ab729bd-cdfa-4f33-88fc-42cc307d353d""}"
87a25f1c-001d-483a-80f1-12caf1a696a1,2026-05-25T20:34:06.857Z,matching,matching-20260525201403482-a48479,ko-0357,correct,2938,sound,korean,"{""selected_id"":""ko-0357"",""board_id"":""93f837fc-b82b-4f1f-811a-fc63dcec7455"",""challenge_id"":""1ab729bd-cdfa-4f33-88fc-42cc307d353d""}"
4b9993aa-450e-4874-a3ad-110e029b646b,2026-05-25T20:34:10.895Z,matching,matching-20260525201403482-a48479,ko-0155,correct,1843,korean,second,"{""selected_id"":""ko-0155"",""board_id"":""93f837fc-b82b-4f1f-811a-fc63dcec7455"",""challenge_id"":""""}"
911128ea-8faa-4680-b757-2511aeaccefd,2026-05-25T20:34:16.520Z,matching,matching-20260525201403482-a48479,ko-0032,correct,3205,korean,second,"{""selected_id"":""ko-0032"",""board_id"":""7c0c53f2-f799-4287-bc22-a41bc3c987f0"",""challenge_id"":""""}"
73ec8810-e868-4f0a-9b34-865142bb3643,2026-05-25T20:34:23.533Z,matching,matching-20260525201403482-a48479,ko-0413,correct,4922,korean,second,"{""selected_id"":""ko-0413"",""board_id"":""7c0c53f2-f799-4287-bc22-a41bc3c987f0"",""challenge_id"":""""}"
38408511-7eb2-48ea-b47c-b2b49af407f8,2026-05-25T20:34:27.867Z,matching,matching-20260525201403482-a48479,ko-0327,correct,2853,korean,second,"{""selected_id"":""ko-0327"",""board_id"":""7c0c53f2-f799-4287-bc22-a41bc3c987f0"",""challenge_id"":""""}"
422b3057-9e10-43a1-9b03-69aaaeee5df1,2026-05-27T05:08:44.792Z,matching,matching-20260527050813969-96eed1,ko-0090,correct,11352,korean,second,"{""selected_id"":""ko-0090"",""board_id"":""e570fb1c-1870-4c7b-8595-bf1633b814e0"",""challenge_id"":""""}"
2337d2c9-3f08-428c-8df9-034c77ed7bbc,2026-05-27T05:08:56.726Z,matching,matching-20260527050813969-96eed1,ko-0207,wrong,10023,korean,second,"{""selected_id"":""ko-0388"",""board_id"":""e570fb1c-1870-4c7b-8595-bf1633b814e0"",""challenge_id"":""""}"
7960ea9e-eb88-40c7-ab0b-44183cfed7da,2026-05-27T05:09:04.502Z,matching,matching-20260527050813969-96eed1,ko-0135,correct,1543,korean,second,"{""selected_id"":""ko-0135"",""board_id"":""e570fb1c-1870-4c7b-8595-bf1633b814e0"",""challenge_id"":""""}"
e9f68729-7b38-4e5e-8215-38a4d8fb1838,2026-05-27T05:09:09.132Z,matching,matching-20260527050813969-96eed1,ko-0183,correct,2936,korean,second,"{""selected_id"":""ko-0183"",""board_id"":""0707060e-aa11-47b3-a00e-fca2e3cf7f91"",""challenge_id"":""""}"
73b22af4-b6a3-4e69-915d-2fcbf7782036,2026-05-27T05:09:12.087Z,matching,matching-20260527050813969-96eed1,ko-0227,correct,1283,korean,second,"{""selected_id"":""ko-0227"",""board_id"":""0707060e-aa11-47b3-a00e-fca2e3cf7f91"",""challenge_id"":""""}"
a678dcf2-f2ab-412b-a655-b24d6e1abe18,2026-05-27T05:09:16.240Z,matching,matching-20260527050813969-96eed1,ko-0128,correct,1672,korean,second,"{""selected_id"":""ko-0128"",""board_id"":""0707060e-aa11-47b3-a00e-fca2e3cf7f91"",""challenge_id"":""""}"
e0a11b76-99ca-4921-9e9e-aad80c16ea4f,2026-05-27T05:09:26.644Z,matching,matching-20260527050813969-96eed1,ko-0388,correct,8536,korean,second,"{""selected_id"":""ko-0388"",""board_id"":""f951f449-475b-46e7-bae4-5eabbe5b7a32"",""challenge_id"":""""}"
c9835b5d-cc6b-4127-9bf3-b3da2ad10d49,2026-05-27T05:09:37.803Z,matching,matching-20260527050813969-96eed1,ko-0187,correct,3736,korean,second,"{""selected_id"":""ko-0187"",""board_id"":""f951f449-475b-46e7-bae4-5eabbe5b7a32"",""challenge_id"":""""}"
98c9229b-ca82-4940-9582-6261b915f4cd,2026-05-27T05:09:43.131Z,matching,matching-20260527050813969-96eed1,ko-0174,correct,3382,korean,second,"{""selected_id"":""ko-0174"",""board_id"":""f951f449-475b-46e7-bae4-5eabbe5b7a32"",""challenge_id"":""""}"
243c70a9-57c0-4ee8-a719-20c792219441,2026-05-27T05:09:50.098Z,matching,matching-20260527050813969-96eed1,ko-0461,correct,4562,korean,second,"{""selected_id"":""ko-0461"",""board_id"":""917fa175-cc59-409d-bfb0-593154fbe7ce"",""challenge_id"":""""}"
7c874c8f-af4e-4993-8fb0-96ca5bc74670,2026-05-27T05:09:59.495Z,matching,matching-20260527050813969-96eed1,ko-0248,correct,7586,korean,second,"{""selected_id"":""ko-0248"",""board_id"":""917fa175-cc59-409d-bfb0-593154fbe7ce"",""challenge_id"":""""}"
29de4912-c145-4938-96b0-3a79e689514e,2026-05-27T05:10:04.372Z,matching,matching-20260527050813969-96eed1,ko-0424,correct,2314,korean,second,"{""selected_id"":""ko-0424"",""board_id"":""917fa175-cc59-409d-bfb0-593154fbe7ce"",""challenge_id"":""""}"
c011ed3c-57aa-403d-955b-75023d5733d5,2026-05-27T05:10:08.834Z,matching,matching-20260527050813969-96eed1,ko-0016,correct,1936,korean,second,"{""selected_id"":""ko-0016"",""board_id"":""6fc8d3c3-350e-493b-9de4-32dce36502c5"",""challenge_id"":""""}"
dc4fbb55-3b88-46d2-abf3-f656e56cb924,2026-05-27T05:10:15.411Z,matching,matching-20260527050813969-96eed1,ko-0020,correct,5969,korean,second,"{""selected_id"":""ko-0020"",""board_id"":""6fc8d3c3-350e-493b-9de4-32dce36502c5"",""challenge_id"":""""}"
7c53b8dd-362c-4fce-ab02-f1333fad2eb6,2026-05-27T05:10:26.063Z,matching,matching-20260527050813969-96eed1,ko-0209,correct,8580,korean,second,"{""selected_id"":""ko-0209"",""board_id"":""6fc8d3c3-350e-493b-9de4-32dce36502c5"",""challenge_id"":""""}"
4cddd4b9-aee4-421b-ad6d-df69f689d2b6,2026-05-27T05:10:29.744Z,matching,matching-20260527050813969-96eed1,ko-0147,correct,1549,korean,second,"{""selected_id"":""ko-0147"",""board_id"":""d6b840e5-1444-464b-9c10-9af7586cf4c2"",""challenge_id"":""""}"
1d9a2ed4-45b4-49dd-8be8-a43ea5c0b7d8,2026-05-27T05:10:35.350Z,matching,matching-20260527050813969-96eed1,ko-0394,wrong,3686,korean,second,"{""selected_id"":""ko-0309"",""board_id"":""d6b840e5-1444-464b-9c10-9af7586cf4c2"",""challenge_id"":""""}"
68da0a95-3887-4109-bab2-e29be765934a,2026-05-27T05:10:43.137Z,matching,matching-20260527050813969-96eed1,ko-0111,correct,1502,korean,second,"{""selected_id"":""ko-0111"",""board_id"":""d6b840e5-1444-464b-9c10-9af7586cf4c2"",""challenge_id"":""""}"
989bf58a-cd50-4501-94f8-9279cc240e2e,2026-05-27T05:10:47.139Z,matching,matching-20260527050813969-96eed1,ko-0423,correct,2546,korean,second,"{""selected_id"":""ko-0423"",""board_id"":""675840d6-0507-41a4-bd8c-ba565e0ab60c"",""challenge_id"":""""}"
afd8a9d1-4bf3-4178-98f1-81a073f83a23,2026-05-27T05:10:54.394Z,matching,matching-20260527050813969-96eed1,ko-0311,wrong,5509,korean,second,"{""selected_id"":""ko-0443"",""board_id"":""675840d6-0507-41a4-bd8c-ba565e0ab60c"",""challenge_id"":""""}"
2b349b41-98c8-4d74-a0f2-df44bfb69efa,2026-05-27T05:11:05.905Z,matching,matching-20260527050813969-96eed1,ko-0309,correct,5803,korean,second,"{""selected_id"":""ko-0309"",""board_id"":""675840d6-0507-41a4-bd8c-ba565e0ab60c"",""challenge_id"":""""}"
b73efd5a-a6db-487f-a59f-8dd97bc938d7,2026-05-27T05:11:09.466Z,matching,matching-20260527050813969-96eed1,ko-0188,correct,1437,korean,second,"{""selected_id"":""ko-0188"",""board_id"":""e8ffd086-7b38-4d03-9a3b-616a7ebd628d"",""challenge_id"":""""}"
33ba2b48-06fe-4412-b1c7-e0408f11326e,2026-05-27T05:11:14.497Z,matching,matching-20260527050813969-96eed1,ko-0443,wrong,2376,korean,second,"{""selected_id"":""ko-0402"",""board_id"":""e8ffd086-7b38-4d03-9a3b-616a7ebd628d"",""challenge_id"":""""}"
a2d983ef-fb7b-470a-b915-31b62a58ab0f,2026-05-27T05:11:22.942Z,matching,matching-20260527050813969-96eed1,ko-0165,correct,3676,korean,second,"{""selected_id"":""ko-0165"",""board_id"":""e8ffd086-7b38-4d03-9a3b-616a7ebd628d"",""challenge_id"":""""}"
b85ef82c-edfc-4c9b-afb9-59f7b0ffdc11,2026-05-27T05:11:27.716Z,matching,matching-20260527050813969-96eed1,ko-0198,correct,2185,korean,second,"{""selected_id"":""ko-0198"",""board_id"":""a88c2576-6cab-4708-a5fc-20ccb7418627"",""challenge_id"":""""}"
21851774-e0b5-40bc-ae19-49b47cbf970b,2026-05-27T05:11:30.634Z,matching,matching-20260527050813969-96eed1,ko-0402,correct,1997,korean,second,"{""selected_id"":""ko-0402"",""board_id"":""a88c2576-6cab-4708-a5fc-20ccb7418627"",""challenge_id"":""""}"
590b1efb-016f-465a-8ffb-6a1bcc178a5d,2026-05-27T05:11:34.131Z,matching,matching-20260527050813969-96eed1,ko-0163,correct,1158,korean,second,"{""selected_id"":""ko-0163"",""board_id"":""a88c2576-6cab-4708-a5fc-20ccb7418627"",""challenge_id"":""""}"
bbf04a95-9b34-4de2-89cb-fb40d7833e5b,2026-05-27T05:11:42.071Z,matching,matching-20260527050813969-96eed1,ko-0295,correct,7130,korean,second,"{""selected_id"":""ko-0295"",""board_id"":""31a791fb-4d8a-4eca-81a6-bbdad93c30ce"",""challenge_id"":""""}"
78e6fc2d-b3c5-4002-8071-630bf44c4339,2026-05-27T05:11:48.134Z,matching,matching-20260527050813969-96eed1,ko-0067,correct,3538,korean,second,"{""selected_id"":""ko-0067"",""board_id"":""31a791fb-4d8a-4eca-81a6-bbdad93c30ce"",""challenge_id"":""""}"
eae35bff-ca0a-4361-bedc-69192a4b73fe,2026-05-27T05:11:51.982Z,matching,matching-20260527050813969-96eed1,ko-0283,correct,780,korean,second,"{""selected_id"":""ko-0283"",""board_id"":""31a791fb-4d8a-4eca-81a6-bbdad93c30ce"",""challenge_id"":""""}"
341ed42a-26ca-4477-8ea0-086b768d5018,2026-05-27T05:11:53.417Z,matching,matching-20260527050813969-96eed1,ko-0380,correct,619,second,korean,"{""selected_id"":""ko-0380"",""board_id"":""8110ca9e-02f9-4848-a065-9f034696cf2c"",""challenge_id"":""""}"
13465e97-204f-44cf-893b-de64a0722aff,2026-05-27T05:11:55.410Z,matching,matching-20260527050813969-96eed1,ko-0038,correct,775,second,korean,"{""selected_id"":""ko-0038"",""board_id"":""8110ca9e-02f9-4848-a065-9f034696cf2c"",""challenge_id"":""""}"
1eff7b7f-584d-4c8c-9ebd-43ad09d56b5a,2026-05-27T05:12:00.419Z,matching,matching-20260527050813969-96eed1,ko-0205,correct,531,second,korean,"{""selected_id"":""ko-0205"",""board_id"":""8110ca9e-02f9-4848-a065-9f034696cf2c"",""challenge_id"":""""}"
eed07d12-a1ae-4476-b907-8f5e110fb94f,2026-05-27T05:12:08.736Z,matching,matching-20260527050813969-96eed1,ko-0170,correct,6181,second,korean,"{""selected_id"":""ko-0170"",""board_id"":""07e49998-3757-4360-a258-cfe5f4b89ebd"",""challenge_id"":""""}"
ea562401-b22b-4cbf-810a-5ac75fa166aa,2026-05-27T05:12:11.101Z,matching,matching-20260527050813969-96eed1,ko-0391,correct,640,second,korean,"{""selected_id"":""ko-0391"",""board_id"":""07e49998-3757-4360-a258-cfe5f4b89ebd"",""challenge_id"":""""}"
5c3ae16e-cdb4-4461-89c4-e0aa0defa750,2026-05-27T05:12:12.842Z,matching,matching-20260527050813969-96eed1,ko-0031,correct,798,second,korean,"{""selected_id"":""ko-0031"",""board_id"":""07e49998-3757-4360-a258-cfe5f4b89ebd"",""challenge_id"":""""}"
175765d9-241a-4bab-8370-04326d3b6ec1,2026-05-27T05:12:14.589Z,matching,matching-20260527050813969-96eed1,ko-0104,correct,628,second,korean,"{""selected_id"":""ko-0104"",""board_id"":""ca7cb257-794a-469b-b6f0-475fd6e69ba3"",""challenge_id"":""""}"
1c49dc3d-48b7-4fe2-881a-2383d5a4a64b,2026-05-27T05:12:16.702Z,matching,matching-20260527050813969-96eed1,ko-0307,correct,529,second,korean,"{""selected_id"":""ko-0307"",""board_id"":""ca7cb257-794a-469b-b6f0-475fd6e69ba3"",""challenge_id"":""""}"
f58c1dfe-2468-4e9f-8f2e-3e13987f5a8c,2026-05-27T05:12:20.423Z,matching,matching-20260527050813969-96eed1,ko-0207,correct,1032,korean,second,"{""selected_id"":""ko-0207"",""board_id"":""ca7cb257-794a-469b-b6f0-475fd6e69ba3"",""challenge_id"":""""}"
d8b1fc48-992b-43ad-b5d5-753d75cfff47,2026-05-27T05:12:22.954Z,matching,matching-20260527050813969-96eed1,ko-0323,correct,831,korean,second,"{""selected_id"":""ko-0323"",""board_id"":""8a03670f-2127-42de-a5ae-e998d13d4a97"",""challenge_id"":""""}"
d965245a-6b24-46ff-831d-5034b1e44c5b,2026-05-27T05:12:26.093Z,matching,matching-20260527050813969-96eed1,ko-0217,correct,932,korean,second,"{""selected_id"":""ko-0217"",""board_id"":""8a03670f-2127-42de-a5ae-e998d13d4a97"",""challenge_id"":""""}"
516bea70-58d3-4e02-8831-6230f6bb6f79,2026-05-27T05:12:29.197Z,matching,matching-20260527050813969-96eed1,ko-0135,correct,2349,korean,second,"{""selected_id"":""ko-0135"",""board_id"":""8a03670f-2127-42de-a5ae-e998d13d4a97"",""challenge_id"":""""}"
60d57d4c-ef34-4c55-b9f9-31b567d48a6e,2026-05-27T05:12:30.703Z,matching,matching-20260527050813969-96eed1,ko-0227,correct,422,korean,second,"{""selected_id"":""ko-0227"",""board_id"":""c6e5b0a0-4f95-4109-9869-f04378aa5a36"",""challenge_id"":""""}"
e5d326c7-55ef-4465-b58f-f0ee0f98893c,2026-05-27T05:12:33.516Z,matching,matching-20260527050813969-96eed1,ko-0183,correct,2048,korean,second,"{""selected_id"":""ko-0183"",""board_id"":""c6e5b0a0-4f95-4109-9869-f04378aa5a36"",""challenge_id"":""""}"
d46ad549-ff0a-46ea-9df6-7da695e05e0f,2026-05-27T05:12:36.736Z,matching,matching-20260527050813969-96eed1,ko-0090,correct,1763,korean,second,"{""selected_id"":""ko-0090"",""board_id"":""c6e5b0a0-4f95-4109-9869-f04378aa5a36"",""challenge_id"":""""}"
1ec826f8-b6ef-4683-b76f-339de982353b,2026-05-27T05:12:40.309Z,matching,matching-20260527050813969-96eed1,ko-0128,correct,2125,korean,second,"{""selected_id"":""ko-0128"",""board_id"":""32d2f095-0a7d-4b34-bdac-e6c3c450cbcf"",""challenge_id"":""""}"
a7904eda-ff36-4d7a-8cb3-b442e5820f82,2026-05-27T05:12:43.431Z,matching,matching-20260527050813969-96eed1,ko-0187,correct,1358,korean,second,"{""selected_id"":""ko-0187"",""board_id"":""32d2f095-0a7d-4b34-bdac-e6c3c450cbcf"",""challenge_id"":""""}"
219034a1-7816-4311-a59a-33553995b1b8,2026-05-27T05:12:48.101Z,matching,matching-20260527050813969-96eed1,ko-0248,correct,3753,korean,second,"{""selected_id"":""ko-0248"",""board_id"":""32d2f095-0a7d-4b34-bdac-e6c3c450cbcf"",""challenge_id"":""""}"
d102e80e-2924-474b-862c-7ea412d1baba,2026-05-27T05:12:57.631Z,matching,matching-20260527050813969-96eed1,ko-0461,correct,6832,korean,group,"{""selected_id"":""ko-0461"",""board_id"":""d18ef563-ebda-4b16-80a9-4a69ac7e7bf3"",""challenge_id"":""""}"
48a254f5-6ff3-4354-b794-e23a383650de,2026-05-27T05:13:04.562Z,matching,matching-20260527050813969-96eed1,ko-0388,correct,5520,korean,group,"{""selected_id"":""ko-0388"",""board_id"":""d18ef563-ebda-4b16-80a9-4a69ac7e7bf3"",""challenge_id"":""""}"
62ef9c40-8671-4466-afee-7e20d6080c6e,2026-05-27T05:13:09.258Z,matching,matching-20260527050813969-96eed1,ko-0020,correct,3195,korean,group,"{""selected_id"":""ko-0020"",""board_id"":""d18ef563-ebda-4b16-80a9-4a69ac7e7bf3"",""challenge_id"":""""}"
a6942b2e-7f76-4d7f-9b6f-4ac3b3ef01ce,2026-05-27T05:13:13.629Z,matching,matching-20260527050813969-96eed1,ko-0174,correct,2469,korean,group,"{""selected_id"":""ko-0174"",""board_id"":""d8999c5d-2c24-44cb-9854-e0ad571fc643"",""challenge_id"":""""}"
8077b724-79f4-44ba-9acf-a7d377f8431d,2026-05-27T05:13:16.404Z,matching,matching-20260527050813969-96eed1,ko-0016,correct,609,korean,group,"{""selected_id"":""ko-0016"",""board_id"":""d8999c5d-2c24-44cb-9854-e0ad571fc643"",""challenge_id"":""""}"
1e22827f-ee5b-4cdc-97fb-599d6a4910e5,2026-05-27T05:13:19.342Z,matching,matching-20260527050813969-96eed1,ko-0424,correct,389,korean,group,"{""selected_id"":""ko-0424"",""board_id"":""d8999c5d-2c24-44cb-9854-e0ad571fc643"",""challenge_id"":""""}"
6ad37859-9bd5-47f8-8f09-aa4e7e2bf7a7,2026-05-27T05:13:26.939Z,matching,matching-20260527050813969-96eed1,ko-0209,correct,5198,korean,group,"{""selected_id"":""ko-0209"",""board_id"":""63635a1a-6867-4d82-b703-a09911e8e2a9"",""challenge_id"":""""}"
e489b781-a7a2-4151-a714-a8127c228df7,2026-05-27T05:13:32.402Z,matching,matching-20260527050813969-96eed1,ko-0394,wrong,2125,korean,group,"{""selected_id"":""ko-0309"",""board_id"":""63635a1a-6867-4d82-b703-a09911e8e2a9"",""challenge_id"":""""}"
bbeb63c9-cc35-4219-a783-2b843bc60944,2026-05-27T05:13:39.175Z,matching,matching-20260527050813969-96eed1,ko-0423,correct,331,korean,second,"{""selected_id"":""ko-0423"",""board_id"":""63635a1a-6867-4d82-b703-a09911e8e2a9"",""challenge_id"":""""}"
86e717c7-3a93-490d-992f-cafdd211cf0b,2026-05-27T05:13:41.234Z,matching,matching-20260527050813969-96eed1,ko-0147,correct,1306,korean,second,"{""selected_id"":""ko-0147"",""board_id"":""5569b796-c52f-413b-bb86-33c0a1ed34bc"",""challenge_id"":""""}"
5054b1ad-d856-4877-aa31-c917694d9ddb,2026-05-27T05:13:43.666Z,matching,matching-20260527050813969-96eed1,ko-0311,wrong,1857,korean,second,"{""selected_id"":""ko-0443"",""board_id"":""5569b796-c52f-413b-bb86-33c0a1ed34bc"",""challenge_id"":""""}"
4b800d74-4aba-4000-beb1-aa1c4705b5a5,2026-05-27T05:13:49.980Z,matching,matching-20260527050813969-96eed1,ko-0443,correct,1288,korean,second,"{""selected_id"":""ko-0443"",""board_id"":""5569b796-c52f-413b-bb86-33c0a1ed34bc"",""challenge_id"":""""}"
0f8d7501-75dd-49ff-ae53-cf53b01eb5a2,2026-05-27T05:13:55.900Z,matching,matching-20260527050813969-96eed1,ko-0309,correct,4343,korean,second,"{""selected_id"":""ko-0309"",""board_id"":""a3aa4312-bee5-47d1-aebb-2c7eabcaf904"",""challenge_id"":""""}"
52626858-a165-4508-bf28-67e515f3cf2e,2026-05-27T05:13:58.058Z,matching,matching-20260527050813969-96eed1,ko-0111,correct,291,korean,second,"{""selected_id"":""ko-0111"",""board_id"":""a3aa4312-bee5-47d1-aebb-2c7eabcaf904"",""challenge_id"":""""}"
e5161492-68a4-44e1-a00a-c7194d76f1cc,2026-05-27T05:14:01.920Z,matching,matching-20260527050813969-96eed1,ko-0165,correct,2312,korean,second,"{""selected_id"":""ko-0165"",""board_id"":""a3aa4312-bee5-47d1-aebb-2c7eabcaf904"",""challenge_id"":""""}"
febf0215-6e4e-4ce4-b76e-47f4bbea1d63,2026-05-27T05:14:03.992Z,matching,matching-20260527050813969-96eed1,ko-0188,correct,1271,korean,second,"{""selected_id"":""ko-0188"",""board_id"":""d836999c-19b1-49ed-af88-78f0de0a7c1f"",""challenge_id"":""""}"
ee7025ee-ca62-4e05-8c48-75d07399a12b,2026-05-27T10:02:53.287Z,matching,matching-20260527075257499-e13eb0,ko-0294,wrong,1089,korean,second,"{""selected_id"":""ko-0298"",""board_id"":""45e78018-61e1-4e43-a0d3-9a829a30ae46"",""challenge_id"":""""}"
66fca1bc-e32d-4258-a8ac-cc2a5cf32a85,2026-05-27T10:21:53.927Z,matching,matching-20260527075257499-e13eb0,ko-0389,correct,4023,korean,second,"{""selected_id"":""ko-0389"",""board_id"":""45e78018-61e1-4e43-a0d3-9a829a30ae46"",""challenge_id"":""""}"
c9b45437-7b7a-4d29-91c1-a7e059d9832f,2026-05-27T10:22:26.163Z,matching,matching-20260527075257499-e13eb0,ko-0254,wrong,16904,korean,second,"{""selected_id"":""ko-0274"",""board_id"":""45e78018-61e1-4e43-a0d3-9a829a30ae46"",""challenge_id"":""""}"
5bef822b-8bc0-47a3-b4a0-d4e4fb47e3f0,2026-05-27T10:24:09.422Z,matching,matching-20260527102404344-8fa224,ko-0254,correct,2090,korean,second,"{""selected_id"":""ko-0254"",""board_id"":""c8e48209-b36e-4079-9143-687c0509dddf"",""challenge_id"":""""}"
6a5012ac-daf0-4a87-9e8b-2331f6299452,2026-05-27T10:24:12.800Z,matching,matching-20260527102404344-8fa224,ko-0294,correct,1202,korean,second,"{""selected_id"":""ko-0294"",""board_id"":""c8e48209-b36e-4079-9143-687c0509dddf"",""challenge_id"":""""}"
b144e8ff-fbb4-4d29-8032-7cf8a90636a2,2026-05-27T10:45:03.257Z,matching,matching-20260527103813986-a606e2,ko-0140,wrong,4126,korean,second,"{""selected_id"":""ko-0274"",""board_id"":""1235441a-502f-4860-939e-6db4164f213a"",""challenge_id"":""""}"
f15c7aa7-8fc8-430d-b042-c9d3fef1ce07,2026-05-27T10:45:22.294Z,matching,matching-20260527103813986-a606e2,ko-0001,correct,1293,korean,second,"{""selected_id"":""ko-0001"",""board_id"":""1235441a-502f-4860-939e-6db4164f213a"",""challenge_id"":""""}"
af911d27-6e0f-44c9-861b-a3f80726893b,2026-05-27T10:45:28.075Z,matching,matching-20260527103813986-a606e2,ko-0315,correct,4165,korean,second,"{""selected_id"":""ko-0315"",""board_id"":""1235441a-502f-4860-939e-6db4164f213a"",""challenge_id"":""""}"
7630c006-4b7b-4578-bc5c-af32ca4db831,2026-05-27T18:52:56.046Z,matching,matching-20260527185224841-f79348,ko-0407,correct,6170,korean,second,"{""selected_id"":""ko-0407"",""board_id"":""02a4b64f-9d66-4ad3-8585-81f1c565c362"",""challenge_id"":""""}"
f797691e-c34d-4883-8651-e17c074c774a,2026-05-27T18:53:04.525Z,matching,matching-20260527185224841-f79348,ko-0062,correct,2136,korean,second,"{""selected_id"":""ko-0062"",""board_id"":""02a4b64f-9d66-4ad3-8585-81f1c565c362"",""challenge_id"":""""}"
2bdf179a-05ee-46e7-9a18-0309ae7d3c82,2026-05-27T18:53:10.572Z,matching,matching-20260527185224841-f79348,ko-0400,correct,2839,korean,second,"{""selected_id"":""ko-0400"",""board_id"":""02a4b64f-9d66-4ad3-8585-81f1c565c362"",""challenge_id"":""""}"
d0d0c01a-6af9-4697-b1e6-6e01e0af0332,2026-05-27T18:53:16.570Z,matching,matching-20260527185224841-f79348,ko-0229,wrong,3851,korean,second,"{""selected_id"":""ko-0324"",""board_id"":""4a8b576e-390d-4a04-8f25-c8364e1defae"",""challenge_id"":""""}"
443a7e76-fc3a-44db-bcf1-2e8600a7fe88,2026-05-27T18:53:23.649Z,matching,matching-20260527185224841-f79348,ko-0324,wrong,2229,korean,second,"{""selected_id"":""ko-0363"",""board_id"":""4a8b576e-390d-4a04-8f25-c8364e1defae"",""challenge_id"":""""}"
ffa6ecdc-64b9-4c67-93f8-8fcdacb16df4,2026-05-27T18:53:30.419Z,matching,matching-20260527185224841-f79348,ko-0363,correct,3116,korean,second,"{""selected_id"":""ko-0363"",""board_id"":""4a8b576e-390d-4a04-8f25-c8364e1defae"",""challenge_id"":""""}"
778874ac-056f-4dd3-9cfb-d4455ed36698,2026-05-27T18:53:33.311Z,matching,matching-20260527185224841-f79348,ko-0133,correct,1036,korean,second,"{""selected_id"":""ko-0133"",""board_id"":""9a3ba43b-390e-48b8-92ec-76191cb0663a"",""challenge_id"":""""}"
6a703959-8558-47dd-a1dc-20f3b20514f0,2026-05-27T18:53:37.847Z,matching,matching-20260527185224841-f79348,ko-0360,correct,2502,korean,second,"{""selected_id"":""ko-0360"",""board_id"":""9a3ba43b-390e-48b8-92ec-76191cb0663a"",""challenge_id"":""""}"
4019839c-6505-42f5-9d2b-debf54302949,2026-05-27T18:53:40.830Z,matching,matching-20260527185224841-f79348,ko-0181,wrong,1382,korean,second,"{""selected_id"":""ko-0412"",""board_id"":""9a3ba43b-390e-48b8-92ec-76191cb0663a"",""challenge_id"":""""}"
8eefb9a7-31cf-4ab5-8e71-0efa4afdce70,2026-05-27T18:53:48.352Z,matching,matching-20260527185224841-f79348,ko-0029,correct,1057,korean,second,"{""selected_id"":""ko-0029"",""board_id"":""b086c90c-a6a7-41a6-9046-7c0dfb90eb07"",""challenge_id"":""""}"
98095f92-1df0-4acd-87df-aff30f650f79,2026-05-27T18:53:55.949Z,matching,matching-20260527185224841-f79348,ko-0136,wrong,6871,korean,second,"{""selected_id"":""ko-0464"",""board_id"":""b086c90c-a6a7-41a6-9046-7c0dfb90eb07"",""challenge_id"":""""}"
7b5faa9b-8c7f-45fc-8b91-e2a7288e6434,2026-05-27T18:54:04.249Z,matching,matching-20260527185224841-f79348,ko-0236,correct,2582,korean,second,"{""selected_id"":""ko-0236"",""board_id"":""b086c90c-a6a7-41a6-9046-7c0dfb90eb07"",""challenge_id"":""""}"
4c6704b5-0457-49b8-9e25-ba74564dfe50,2026-05-27T18:54:16.649Z,matching,matching-20260527185224841-f79348,ko-0393,correct,9697,korean,group,"{""selected_id"":""ko-0393"",""board_id"":""7c06f1d5-f6a5-4519-a697-341c5bf83f3f"",""challenge_id"":""""}"
e0b4d174-c6aa-450e-98df-c84405878c22,2026-05-27T18:54:19.634Z,matching,matching-20260527185224841-f79348,ko-0412,correct,860,korean,group,"{""selected_id"":""ko-0412"",""board_id"":""7c06f1d5-f6a5-4519-a697-341c5bf83f3f"",""challenge_id"":""""}"
84a13cbc-0418-4965-bbfe-fe78159b0c80,2026-05-27T18:54:28.876Z,matching,matching-20260527185224841-f79348,ko-0464,correct,6605,korean,group,"{""selected_id"":""ko-0464"",""board_id"":""7c06f1d5-f6a5-4519-a697-341c5bf83f3f"",""challenge_id"":""""}"
aafe582e-cc5b-4263-9f8f-8610fdf19bf5,2026-05-27T18:54:39.131Z,matching,matching-20260527185224841-f79348,ko-0229,wrong,7955,korean,group,"{""selected_id"":""ko-0181"",""board_id"":""4e10c19d-f6d8-4ed8-98fa-53f5d7ef05c6"",""challenge_id"":""""}"
155bd883-7623-46b4-97c6-bca516d3d8b3,2026-05-27T18:54:45.728Z,matching,matching-20260527185224841-f79348,ko-0360,correct,2780,korean,group,"{""selected_id"":""ko-0360"",""board_id"":""4e10c19d-f6d8-4ed8-98fa-53f5d7ef05c6"",""challenge_id"":""""}"
cced089d-51e7-482b-b623-28245649256b,2026-05-27T18:54:50.831Z,matching,matching-20260527185224841-f79348,ko-0181,correct,3495,korean,group,"{""selected_id"":""ko-0181"",""board_id"":""4e10c19d-f6d8-4ed8-98fa-53f5d7ef05c6"",""challenge_id"":""""}"
d5dc8f2b-9761-4266-bd54-dd5946c64d58,2026-05-27T18:55:09.187Z,matching,matching-20260527185224841-f79348,ko-0136,wrong,16239,korean,group,"{""selected_id"":""ko-0133"",""board_id"":""6330bba4-86c8-4c58-bc1f-def10ce7b333"",""challenge_id"":""""}"
f148c0b2-1f92-4ed3-88e7-0a47d37f99c8,2026-05-27T18:55:39.218Z,matching,matching-20260527185224841-f79348,ko-0324,correct,21606,korean,group,"{""selected_id"":""ko-0324"",""board_id"":""6330bba4-86c8-4c58-bc1f-def10ce7b333"",""challenge_id"":""""}"
35e6ec45-bdd8-4d44-a08f-c842bedcbc06,2026-05-27T18:55:47.631Z,matching,matching-20260527185224841-f79348,ko-0363,correct,4569,korean,second,"{""selected_id"":""ko-0363"",""board_id"":""6330bba4-86c8-4c58-bc1f-def10ce7b333"",""challenge_id"":""""}"
73bdb049-6a58-4e6b-9453-a9dac95f952c,2026-05-27T18:56:10.619Z,matching,matching-20260527185224841-f79348,ko-0133,correct,21255,korean,second,"{""selected_id"":""ko-0133"",""board_id"":""ad416b11-1157-4386-a3b3-0a035b5172a0"",""challenge_id"":""""}"
9177b40e-dcf2-41e4-bfdf-4416b413cf03,2026-05-27T18:56:20.561Z,matching,matching-20260527185224841-f79348,ko-0236,correct,7650,korean,second,"{""selected_id"":""ko-0236"",""board_id"":""ad416b11-1157-4386-a3b3-0a035b5172a0"",""challenge_id"":""""}"
411dceb0-96d9-4101-a497-7df7149afeda,2026-05-27T18:56:29.556Z,matching,matching-20260527185224841-f79348,ko-0407,correct,4530,korean,second,"{""selected_id"":""ko-0407"",""board_id"":""ad416b11-1157-4386-a3b3-0a035b5172a0"",""challenge_id"":""""}"
20f08405-caf1-41cb-bfff-dc6b5e39e6e0,2026-05-27T18:56:39.761Z,matching,matching-20260527185224841-f79348,ko-0229,correct,7715,korean,second,"{""selected_id"":""ko-0229"",""board_id"":""304fbc77-133b-4937-be21-992f957a27af"",""challenge_id"":""""}"
21276efe-eb97-427e-a265-ac17832a028e,2026-05-27T18:56:45.306Z,matching,matching-20260527185224841-f79348,ko-0400,correct,3191,korean,second,"{""selected_id"":""ko-0400"",""board_id"":""304fbc77-133b-4937-be21-992f957a27af"",""challenge_id"":""""}"
839487a7-8605-4157-8b55-292cf571b467,2026-05-27T18:56:54.355Z,matching,matching-20260527185224841-f79348,ko-0136,correct,6809,korean,second,"{""selected_id"":""ko-0136"",""board_id"":""304fbc77-133b-4937-be21-992f957a27af"",""challenge_id"":""""}"
1b399150-f696-4412-906a-80ea6bf8e1f3,2026-05-27T18:56:59.016Z,matching,matching-20260527185224841-f79348,ko-0393,correct,2411,korean,second,"{""selected_id"":""ko-0393"",""board_id"":""4f4c810e-8d85-4b3c-a43c-8db3878720ec"",""challenge_id"":""""}"
1a30ee5a-fe18-4c98-9e65-360ff9757961,2026-05-27T18:57:05.742Z,matching,matching-20260527185224841-f79348,ko-0324,wrong,4221,korean,second,"{""selected_id"":""ko-0363"",""board_id"":""4f4c810e-8d85-4b3c-a43c-8db3878720ec"",""challenge_id"":""""}"
53ada2e5-4bb5-4401-bc77-a4168f87c8ef,2026-05-27T18:57:15.744Z,matching,matching-20260527185224841-f79348,ko-0363,correct,5858,korean,second,"{""selected_id"":""ko-0363"",""board_id"":""4f4c810e-8d85-4b3c-a43c-8db3878720ec"",""challenge_id"":""""}"
76054c57-5a55-498d-a66f-1cab2c3e74a5,2026-05-27T18:57:49.151Z,matching,matching-20260527185224841-f79348,ko-0464,correct,31133,korean,group,"{""selected_id"":""ko-0464"",""board_id"":""eff8d223-6062-4234-ad59-cbafe68f39f0"",""challenge_id"":""""}"
8a655f00-a60f-48c9-b05d-d7b4c89fd019,2026-05-27T18:58:00.797Z,matching,matching-20260527185224841-f79348,ko-0029,correct,4288,korean,group,"{""selected_id"":""ko-0029"",""board_id"":""eff8d223-6062-4234-ad59-cbafe68f39f0"",""challenge_id"":""""}"
42a8c0d3-6afc-4a14-8d4c-c858026acfb8,2026-05-27T18:58:31.189Z,matching,matching-20260527185224841-f79348,ko-0136,wrong,15256,korean,group,"{""selected_id"":""ko-0133"",""board_id"":""eff8d223-6062-4234-ad59-cbafe68f39f0"",""challenge_id"":""""}"
63ef923c-86ad-4fc9-956c-4a0353d949a5,2026-05-27T18:58:42.102Z,matching,matching-20260527185224841-f79348,ko-0062,correct,6886,korean,group,"{""selected_id"":""ko-0062"",""board_id"":""acac7e11-dd20-4bc7-b1c7-cd5733a93e5e"",""challenge_id"":""""}"
01c8a7a3-5756-4107-9a6c-c184f069c79b,2026-05-27T18:59:03.008Z,matching,matching-20260527185224841-f79348,ko-0360,wrong,15081,korean,group,"{""selected_id"":""ko-0464"",""board_id"":""acac7e11-dd20-4bc7-b1c7-cd5733a93e5e"",""challenge_id"":""""}"
03a4185d-2dd4-4315-88c7-aa7a1a02c5af,2026-05-27T18:59:19.102Z,matching,matching-20260527185224841-f79348,ko-0363,correct,6848,korean,group,"{""selected_id"":""ko-0363"",""board_id"":""acac7e11-dd20-4bc7-b1c7-cd5733a93e5e"",""challenge_id"":""""}"
ee7cda1f-b6b8-408e-b595-b0700b417c0c,2026-05-27T18:59:23.580Z,matching,matching-20260527185224841-f79348,ko-0133,correct,2554,korean,group,"{""selected_id"":""ko-0133"",""board_id"":""d81e0968-5b56-4414-9c8a-bd035f105cb5"",""challenge_id"":""""}"
0d95fb37-b41e-4304-b8e8-6beffbed84ea,2026-05-27T18:59:29.068Z,matching,matching-20260527185224841-f79348,ko-0236,correct,3714,korean,group,"{""selected_id"":""ko-0236"",""board_id"":""d81e0968-5b56-4414-9c8a-bd035f105cb5"",""challenge_id"":""""}"
7cf5e63b-8cb1-4e4c-81d5-27aef9f4dce1,2026-05-27T18:59:38.687Z,matching,matching-20260527185224841-f79348,ko-0229,wrong,6934,korean,second,"{""selected_id"":""ko-0324"",""board_id"":""d81e0968-5b56-4414-9c8a-bd035f105cb5"",""challenge_id"":""""}"
4c34c27d-2ec4-4354-a8a5-8e6b8d2e1ad2,2026-05-27T18:59:46.703Z,matching,matching-20260527185224841-f79348,ko-0464,correct,4486,korean,second,"{""selected_id"":""ko-0464"",""board_id"":""97eb9139-8c7d-404a-888a-f2f1bd5657fc"",""challenge_id"":""""}"
761e8f9e-af9a-4662-9315-4d2e21d234a7,2026-05-27T18:59:52.393Z,matching,matching-20260527185224841-f79348,ko-0393,correct,3493,korean,second,"{""selected_id"":""ko-0393"",""board_id"":""97eb9139-8c7d-404a-888a-f2f1bd5657fc"",""challenge_id"":""""}"
48ddc237-22f6-4b67-ab93-2c8991c3dfc8,2026-05-27T18:59:54.360Z,matching,matching-20260527185224841-f79348,ko-0062,correct,389,korean,second,"{""selected_id"":""ko-0062"",""board_id"":""97eb9139-8c7d-404a-888a-f2f1bd5657fc"",""challenge_id"":""""}"
8ed0f345-93af-4439-a8ae-cb4678684f8d,2026-05-27T18:59:56.808Z,matching,matching-20260527185224841-f79348,ko-0360,correct,408,korean,second,"{""selected_id"":""ko-0360"",""board_id"":""df578816-d679-4b21-b2e9-490e7c9cbc63"",""challenge_id"":""""}"
a2d7beff-e86f-4cf5-b429-dbb715b6f593,2026-05-27T18:59:59.303Z,matching,matching-20260527185224841-f79348,ko-0324,correct,762,korean,second,"{""selected_id"":""ko-0324"",""board_id"":""df578816-d679-4b21-b2e9-490e7c9cbc63"",""challenge_id"":""""}"
df4df152-4acb-4063-ae91-b4ac4683fb68,2026-05-27T19:00:01.550Z,matching,matching-20260527185224841-f79348,ko-0029,correct,521,korean,second,"{""selected_id"":""ko-0029"",""board_id"":""df578816-d679-4b21-b2e9-490e7c9cbc63"",""challenge_id"":""""}"
51059a5b-0403-47fd-9fa0-0a20c0c05800,2026-05-27T19:00:04.171Z,matching,matching-20260527185224841-f79348,ko-0236,correct,314,korean,second,"{""selected_id"":""ko-0236"",""board_id"":""755a0c37-fa4c-4d66-8688-86454622d264"",""challenge_id"":""""}"
1158bbcb-4e71-4d29-87b2-93f5a6f2dbd3,2026-05-27T19:00:07.684Z,matching,matching-20260527185224841-f79348,ko-0229,correct,912,korean,second,"{""selected_id"":""ko-0229"",""board_id"":""755a0c37-fa4c-4d66-8688-86454622d264"",""challenge_id"":""""}"
504f9888-5484-4796-a4dd-7a49a71ddf7a,2026-05-27T19:00:11.497Z,matching,matching-20260527185224841-f79348,ko-0400,correct,1165,korean,second,"{""selected_id"":""ko-0400"",""board_id"":""755a0c37-fa4c-4d66-8688-86454622d264"",""challenge_id"":""""}"
ecb1c8dc-4eed-45fa-bcf8-514cf77f6bab,2026-05-27T19:00:17.041Z,matching,matching-20260527185224841-f79348,ko-0412,correct,371,korean,second,"{""selected_id"":""ko-0412"",""board_id"":""8e288fbb-5e9a-4ae3-a348-02043a68697d"",""challenge_id"":""""}"
6573ed00-6f0e-45fb-b806-b6bbb83000ed,2026-05-27T19:00:20.966Z,matching,matching-20260527185224841-f79348,ko-0464,correct,382,korean,second,"{""selected_id"":""ko-0464"",""board_id"":""8e288fbb-5e9a-4ae3-a348-02043a68697d"",""challenge_id"":""""}"
079ac281-2632-4d6e-bb54-941041390ffe,2026-05-27T19:00:23.875Z,matching,matching-20260527185224841-f79348,ko-0360,correct,295,korean,second,"{""selected_id"":""ko-0360"",""board_id"":""8e288fbb-5e9a-4ae3-a348-02043a68697d"",""challenge_id"":""""}"
4d65d311-312a-429b-a60a-6fa730346f43,2026-05-27T19:00:30.493Z,matching,matching-20260527185224841-f79348,ko-0136,wrong,3274,korean,second,"{""selected_id"":""ko-0133"",""board_id"":""b0ce0c38-5225-4693-a561-3f21cb326198"",""challenge_id"":""""}"
b7281d42-a32d-4d0f-93d4-d819d487b1f2,2026-05-27T19:00:38.488Z,matching,matching-20260527185224841-f79348,ko-0062,correct,1722,korean,second,"{""selected_id"":""ko-0062"",""board_id"":""b0ce0c38-5225-4693-a561-3f21cb326198"",""challenge_id"":""""}"
fdb5a547-315e-4862-8005-1f3ccd149480,2026-05-27T19:00:41.004Z,matching,matching-20260527185224841-f79348,ko-0236,correct,373,korean,second,"{""selected_id"":""ko-0236"",""board_id"":""b0ce0c38-5225-4693-a561-3f21cb326198"",""challenge_id"":""""}"
18172e3f-a0c9-40c6-af6c-e42dd1247100,2026-05-27T19:00:43.651Z,matching,matching-20260527185224841-f79348,ko-0407,correct,839,korean,second,"{""selected_id"":""ko-0407"",""board_id"":""b9e33874-2c56-46bb-b987-b45fee03032a"",""challenge_id"":""""}"
7c5a8f79-db0b-46cc-9ed9-703090c002d4,2026-05-27T19:00:46.166Z,matching,matching-20260527185224841-f79348,ko-0393,correct,306,korean,second,"{""selected_id"":""ko-0393"",""board_id"":""b9e33874-2c56-46bb-b987-b45fee03032a"",""challenge_id"":""""}"
055c9b8f-d800-43c9-86df-002ad3769f79,2026-05-27T19:00:49.307Z,matching,matching-20260527185224841-f79348,ko-0181,correct,303,korean,second,"{""selected_id"":""ko-0181"",""board_id"":""b9e33874-2c56-46bb-b987-b45fee03032a"",""challenge_id"":""""}"
4e909299-1f20-4891-a9d6-2609172cee5a,2026-05-27T19:00:51.333Z,matching,matching-20260527185224841-f79348,ko-0133,correct,308,korean,second,"{""selected_id"":""ko-0133"",""board_id"":""c8f8fab2-4173-48bb-9f86-c7587bb07655"",""challenge_id"":""""}"
0298d495-a5c0-4b51-8cbb-6f76f7f52060,2026-05-27T19:00:54.024Z,matching,matching-20260527185224841-f79348,ko-0324,wrong,448,korean,second,"{""selected_id"":""ko-0229"",""board_id"":""c8f8fab2-4173-48bb-9f86-c7587bb07655"",""challenge_id"":""""}"
78c54a55-e407-42b4-a9d1-5751a2f7a75f,2026-05-27T19:00:58.192Z,matching,matching-20260527185224841-f79348,ko-0229,correct,443,korean,second,"{""selected_id"":""ko-0229"",""board_id"":""c8f8fab2-4173-48bb-9f86-c7587bb07655"",""challenge_id"":""""}"
cd0f35f9-44d7-48b5-9482-2305efb116dd,2026-05-27T19:01:01.914Z,matching,matching-20260527185224841-f79348,ko-0062,correct,1310,korean,second,"{""selected_id"":""ko-0062"",""board_id"":""a6a4effa-af6c-49b2-b888-c216daa08fdd"",""challenge_id"":""""}"
ce5867b4-20b7-406e-8baf-8add458918e3,2026-05-27T19:01:04.369Z,matching,matching-20260527185224841-f79348,ko-0412,correct,429,korean,second,"{""selected_id"":""ko-0412"",""board_id"":""a6a4effa-af6c-49b2-b888-c216daa08fdd"",""challenge_id"":""""}"
d0f7d91a-4c1a-476a-837e-d68a25f5d18d,2026-05-27T19:01:07.501Z,matching,matching-20260527185224841-f79348,ko-0136,correct,579,korean,second,"{""selected_id"":""ko-0136"",""board_id"":""a6a4effa-af6c-49b2-b888-c216daa08fdd"",""challenge_id"":""""}"
fa2969cc-67fb-412c-9e0d-0a862cb90219,2026-05-27T19:01:14.716Z,matching,matching-20260527185224841-f79348,ko-0393,wrong,5666,korean,second,"{""selected_id"":""ko-0464"",""board_id"":""17dc22a6-f5a8-4b4b-86cf-62bee9108ec2"",""challenge_id"":""""}"
c08cfdac-28c0-4cc2-b763-2901ab1e7fc4,2026-05-27T19:01:20.640Z,matching,matching-20260527185224841-f79348,ko-0407,correct,2083,korean,second,"{""selected_id"":""ko-0407"",""board_id"":""17dc22a6-f5a8-4b4b-86cf-62bee9108ec2"",""challenge_id"":""""}"
0cac430a-a45c-415f-99d5-a0ed77bcd5f6,2026-05-27T19:01:25.160Z,matching,matching-20260527185224841-f79348,ko-0464,correct,2343,korean,second,"{""selected_id"":""ko-0464"",""board_id"":""17dc22a6-f5a8-4b4b-86cf-62bee9108ec2"",""challenge_id"":""""}"
12347ab0-5e17-40f4-8cda-8fe62a66b4eb,2026-05-27T19:01:46.925Z,matching,matching-20260527185224841-f79348,ko-0363,wrong,21490,sound,typed_korean,"{""selected_id"":""한교"",""board_id"":""0969ea7b-bf32-4a6c-9f5a-c23457122b6d"",""challenge_id"":""271f1feb-0c4f-48a5-ab2c-060788e78f35""}"
b3765bd8-39ef-4bd7-a5ca-ab3f069d9abf,2026-05-27T19:02:30.802Z,matching,matching-20260527185224841-f79348,ko-0464,wrong,19715,translation,typed_korean,"{""selected_id"":""올다"",""board_id"":""0969ea7b-bf32-4a6c-9f5a-c23457122b6d"",""challenge_id"":""271f1feb-0c4f-48a5-ab2c-060788e78f35""}"
1ec44b7d-56f1-4cc1-8439-9da8245a21c2,2026-05-27T19:02:52.143Z,matching,matching-20260527185224841-f79348,ko-0029,correct,10159,sound,typed_korean,"{""selected_id"":""의사"",""board_id"":""0969ea7b-bf32-4a6c-9f5a-c23457122b6d"",""challenge_id"":""271f1feb-0c4f-48a5-ab2c-060788e78f35""}"
bbd7c45f-5b14-40e7-9bcb-7a2c738ffc70,2026-05-27T19:03:06.327Z,matching,matching-20260527185224841-f79348,ko-0407,wrong,13849,sound,typed_korean,"{""selected_id"":""무룹다"",""board_id"":""0969ea7b-bf32-4a6c-9f5a-c23457122b6d"",""challenge_id"":""271f1feb-0c4f-48a5-ab2c-060788e78f35""}"
bd1938e8-7c29-41c0-8ff1-5b0af323c1e3,2026-05-27T19:03:27.867Z,matching,matching-20260527185224841-f79348,ko-0181,correct,1698,korean,second,"{""selected_id"":""ko-0181"",""board_id"":""0969ea7b-bf32-4a6c-9f5a-c23457122b6d"",""challenge_id"":""""}"
2a6eb1c3-472d-4cd3-ac83-1c894021225d,2026-05-27T19:03:34.272Z,matching,matching-20260527185224841-f79348,ko-0393,correct,3838,korean,second,"{""selected_id"":""ko-0393"",""board_id"":""0969ea7b-bf32-4a6c-9f5a-c23457122b6d"",""challenge_id"":""""}"
3060e905-d450-4d67-a8ae-d8cd4f385472,2026-05-27T19:03:36.899Z,matching,matching-20260527185224841-f79348,ko-0029,correct,1092,korean,second,"{""selected_id"":""ko-0029"",""board_id"":""0969ea7b-bf32-4a6c-9f5a-c23457122b6d"",""challenge_id"":""""}"
70e9fa98-cbb3-452f-9020-f807e95d04ab,2026-05-27T19:03:42.786Z,matching,matching-20260527185224841-f79348,ko-0229,correct,3768,korean,second,"{""selected_id"":""ko-0229"",""board_id"":""6b3cdf8a-c8c0-4348-a8a8-459473a53681"",""challenge_id"":""""}"
5628f7b9-8c2e-40c2-86c6-9293b111581a,2026-05-27T19:03:46.403Z,matching,matching-20260527185224841-f79348,ko-0412,correct,1389,korean,second,"{""selected_id"":""ko-0412"",""board_id"":""6b3cdf8a-c8c0-4348-a8a8-459473a53681"",""challenge_id"":""""}"
f1d125f7-dcf7-4707-ab72-46789a1fa374,2026-05-27T19:03:49.756Z,matching,matching-20260527185224841-f79348,ko-0400,correct,1453,korean,second,"{""selected_id"":""ko-0400"",""board_id"":""6b3cdf8a-c8c0-4348-a8a8-459473a53681"",""challenge_id"":""""}"
97eddfa9-9891-428c-ac67-d1d01f05e1fd,2026-05-27T19:03:53.355Z,matching,matching-20260527185224841-f79348,ko-0136,wrong,1240,korean,second,"{""selected_id"":""ko-0133"",""board_id"":""ef0c88fc-395d-40dc-956c-afc076d793f4"",""challenge_id"":""""}"
5c187496-43a4-463e-9b51-779ca3dc339d,2026-05-27T19:04:00.545Z,matching,matching-20260527185224841-f79348,ko-0464,correct,4029,korean,second,"{""selected_id"":""ko-0464"",""board_id"":""ef0c88fc-395d-40dc-956c-afc076d793f4"",""challenge_id"":""""}"
3e9d0d59-e54c-4983-a578-3ffb0d42de0a,2026-05-27T19:04:04.486Z,matching,matching-20260527185224841-f79348,ko-0133,wrong,1833,korean,second,"{""selected_id"":""ko-0229"",""board_id"":""ef0c88fc-395d-40dc-956c-afc076d793f4"",""challenge_id"":""""}"
3c7042a5-46cf-41e5-af33-3a5f7bb606ac,2026-05-27T19:04:09.714Z,matching,matching-20260527185224841-f79348,ko-0407,wrong,2656,korean,second,"{""selected_id"":""ko-0464"",""board_id"":""d9bc9224-5723-45b0-be12-5916a20dbab3"",""challenge_id"":""""}"
15df2756-e873-491c-a9ef-1fab50622ceb,2026-05-27T19:04:15.152Z,matching,matching-20260527185224841-f79348,ko-0360,correct,1664,korean,second,"{""selected_id"":""ko-0360"",""board_id"":""d9bc9224-5723-45b0-be12-5916a20dbab3"",""challenge_id"":""""}"
8e5edbc4-8f63-4d49-98e0-bc5c8ec420a8,2026-05-27T19:04:20.911Z,matching,matching-20260527185224841-f79348,ko-0229,correct,3141,sound,korean,"{""selected_id"":""ko-0229"",""board_id"":""d9bc9224-5723-45b0-be12-5916a20dbab3"",""challenge_id"":""70701a7a-6220-4957-9fb7-9878a1f69f05""}"
b0d1d01d-251b-431b-a0cc-39f053e6d010,2026-05-27T19:04:26.230Z,matching,matching-20260527185224841-f79348,ko-0181,correct,3106,sound,korean,"{""selected_id"":""ko-0181"",""board_id"":""d38fda91-f3db-4d8e-9d82-57f370c46871"",""challenge_id"":""70701a7a-6220-4957-9fb7-9878a1f69f05""}"
f25b040f-974c-468c-b35e-352142ba3001,2026-05-27T19:04:29.836Z,matching,matching-20260527185224841-f79348,ko-0029,correct,1735,sound,korean,"{""selected_id"":""ko-0029"",""board_id"":""d38fda91-f3db-4d8e-9d82-57f370c46871"",""challenge_id"":""70701a7a-6220-4957-9fb7-9878a1f69f05""}"
d4ea24f1-40b3-4404-b983-4a6f8f465dc9,2026-05-27T19:04:34.459Z,matching,matching-20260527185224841-f79348,ko-0136,correct,1918,sound,korean,"{""selected_id"":""ko-0136"",""board_id"":""d38fda91-f3db-4d8e-9d82-57f370c46871"",""challenge_id"":""70701a7a-6220-4957-9fb7-9878a1f69f05""}"
6fb93536-51f7-4f93-a597-d8f935bb356c,2026-05-27T19:04:41.852Z,matching,matching-20260527185224841-f79348,ko-0464,correct,5450,sound,korean,"{""selected_id"":""ko-0464"",""board_id"":""2dea4e4f-95bb-4266-b14b-2d217093f1ad"",""challenge_id"":""70701a7a-6220-4957-9fb7-9878a1f69f05""}"
1b8937a3-6d10-4b59-99b0-89e565d56215,2026-05-27T19:04:47.621Z,matching,matching-20260527185224841-f79348,ko-0236,correct,2172,sound,korean,"{""selected_id"":""ko-0236"",""board_id"":""2dea4e4f-95bb-4266-b14b-2d217093f1ad"",""challenge_id"":""70701a7a-6220-4957-9fb7-9878a1f69f05""}"
6696f1d1-f50b-47d3-a1da-8796700c6e8c,2026-05-27T19:04:53.364Z,matching,matching-20260527185224841-f79348,ko-0363,correct,3036,sound,korean,"{""selected_id"":""ko-0363"",""board_id"":""2dea4e4f-95bb-4266-b14b-2d217093f1ad"",""challenge_id"":""70701a7a-6220-4957-9fb7-9878a1f69f05""}"
9f0705ff-4b2e-4b2a-bc1a-950b4a5a90fa,2026-05-27T19:04:58.505Z,matching,matching-20260527185224841-f79348,ko-0062,correct,2602,sound,korean,"{""selected_id"":""ko-0062"",""board_id"":""0910f49f-486d-406a-9b7f-a4e5d887176e"",""challenge_id"":""70701a7a-6220-4957-9fb7-9878a1f69f05""}"
67b5e163-ad38-44fe-a5e2-aea89d719fc9,2026-05-27T19:05:03.295Z,matching,matching-20260527185224841-f79348,ko-0400,correct,2362,sound,korean,"{""selected_id"":""ko-0400"",""board_id"":""0910f49f-486d-406a-9b7f-a4e5d887176e"",""challenge_id"":""70701a7a-6220-4957-9fb7-9878a1f69f05""}"
0eb4aad7-7a01-45e5-b6a4-ce8eaa0a51ac,2026-05-27T19:05:08.906Z,matching,matching-20260527185224841-f79348,ko-0324,correct,3182,korean,second,"{""selected_id"":""ko-0324"",""board_id"":""0910f49f-486d-406a-9b7f-a4e5d887176e"",""challenge_id"":""""}"
3b262bf9-9d17-4b2d-b326-6203a2092374,2026-05-27T19:05:12.235Z,matching,matching-20260527185224841-f79348,ko-0181,correct,1333,korean,second,"{""selected_id"":""ko-0181"",""board_id"":""6e0f71e3-8fd8-45cd-a1f8-8f83d7fce4c0"",""challenge_id"":""""}"
6e4522e1-eec9-411e-a230-3e30c1e3181c,2026-05-27T19:05:15.244Z,matching,matching-20260527185224841-f79348,ko-0236,correct,1084,korean,second,"{""selected_id"":""ko-0236"",""board_id"":""6e0f71e3-8fd8-45cd-a1f8-8f83d7fce4c0"",""challenge_id"":""""}"
0c38a7c0-1227-4e25-905f-0714ad7eef3f,2026-05-27T19:05:20.570Z,matching,matching-20260527185224841-f79348,ko-0363,correct,2762,korean,second,"{""selected_id"":""ko-0363"",""board_id"":""6e0f71e3-8fd8-45cd-a1f8-8f83d7fce4c0"",""challenge_id"":""""}"
04ac08db-b3c4-4e8d-a4b1-a18a7a70f523,2026-05-27T19:05:23.768Z,matching,matching-20260527185224841-f79348,ko-0062,wrong,151,korean,second,"{""selected_id"":""ko-0133"",""board_id"":""85ff2017-7a70-4b16-8bc9-bae467a0b89d"",""challenge_id"":""""}"
94f49082-2582-4fe8-9742-708f3295c9be,2026-05-27T19:05:24.491Z,matching,matching-20260527185224841-f79348,ko-0133,correct,209,korean,second,"{""selected_id"":""ko-0133"",""board_id"":""85ff2017-7a70-4b16-8bc9-bae467a0b89d"",""challenge_id"":""""}"
61d9db9c-0f2c-44d3-927a-ee01018155df,2026-05-27T19:05:30.941Z,matching,matching-20260527185224841-f79348,ko-0393,correct,4372,korean,second,"{""selected_id"":""ko-0393"",""board_id"":""85ff2017-7a70-4b16-8bc9-bae467a0b89d"",""challenge_id"":""""}"
8fe9bda5-3038-490c-b322-0e3ed88677ad,2026-05-27T19:05:35.153Z,matching,matching-20260527185224841-f79348,ko-0407,correct,1100,korean,second,"{""selected_id"":""ko-0407"",""board_id"":""85ff2017-7a70-4b16-8bc9-bae467a0b89d"",""challenge_id"":""""}"
3919ace1-3819-4f91-a1b3-b7e3b4dba052,2026-05-27T19:05:48.880Z,matching,matching-20260527185224841-f79348,ko-0464,correct,11633,korean,second,"{""selected_id"":""ko-0464"",""board_id"":""d5d3eedb-b0c5-478a-a18f-8f6b1bbacdde"",""challenge_id"":""""}"
28b94a64-1469-44f5-a472-9879fb12ae61,2026-05-27T19:05:51.741Z,matching,matching-20260527185224841-f79348,ko-0229,wrong,998,korean,second,"{""selected_id"":""ko-0324"",""board_id"":""d5d3eedb-b0c5-478a-a18f-8f6b1bbacdde"",""challenge_id"":""""}"
593ad593-eca3-4a14-b4ea-1a1d1eb9f1f1,2026-05-27T19:05:56.792Z,matching,matching-20260527185224841-f79348,ko-0360,correct,1732,korean,second,"{""selected_id"":""ko-0360"",""board_id"":""d5d3eedb-b0c5-478a-a18f-8f6b1bbacdde"",""challenge_id"":""""}"
abc06057-bd45-48ab-8496-13886728a5f3,2026-05-27T19:07:47.045Z,matching,matching-20260527185224841-f79348,ko-0269,correct,3707,korean,second,"{""selected_id"":""ko-0269"",""board_id"":""db7ac673-cb70-4264-8076-9019ce54463f"",""challenge_id"":""""}"
a228c9c1-fcda-4ce5-9c08-b695b8106a9c,2026-05-27T19:07:51.041Z,matching,matching-20260527185224841-f79348,ko-0268,correct,1233,korean,second,"{""selected_id"":""ko-0268"",""board_id"":""db7ac673-cb70-4264-8076-9019ce54463f"",""challenge_id"":""""}"
421c0c5c-3a47-44db-90aa-0f553ac40605,2026-05-27T19:07:55.617Z,matching,matching-20260527185224841-f79348,ko-0148,correct,2086,korean,second,"{""selected_id"":""ko-0148"",""board_id"":""db7ac673-cb70-4264-8076-9019ce54463f"",""challenge_id"":""""}"
92ecbe40-690d-4c90-803e-7b2b0328000c,2026-05-27T19:07:59.766Z,matching,matching-20260527185224841-f79348,ko-0392,correct,1615,korean,second,"{""selected_id"":""ko-0392"",""board_id"":""29f2899d-f82f-40cb-b023-cfa2da297d09"",""challenge_id"":""""}"
15555291-ed58-4855-b969-ffc229c001af,2026-05-27T19:08:03.662Z,matching,matching-20260527185224841-f79348,ko-0273,correct,1660,korean,second,"{""selected_id"":""ko-0273"",""board_id"":""29f2899d-f82f-40cb-b023-cfa2da297d09"",""challenge_id"":""""}"
7eaf0e06-25cd-4670-97af-9af937360d92,2026-05-27T19:08:08.402Z,matching,matching-20260527185224841-f79348,ko-0154,correct,1997,korean,second,"{""selected_id"":""ko-0154"",""board_id"":""29f2899d-f82f-40cb-b023-cfa2da297d09"",""challenge_id"":""""}"
6af6a85e-ab77-4076-beb8-f67a19a7409a,2026-05-27T19:08:14.376Z,matching,matching-20260527185224841-f79348,ko-0097,correct,3279,korean,second,"{""selected_id"":""ko-0097"",""board_id"":""d52bf727-444b-49b1-af5b-093c0a7f5193"",""challenge_id"":""""}"
099a98d6-6f59-4b9f-8cfc-e93df4446abd,2026-05-27T19:08:19.255Z,matching,matching-20260527185224841-f79348,ko-0313,correct,1633,korean,second,"{""selected_id"":""ko-0313"",""board_id"":""d52bf727-444b-49b1-af5b-093c0a7f5193"",""challenge_id"":""""}"
c64e40d4-7db1-4933-be8a-d22e0a899bbf,2026-05-27T19:08:22.533Z,matching,matching-20260527185224841-f79348,ko-0053,correct,1290,korean,second,"{""selected_id"":""ko-0053"",""board_id"":""d52bf727-444b-49b1-af5b-093c0a7f5193"",""challenge_id"":""""}"
ed3365ea-6fbb-4438-9774-04e01f7b6b8e,2026-05-27T19:08:26.291Z,matching,matching-20260527185224841-f79348,ko-0145,correct,1357,korean,second,"{""selected_id"":""ko-0145"",""board_id"":""fa7b5e4a-09ff-43d1-975f-cad1a3fc68c9"",""challenge_id"":""""}"
6ed5c8ba-1c55-42c0-b3a8-4b5c9cedecc8,2026-05-27T19:08:29.890Z,matching,matching-20260527185224841-f79348,ko-0005,correct,835,korean,second,"{""selected_id"":""ko-0005"",""board_id"":""fa7b5e4a-09ff-43d1-975f-cad1a3fc68c9"",""challenge_id"":""""}"
52f29c4a-c0c8-4d9a-a9b0-41e2d0b50782,2026-05-27T19:08:32.635Z,matching,matching-20260527185224841-f79348,ko-0105,correct,292,korean,second,"{""selected_id"":""ko-0105"",""board_id"":""fa7b5e4a-09ff-43d1-975f-cad1a3fc68c9"",""challenge_id"":""""}"
ff017ce9-8935-4bf0-9443-425e192eaa0c,2026-05-27T19:08:37.047Z,matching,matching-20260527185224841-f79348,ko-0342,correct,438,korean,second,"{""selected_id"":""ko-0342"",""board_id"":""33d347f3-c48e-47aa-9675-54c38a5b8fe1"",""challenge_id"":""""}"
ec7e2dd0-2a4d-41c3-8571-c3d986134eea,2026-05-27T19:08:45.578Z,matching,matching-20260527185224841-f79348,ko-0356,correct,3451,korean,second,"{""selected_id"":""ko-0356"",""board_id"":""33d347f3-c48e-47aa-9675-54c38a5b8fe1"",""challenge_id"":""""}"
130a9d1e-7120-4b62-9f47-d4e88a53f96d,2026-05-27T19:08:56.777Z,matching,matching-20260527185224841-f79348,ko-0318,correct,8772,korean,second,"{""selected_id"":""ko-0318"",""board_id"":""33d347f3-c48e-47aa-9675-54c38a5b8fe1"",""challenge_id"":""""}"
fd680178-9a1b-4e97-9c2c-ce93013bb101,2026-05-27T19:08:59.341Z,matching,matching-20260527185224841-f79348,ko-0284,correct,586,korean,second,"{""selected_id"":""ko-0284"",""board_id"":""ed96832b-b6c3-4f88-b0aa-63b65d240722"",""challenge_id"":""""}"
1f76c6bb-6e3b-4f1a-a84d-24891869cca0,2026-05-27T19:09:04.195Z,matching,matching-20260527185224841-f79348,ko-0364,correct,3261,korean,second,"{""selected_id"":""ko-0364"",""board_id"":""ed96832b-b6c3-4f88-b0aa-63b65d240722"",""challenge_id"":""""}"
926ac37e-e819-4af0-bbdc-7eddcd205637,2026-05-27T19:09:07.978Z,matching,matching-20260527185224841-f79348,ko-0233,correct,1411,korean,second,"{""selected_id"":""ko-0233"",""board_id"":""ed96832b-b6c3-4f88-b0aa-63b65d240722"",""challenge_id"":""""}"
dc7a42c5-9e16-4387-abae-88e246955024,2026-05-27T19:09:11.523Z,matching,matching-20260527185224841-f79348,ko-0035,correct,1284,korean,second,"{""selected_id"":""ko-0035"",""board_id"":""e05638bd-bb04-4d7d-a070-4948cf2ac810"",""challenge_id"":""""}"
11c9fc24-c9be-4bf5-b3fc-802338f48578,2026-05-27T19:09:19.551Z,matching,matching-20260527185224841-f79348,ko-0076,correct,5729,korean,second,"{""selected_id"":""ko-0076"",""board_id"":""e05638bd-bb04-4d7d-a070-4948cf2ac810"",""challenge_id"":""""}"
4c717f81-76d4-4941-b5c0-b5bd3e153b95,2026-05-27T19:09:22.487Z,matching,matching-20260527185224841-f79348,ko-0053,correct,1209,korean,second,"{""selected_id"":""ko-0053"",""board_id"":""e05638bd-bb04-4d7d-a070-4948cf2ac810"",""challenge_id"":""""}"
32da13a1-67dd-440e-9f91-f0a698f676ef,2026-05-27T19:09:26.048Z,matching,matching-20260527185224841-f79348,ko-0318,correct,1522,korean,second,"{""selected_id"":""ko-0318"",""board_id"":""74535ae1-858b-41ae-aa4e-b0e1a50f82d0"",""challenge_id"":""""}"
12963b05-5e3a-4752-a3c5-d3790ed1a2fe,2026-05-27T19:09:31.414Z,matching,matching-20260527185224841-f79348,ko-0269,correct,3310,korean,second,"{""selected_id"":""ko-0269"",""board_id"":""74535ae1-858b-41ae-aa4e-b0e1a50f82d0"",""challenge_id"":""""}"
c247bbfc-d7f5-40cd-9abb-9062b757c8d8,2026-05-27T19:09:35.848Z,matching,matching-20260527185224841-f79348,ko-0273,correct,1741,korean,second,"{""selected_id"":""ko-0273"",""board_id"":""74535ae1-858b-41ae-aa4e-b0e1a50f82d0"",""challenge_id"":""""}"
8c9a4bea-af2d-474e-a8ef-0c399dd4d53a,2026-05-27T19:09:40.311Z,matching,matching-20260527185224841-f79348,ko-0356,correct,1228,korean,second,"{""selected_id"":""ko-0356"",""board_id"":""80b0f103-bb04-4cc3-bb3e-9fb5251a0b96"",""challenge_id"":""""}"
28767cdb-1c8a-40ac-afc7-bff1fcda78b8,2026-05-27T19:09:43.976Z,matching,matching-20260527185224841-f79348,ko-0097,correct,1383,korean,second,"{""selected_id"":""ko-0097"",""board_id"":""80b0f103-bb04-4cc3-bb3e-9fb5251a0b96"",""challenge_id"":""""}"
3f7619a4-9f47-4755-81e1-a03c96ca3a61,2026-05-27T19:09:47.662Z,matching,matching-20260527185224841-f79348,ko-0005,correct,1034,korean,second,"{""selected_id"":""ko-0005"",""board_id"":""80b0f103-bb04-4cc3-bb3e-9fb5251a0b96"",""challenge_id"":""""}"
1e4d2185-83de-40af-a310-07284e8af522,2026-05-27T19:09:51.926Z,matching,matching-20260527185224841-f79348,ko-0233,correct,2230,korean,second,"{""selected_id"":""ko-0233"",""board_id"":""e920a792-7377-4100-adfd-9442165a5643"",""challenge_id"":""""}"
ab7b7e1b-1811-4962-8e92-4347a75eccda,2026-05-27T19:10:02.443Z,matching,matching-20260527185224841-f79348,ko-0284,correct,10244,translation,typed_korean,"{""selected_id"":""길"",""board_id"":""e920a792-7377-4100-adfd-9442165a5643"",""challenge_id"":""c2880cd8-e60f-47d3-bab5-4f9933d3b7dc""}"
545d49e6-c3f2-462f-a12f-3d81a8711fa0,2026-05-27T19:10:31.405Z,matching,matching-20260527185224841-f79348,ko-0273,wrong,28629,translation,typed_korean,"{""selected_id"":""박물권"",""board_id"":""e920a792-7377-4100-adfd-9442165a5643"",""challenge_id"":""c2880cd8-e60f-47d3-bab5-4f9933d3b7dc""}"
4d94e9ed-31fb-4f0c-b5d4-d72a882fc985,2026-05-27T19:11:05.974Z,matching,matching-20260527185224841-f79348,ko-0145,correct,16993,translation,typed_korean,"{""selected_id"":""커피"",""board_id"":""e920a792-7377-4100-adfd-9442165a5643"",""challenge_id"":""c2880cd8-e60f-47d3-bab5-4f9933d3b7dc""}"
3475acff-175a-4d84-a838-d21f382b0d0e,2026-05-27T19:11:18.639Z,matching,matching-20260527185224841-f79348,ko-0005,correct,12318,sound,typed_korean,"{""selected_id"":""우리"",""board_id"":""e920a792-7377-4100-adfd-9442165a5643"",""challenge_id"":""c2880cd8-e60f-47d3-bab5-4f9933d3b7dc""}"
edd29ae1-a31a-4c2e-a006-c1ba744e8a96,2026-05-27T19:11:30.352Z,matching,matching-20260527185224841-f79348,ko-0035,correct,11367,sound,typed_korean,"{""selected_id"":""한국"",""board_id"":""e920a792-7377-4100-adfd-9442165a5643"",""challenge_id"":""c2880cd8-e60f-47d3-bab5-4f9933d3b7dc""}"
817e8eed-849a-45d5-9cf8-0b1ac78aa7df,2026-05-27T19:11:38.977Z,matching,matching-20260527185224841-f79348,ko-0076,correct,3314,korean,second,"{""selected_id"":""ko-0076"",""board_id"":""e920a792-7377-4100-adfd-9442165a5643"",""challenge_id"":""""}"
a73dbdfa-ff01-4953-8676-5bb7ec1db3de,2026-05-27T19:11:41.511Z,matching,matching-20260527185224841-f79348,ko-0268,correct,1081,korean,second,"{""selected_id"":""ko-0268"",""board_id"":""e920a792-7377-4100-adfd-9442165a5643"",""challenge_id"":""""}"
c4a18ddc-91e2-4e97-89bb-24b2b6500522,2026-05-27T19:11:45.262Z,matching,matching-20260527185224841-f79348,ko-0392,correct,1514,korean,second,"{""selected_id"":""ko-0392"",""board_id"":""33a853ce-8147-44dd-a98e-3eaf5dcd21e4"",""challenge_id"":""""}"
ac96aabf-d33f-4433-b958-60770c8df421,2026-05-27T19:11:49.228Z,matching,matching-20260527185224841-f79348,ko-0313,correct,1517,korean,second,"{""selected_id"":""ko-0313"",""board_id"":""33a853ce-8147-44dd-a98e-3eaf5dcd21e4"",""challenge_id"":""""}"
79c5ffd5-5f49-4f07-aaee-56cd276548fc,2026-05-27T19:11:53.108Z,matching,matching-20260527185224841-f79348,ko-0097,correct,1806,korean,second,"{""selected_id"":""ko-0097"",""board_id"":""33a853ce-8147-44dd-a98e-3eaf5dcd21e4"",""challenge_id"":""""}"
45be8dd1-0038-4e93-b116-e2a2e5489400,2026-05-27T19:11:56.883Z,matching,matching-20260527185224841-f79348,ko-0273,correct,1373,korean,second,"{""selected_id"":""ko-0273"",""board_id"":""5dab9075-3033-44bb-b918-c6fec6142f11"",""challenge_id"":""""}"
bb1ace10-e797-457a-a016-75b444d4e61c,2026-05-27T19:11:59.440Z,matching,matching-20260527185224841-f79348,ko-0145,correct,293,korean,second,"{""selected_id"":""ko-0145"",""board_id"":""5dab9075-3033-44bb-b918-c6fec6142f11"",""challenge_id"":""""}"
fee9e709-b70a-4e1e-bcf5-deb8ff3fb9f1,2026-05-27T19:12:02.408Z,matching,matching-20260527185224841-f79348,ko-0148,correct,687,korean,second,"{""selected_id"":""ko-0148"",""board_id"":""5dab9075-3033-44bb-b918-c6fec6142f11"",""challenge_id"":""""}"
72436476-ee17-47fc-bb74-f8e49c27fe60,2026-05-27T19:12:05.939Z,matching,matching-20260527185224841-f79348,ko-0053,correct,1129,korean,second,"{""selected_id"":""ko-0053"",""board_id"":""00abad73-509c-471a-b787-6f74782d676a"",""challenge_id"":""""}"
c5883529-249d-46f4-9184-d5421ecc9a34,2026-05-27T19:12:10.237Z,matching,matching-20260527185224841-f79348,ko-0342,correct,2132,korean,second,"{""selected_id"":""ko-0342"",""board_id"":""00abad73-509c-471a-b787-6f74782d676a"",""challenge_id"":""""}"
19b367ca-b16e-4c8e-be2d-cea5ffda1461,2026-05-27T19:12:24.300Z,matching,matching-20260527185224841-f79348,ko-0105,correct,13804,translation,typed_korean,"{""selected_id"":""다섯"",""board_id"":""00abad73-509c-471a-b787-6f74782d676a"",""challenge_id"":""42f8fcdf-aa5a-428b-98d6-73d2192634d5""}"
b84abdc1-b446-4b28-b5a6-de8af113e02e,2026-05-27T19:12:37.050Z,matching,matching-20260527185224841-f79348,ko-0233,wrong,12408,sound,typed_korean,"{""selected_id"":""산믈"",""board_id"":""00abad73-509c-471a-b787-6f74782d676a"",""challenge_id"":""42f8fcdf-aa5a-428b-98d6-73d2192634d5""}"
3cfa50b3-263f-4fa1-a229-f18359711e36,2026-05-27T19:12:52.618Z,matching,matching-20260527185224841-f79348,ko-0097,wrong,8035,sound,typed_korean,"{""selected_id"":""각금"",""board_id"":""00abad73-509c-471a-b787-6f74782d676a"",""challenge_id"":""42f8fcdf-aa5a-428b-98d6-73d2192634d5""}"
41f1392f-b8ed-4644-80bc-4b0ac60ad591,2026-05-27T19:13:07.739Z,matching,matching-20260527185224841-f79348,ko-0145,correct,8033,sound,typed_korean,"{""selected_id"":""커피"",""board_id"":""00abad73-509c-471a-b787-6f74782d676a"",""challenge_id"":""42f8fcdf-aa5a-428b-98d6-73d2192634d5""}"
c7284c20-d220-4efc-9158-0e4c7077ea46,2026-05-27T19:13:19.445Z,matching,matching-20260527185224841-f79348,ko-0154,wrong,11360,sound,typed_korean,"{""selected_id"":""생산"",""board_id"":""00abad73-509c-471a-b787-6f74782d676a"",""challenge_id"":""42f8fcdf-aa5a-428b-98d6-73d2192634d5""}"
20c7f9bd-710d-41f0-b4e3-ccddd338e601,2026-05-27T19:13:30.910Z,matching,matching-20260527185224841-f79348,ko-0154,correct,2462,korean,second,"{""selected_id"":""ko-0154"",""board_id"":""00abad73-509c-471a-b787-6f74782d676a"",""challenge_id"":""""}"
39fb7aee-b5b0-4369-977c-5b783a6bd9a7,2026-05-27T19:13:38.552Z,matching,matching-20260527185224841-f79348,ko-0076,correct,5013,korean,second,"{""selected_id"":""ko-0076"",""board_id"":""454d3d4c-fb81-453e-9ba3-88dd22a2e496"",""challenge_id"":""""}"
a31dac56-0342-4aa1-90c6-6c6a2a95791e,2026-05-27T19:13:45.955Z,matching,matching-20260527185224841-f79348,ko-0313,correct,6127,korean,second,"{""selected_id"":""ko-0313"",""board_id"":""454d3d4c-fb81-453e-9ba3-88dd22a2e496"",""challenge_id"":""""}"
dd571ea2-6181-4807-b9cc-3fe440c13014,2026-05-27T19:13:47.936Z,matching,matching-20260527185224841-f79348,ko-0284,correct,390,korean,second,"{""selected_id"":""ko-0284"",""board_id"":""454d3d4c-fb81-453e-9ba3-88dd22a2e496"",""challenge_id"":""""}"
a56efeaa-6ac8-4c94-857f-1f0170819492,2026-05-27T19:13:51.360Z,matching,matching-20260527185224841-f79348,ko-0269,correct,1036,korean,second,"{""selected_id"":""ko-0269"",""board_id"":""ca7cb4cf-24bf-45c7-a976-d9af0852d544"",""challenge_id"":""""}"
f69394b1-011e-4c8c-a03b-02e9353cd638,2026-05-27T19:13:56.970Z,matching,matching-20260527185224841-f79348,ko-0035,correct,2269,korean,second,"{""selected_id"":""ko-0035"",""board_id"":""ca7cb4cf-24bf-45c7-a976-d9af0852d544"",""challenge_id"":""""}"
5fa99a39-ad40-4a65-92c4-4a8a43b8cb32,2026-05-27T19:13:59.792Z,matching,matching-20260527185224841-f79348,ko-0364,correct,969,korean,second,"{""selected_id"":""ko-0364"",""board_id"":""ca7cb4cf-24bf-45c7-a976-d9af0852d544"",""challenge_id"":""""}"
3952f4c0-1a79-46b1-a074-6564f9202a40,2026-05-27T19:14:03.221Z,matching,matching-20260527185224841-f79348,ko-0273,correct,1193,korean,second,"{""selected_id"":""ko-0273"",""board_id"":""fc56a5c0-9e32-49ed-9785-5461a544c931"",""challenge_id"":""""}"
cb026224-046e-4648-b0c7-f6ffaecc699a,2026-05-27T19:14:05.715Z,matching,matching-20260527185224841-f79348,ko-0005,correct,403,korean,second,"{""selected_id"":""ko-0005"",""board_id"":""fc56a5c0-9e32-49ed-9785-5461a544c931"",""challenge_id"":""""}"
60cac954-fcf6-4fad-9935-91aa39e3db84,2026-05-27T19:14:09.332Z,matching,matching-20260527185224841-f79348,ko-0148,correct,689,korean,second,"{""selected_id"":""ko-0148"",""board_id"":""fc56a5c0-9e32-49ed-9785-5461a544c931"",""challenge_id"":""""}"
c495b5d7-596d-4dd4-9971-7cd4a5295cee,2026-05-27T19:14:12.099Z,matching,matching-20260527185224841-f79348,ko-0268,correct,338,second,korean,"{""selected_id"":""ko-0268"",""board_id"":""dc83f15a-0a1e-4e08-acb5-c8d28ca72621"",""challenge_id"":""""}"
a860e84d-a948-4b4c-abb7-84118d08a121,2026-05-27T19:14:14.581Z,matching,matching-20260527185224841-f79348,ko-0318,correct,584,second,korean,"{""selected_id"":""ko-0318"",""board_id"":""dc83f15a-0a1e-4e08-acb5-c8d28ca72621"",""challenge_id"":""""}"
6f4a31ce-5be2-479a-a410-c369a0aeb2fa,2026-05-27T19:14:17.517Z,matching,matching-20260527185224841-f79348,ko-0105,correct,1998,second,korean,"{""selected_id"":""ko-0105"",""board_id"":""dc83f15a-0a1e-4e08-acb5-c8d28ca72621"",""challenge_id"":""""}"
5ff81555-4ea8-4ccb-9fac-7195f682bb0b,2026-05-27T19:14:20.517Z,matching,matching-20260527185224841-f79348,ko-0342,correct,1155,second,korean,"{""selected_id"":""ko-0342"",""board_id"":""a7438f77-14a2-41e3-9bdd-029540ce6f44"",""challenge_id"":""""}"
eba6e326-efad-4b1a-9eb6-06b2fac4aa73,2026-05-27T19:14:23.446Z,matching,matching-20260527185224841-f79348,ko-0053,correct,1500,second,korean,"{""selected_id"":""ko-0053"",""board_id"":""a7438f77-14a2-41e3-9bdd-029540ce6f44"",""challenge_id"":""""}"
a65b2497-3245-4c62-a38d-ea412bb4d730,2026-05-27T19:14:26.792Z,matching,matching-20260527185224841-f79348,ko-0356,correct,1377,second,korean,"{""selected_id"":""ko-0356"",""board_id"":""a7438f77-14a2-41e3-9bdd-029540ce6f44"",""challenge_id"":""""}"
926aeadd-4bf1-4169-b49a-f760cb8447a8,2026-05-27T19:14:30.870Z,matching,matching-20260527185224841-f79348,ko-0035,correct,2948,second,korean,"{""selected_id"":""ko-0035"",""board_id"":""e25ca2ea-4269-4e09-ad2c-942b68b0a931"",""challenge_id"":""""}"
cf28f403-c1c1-45d5-8bcd-5db893f5464c,2026-05-27T19:14:33.988Z,matching,matching-20260527185224841-f79348,ko-0097,correct,871,second,korean,"{""selected_id"":""ko-0097"",""board_id"":""e25ca2ea-4269-4e09-ad2c-942b68b0a931"",""challenge_id"":""""}"
cc6f3bd9-075f-4c04-b33c-2064c790e992,2026-05-27T19:14:37.842Z,matching,matching-20260527185224841-f79348,ko-0269,wrong,408,korean,second,"{""selected_id"":""ko-0342"",""board_id"":""e25ca2ea-4269-4e09-ad2c-942b68b0a931"",""challenge_id"":""""}"
dc1eef25-c358-4aca-bf38-d400b65859ca,2026-05-27T19:14:43.850Z,matching,matching-20260527185224841-f79348,ko-0318,correct,2516,korean,second,"{""selected_id"":""ko-0318"",""board_id"":""721b60f8-893c-4e63-a6c0-78f8e8365311"",""challenge_id"":""""}"
51447cf2-f3c7-4d97-8d3f-45af3f79b8bd,2026-05-27T19:14:45.933Z,matching,matching-20260527185224841-f79348,ko-0268,correct,227,korean,second,"{""selected_id"":""ko-0268"",""board_id"":""721b60f8-893c-4e63-a6c0-78f8e8365311"",""challenge_id"":""""}"
3aa85553-6890-4c8b-a697-67e1be56fa82,2026-05-27T19:14:48.645Z,matching,matching-20260527185224841-f79348,ko-0392,correct,220,korean,second,"{""selected_id"":""ko-0392"",""board_id"":""721b60f8-893c-4e63-a6c0-78f8e8365311"",""challenge_id"":""""}"
afd9d5c0-9474-4cd5-a16c-2626e58ceca8,2026-05-27T19:14:51.923Z,matching,matching-20260527185224841-f79348,ko-0148,correct,275,korean,second,"{""selected_id"":""ko-0148"",""board_id"":""369dc528-c3ea-4f5e-a723-d6113d5b06f8"",""challenge_id"":""""}"
3859284e-ddbb-4fd1-9c89-d26eb23a55ff,2026-05-27T19:14:54.383Z,matching,matching-20260527185224841-f79348,ko-0342,correct,209,korean,second,"{""selected_id"":""ko-0342"",""board_id"":""369dc528-c3ea-4f5e-a723-d6113d5b06f8"",""challenge_id"":""""}"
a6b24a01-a5bc-4590-ad77-ebd8cc8e150e,2026-05-27T19:14:57.731Z,matching,matching-20260527185224841-f79348,ko-0269,correct,1518,korean,second,"{""selected_id"":""ko-0269"",""board_id"":""369dc528-c3ea-4f5e-a723-d6113d5b06f8"",""challenge_id"":""""}"
93905718-db50-4239-9d29-ae8cb557285f,2026-05-27T19:15:00.713Z,matching,matching-20260527185224841-f79348,ko-0053,correct,164,korean,second,"{""selected_id"":""ko-0053"",""board_id"":""0e7c2703-59e6-483d-85a2-4bedc39eb3c8"",""challenge_id"":""""}"
cc5cd1b7-8d1f-4ad5-a2dd-161e2041fc6a,2026-05-27T19:15:05.260Z,matching,matching-20260527185224841-f79348,ko-0284,correct,2197,korean,second,"{""selected_id"":""ko-0284"",""board_id"":""0e7c2703-59e6-483d-85a2-4bedc39eb3c8"",""challenge_id"":""""}"
eb118ddc-1d7d-487f-ae15-9f4752d50c72,2026-05-27T19:15:07.627Z,matching,matching-20260527185224841-f79348,ko-0145,correct,644,korean,second,"{""selected_id"":""ko-0145"",""board_id"":""0e7c2703-59e6-483d-85a2-4bedc39eb3c8"",""challenge_id"":""""}"
8eee3a28-15df-46a9-8d8b-3cdccd8ad27a,2026-05-27T19:15:22.904Z,matching,matching-20260527185224841-f79348,ko-0356,wrong,15013,sound,typed_korean,"{""selected_id"":""파더"",""board_id"":""c1534221-ae6b-4ce3-bc1a-8c09a0580ea6"",""challenge_id"":""7b95dd5d-5393-44f4-a4bd-c45a295b07a6""}"
295bfca4-a088-4bba-9ddc-ab69ce2da020,2026-05-27T19:15:34.793Z,matching,matching-20260527185224841-f79348,ko-0035,correct,6023,translation,typed_korean,"{""selected_id"":""한국"",""board_id"":""c1534221-ae6b-4ce3-bc1a-8c09a0580ea6"",""challenge_id"":""7b95dd5d-5393-44f4-a4bd-c45a295b07a6""}"
4897204c-dbd3-4ec5-885c-a4b9104c82e2,2026-05-27T19:15:42.836Z,matching,matching-20260527185224841-f79348,ko-0105,correct,7704,sound,typed_korean,"{""selected_id"":""다섯"",""board_id"":""c1534221-ae6b-4ce3-bc1a-8c09a0580ea6"",""challenge_id"":""7b95dd5d-5393-44f4-a4bd-c45a295b07a6""}"
6975a95d-af12-43f5-932e-40df1d1dd669,2026-05-27T19:15:52.688Z,matching,matching-20260527185224841-f79348,ko-0268,wrong,9507,sound,typed_korean,"{""selected_id"":""가개"",""board_id"":""c1534221-ae6b-4ce3-bc1a-8c09a0580ea6"",""challenge_id"":""7b95dd5d-5393-44f4-a4bd-c45a295b07a6""}"
72e12eae-c45d-41a1-bd72-3b790b191eca,2026-05-27T19:16:14.522Z,matching,matching-20260527185224841-f79348,ko-0154,correct,15767,sound,typed_korean,"{""selected_id"":""생선"",""board_id"":""c1534221-ae6b-4ce3-bc1a-8c09a0580ea6"",""challenge_id"":""7b95dd5d-5393-44f4-a4bd-c45a295b07a6""}"
af89fe16-57b8-4bae-9416-c272bddbc6ca,2026-05-27T19:16:22.779Z,matching,matching-20260527185224841-f79348,ko-0313,correct,5761,korean,second,"{""selected_id"":""ko-0313"",""board_id"":""c1534221-ae6b-4ce3-bc1a-8c09a0580ea6"",""challenge_id"":""""}"
680e898d-ccee-452a-8c63-bdb5eaa0e775,2026-05-27T19:16:25.821Z,matching,matching-20260527185224841-f79348,ko-0392,correct,1308,korean,second,"{""selected_id"":""ko-0392"",""board_id"":""c1534221-ae6b-4ce3-bc1a-8c09a0580ea6"",""challenge_id"":""""}"
4ff6c4ac-2587-4451-a85c-525356f15de3,2026-05-27T19:16:28.923Z,matching,matching-20260527185224841-f79348,ko-0273,correct,1218,korean,second,"{""selected_id"":""ko-0273"",""board_id"":""c1534221-ae6b-4ce3-bc1a-8c09a0580ea6"",""challenge_id"":""""}"
237c8854-209d-4c94-9110-b01c2d34ca07,2026-05-27T19:16:31.578Z,matching,matching-20260527185224841-f79348,ko-0005,correct,328,korean,second,"{""selected_id"":""ko-0005"",""board_id"":""eb2e7ba6-b996-441d-a93c-ff038ea928e8"",""challenge_id"":""""}"
5216d418-f113-4e98-800a-afe1901e7103,2026-05-27T19:16:34.169Z,matching,matching-20260527185224841-f79348,ko-0035,correct,531,korean,second,"{""selected_id"":""ko-0035"",""board_id"":""eb2e7ba6-b996-441d-a93c-ff038ea928e8"",""challenge_id"":""""}"
52d967df-11dd-4e8e-b3c8-b59a8b7f861d,2026-05-27T19:16:36.381Z,matching,matching-20260527185224841-f79348,ko-0356,correct,326,korean,second,"{""selected_id"":""ko-0356"",""board_id"":""eb2e7ba6-b996-441d-a93c-ff038ea928e8"",""challenge_id"":""""}"
6cc3c487-71ae-4dde-b19a-4779e3b2829d,2026-05-27T19:16:39.889Z,matching,matching-20260527185224841-f79348,ko-0318,correct,1218,korean,second,"{""selected_id"":""ko-0318"",""board_id"":""e2da3742-b495-42a7-9448-cace540f91bb"",""challenge_id"":""""}"
cc92a75c-35cf-46cc-9e68-7288b473b9c0,2026-05-27T19:16:45.112Z,matching,matching-20260527185224841-f79348,ko-0076,correct,3519,korean,second,"{""selected_id"":""ko-0076"",""board_id"":""e2da3742-b495-42a7-9448-cace540f91bb"",""challenge_id"":""""}"
58a674bb-62a3-4b3b-899e-9dcd5fe7f95e,2026-05-27T19:16:48.508Z,matching,matching-20260527185224841-f79348,ko-0233,wrong,1987,korean,second,"{""selected_id"":""ko-0145"",""board_id"":""e2da3742-b495-42a7-9448-cace540f91bb"",""challenge_id"":""""}"
121fff0d-0b7e-44e4-8184-4a4ac80876e4,2026-05-27T19:17:01.376Z,matching,matching-20260527185224841-f79348,ko-0313,correct,9418,korean,second,"{""selected_id"":""ko-0313"",""board_id"":""7d5aa7ef-6864-4741-850c-ef9343e76cbd"",""challenge_id"":""""}"
673315b8-1265-4a61-a0e0-428fecba6094,2026-05-27T19:17:06.063Z,matching,matching-20260527185224841-f79348,ko-0364,correct,2316,korean,second,"{""selected_id"":""ko-0364"",""board_id"":""7d5aa7ef-6864-4741-850c-ef9343e76cbd"",""challenge_id"":""""}"
a65e7c00-abd1-4442-a492-e497368fc9e5,2026-05-27T19:17:08.952Z,matching,matching-20260527185224841-f79348,ko-0273,correct,1576,korean,second,"{""selected_id"":""ko-0273"",""board_id"":""7d5aa7ef-6864-4741-850c-ef9343e76cbd"",""challenge_id"":""""}"
82075c73-0cfe-4845-9f82-d9b5b2d9efac,2026-05-27T19:17:11.410Z,matching,matching-20260527185224841-f79348,ko-0145,correct,2002,korean,second,"{""selected_id"":""ko-0145"",""board_id"":""1a216113-5d14-45b5-b382-c9ecb2e27c20"",""challenge_id"":""""}"
dcb48818-c55a-4fa9-801a-be2c3eab7840,2026-05-27T19:17:14.162Z,matching,matching-20260527185224841-f79348,ko-0318,correct,2159,korean,second,"{""selected_id"":""ko-0318"",""board_id"":""1a216113-5d14-45b5-b382-c9ecb2e27c20"",""challenge_id"":""""}"
ae211365-564e-4f08-9b27-6759dc7523c1,2026-05-27T19:17:16.124Z,matching,matching-20260527185224841-f79348,ko-0284,correct,1093,korean,second,"{""selected_id"":""ko-0284"",""board_id"":""1a216113-5d14-45b5-b382-c9ecb2e27c20"",""challenge_id"":""""}"
a6b80b41-3581-44ef-a346-6586bc5f6bb8,2026-05-27T19:17:17.876Z,matching,matching-20260527185224841-f79348,ko-0035,correct,972,korean,second,"{""selected_id"":""ko-0035"",""board_id"":""a2f7d22c-b0b4-441a-9b4a-8fbc98127b2d"",""challenge_id"":""""}"
3f9ea0ae-495a-48dd-b986-605e0da3a600,2026-05-27T19:17:19.514Z,matching,matching-20260527185224841-f79348,ko-0053,correct,498,korean,second,"{""selected_id"":""ko-0053"",""board_id"":""a2f7d22c-b0b4-441a-9b4a-8fbc98127b2d"",""challenge_id"":""""}"
6869f74f-e5a7-4ec7-b3ed-e8c4a20bf558,2026-05-27T19:17:23.322Z,matching,matching-20260527185224841-f79348,ko-0233,correct,2802,korean,second,"{""selected_id"":""ko-0233"",""board_id"":""a2f7d22c-b0b4-441a-9b4a-8fbc98127b2d"",""challenge_id"":""""}"
a1a3c7e1-1804-4327-9584-aaed019192f6,2026-05-27T19:17:26.644Z,matching,matching-20260527185224841-f79348,ko-0154,correct,901,korean,second,"{""selected_id"":""ko-0154"",""board_id"":""6f143e9d-f2b9-456c-9047-be3265a45ac6"",""challenge_id"":""""}"
219c1ca1-131e-49e7-a2c1-7ca85e447490,2026-05-27T19:17:29.701Z,matching,matching-20260527185224841-f79348,ko-0097,correct,1947,korean,second,"{""selected_id"":""ko-0097"",""board_id"":""6f143e9d-f2b9-456c-9047-be3265a45ac6"",""challenge_id"":""""}"
cdd98315-239c-4968-ac9f-bd7daf1c92ad,2026-05-27T19:17:32.270Z,matching,matching-20260527185224841-f79348,ko-0364,correct,1418,korean,second,"{""selected_id"":""ko-0364"",""board_id"":""6f143e9d-f2b9-456c-9047-be3265a45ac6"",""challenge_id"":""""}"
fa52a106-4106-417f-8948-6902a57cfdc2,2026-05-27T19:17:33.998Z,matching,matching-20260527185224841-f79348,ko-0145,correct,1030,korean,second,"{""selected_id"":""ko-0145"",""board_id"":""f9fcfaa4-ba35-420d-8e51-869a82aac5ad"",""challenge_id"":""""}"
39e7be7b-0f59-4eb0-9420-68f81240643d,2026-05-27T19:17:35.118Z,matching,matching-20260527185224841-f79348,ko-0148,correct,337,korean,second,"{""selected_id"":""ko-0148"",""board_id"":""f9fcfaa4-ba35-420d-8e51-869a82aac5ad"",""challenge_id"":""""}"
04d96328-ffaa-4193-aeae-acf4f919bd65,2026-05-27T19:19:18.717Z,matching,matching-20260527185224841-f79348,ko-0306,correct,2743,korean,second,"{""selected_id"":""ko-0306"",""board_id"":""f9fcfaa4-ba35-420d-8e51-869a82aac5ad"",""challenge_id"":""""}"
97ba8e15-9a2f-43cb-9e19-d83009f0c719,2026-05-27T19:19:30.324Z,matching,matching-20260527185224841-f79348,ko-0430,wrong,9990,korean,second,"{""selected_id"":""ko-0455"",""board_id"":""f9fcfaa4-ba35-420d-8e51-869a82aac5ad"",""challenge_id"":""""}"
a83c3166-2634-4be0-9853-01e06056896e,2026-05-27T19:19:40.010Z,matching,matching-20260527185224841-f79348,ko-0455,wrong,5037,korean,second,"{""selected_id"":""ko-0464"",""board_id"":""f9fcfaa4-ba35-420d-8e51-869a82aac5ad"",""challenge_id"":""""}"
0d249cd2-edb9-4e70-94ab-8a3cd85e3e85,2026-05-27T19:19:50.525Z,matching,matching-20260527185224841-f79348,ko-0116,correct,6453,korean,second,"{""selected_id"":""ko-0116"",""board_id"":""3b357120-b44c-41f0-81a2-03b1b36da171"",""challenge_id"":""""}"
05bf48ad-cebb-41b5-92e6-c288bab9217f,2026-05-27T19:20:01.072Z,matching,matching-20260527185224841-f79348,ko-0338,wrong,8468,korean,second,"{""selected_id"":""ko-0416"",""board_id"":""3b357120-b44c-41f0-81a2-03b1b36da171"",""challenge_id"":""""}"
5d3b1f9a-8389-40c0-95ef-a0a398537322,2026-05-27T19:20:10.632Z,matching,matching-20260527185224841-f79348,ko-0318,correct,3298,korean,second,"{""selected_id"":""ko-0318"",""board_id"":""3b357120-b44c-41f0-81a2-03b1b36da171"",""challenge_id"":""""}"
c831de1a-efe5-4170-bae1-e17e12bd700c,2026-05-27T19:20:14.096Z,matching,matching-20260527185224841-f79348,ko-0390,correct,1193,korean,second,"{""selected_id"":""ko-0390"",""board_id"":""8cfda056-4371-4f61-8810-eb36f46f0c9e"",""challenge_id"":""""}"
8eeb9596-84c1-4c6b-b40a-13e10ba96041,2026-05-27T19:20:22.043Z,matching,matching-20260527185224841-f79348,ko-0464,correct,5814,korean,second,"{""selected_id"":""ko-0464"",""board_id"":""8cfda056-4371-4f61-8810-eb36f46f0c9e"",""challenge_id"":""""}"
74cc8d02-3e89-40a7-8abe-9f47a1f3cb1b,2026-05-27T19:20:27.809Z,matching,matching-20260527185224841-f79348,ko-0409,wrong,3720,korean,second,"{""selected_id"":""ko-0465"",""board_id"":""8cfda056-4371-4f61-8810-eb36f46f0c9e"",""challenge_id"":""""}"
